ccode,iso3c,Countryname,year,session,NVotesFP,IdealPointFP,Q5%FP,Q10%FP,Q50%FP,Q90%FP,Q95%FP,group
700,AFG,Afghanistan,1991,46,67,-0.8392216,-1.271211,-1.146594,-0.8311474,-0.5425623,-0.4720626,South & East Asia
700,AFG,Afghanistan,1992,47,73,-0.4204759,-0.7024416,-0.6406226,-0.4149268,-0.2118076,-0.1568749,South & East Asia
700,AFG,Afghanistan,1993,48,59,-0.7374577,-1.081964,-0.9986976,-0.7273274,-0.4931192,-0.4165266,South & East Asia
700,AFG,Afghanistan,1994,49,62,-1.085615,-1.477181,-1.380477,-1.081909,-0.7995776,-0.7133646,South & East Asia
700,AFG,Afghanistan,1995,50,58,-0.6738695,-1.013964,-0.9375685,-0.665847,-0.4275196,-0.3534155,South & East Asia
700,AFG,Afghanistan,1996,51,59,-1.090597,-1.446791,-1.372615,-1.09075,-0.8143047,-0.7492229,South & East Asia
700,AFG,Afghanistan,1997,52,62,-0.7044862,-1.058922,-0.9627544,-0.7086541,-0.4382455,-0.3591178,South & East Asia
700,AFG,Afghanistan,1998,53,41,-0.8092578,-1.267448,-1.148166,-0.7967052,-0.4872815,-0.4105443,South & East Asia
700,AFG,Afghanistan,1999,54,26,-0.9036028,-1.287075,-1.217103,-0.902679,-0.6133931,-0.5177879,South & East Asia
700,AFG,Afghanistan,2000,55,31,-0.5697134,-1.033168,-0.9236404,-0.5574248,-0.2491725,-0.1449416,South & East Asia
700,AFG,Afghanistan,2001,56,42,-0.8613602,-1.253872,-1.163599,-0.8421568,-0.5751024,-0.4916567,South & East Asia
700,AFG,Afghanistan,2002,57,39,-0.6197307,-1.056572,-0.9530939,-0.6046892,-0.3211108,-0.242804,South & East Asia
700,AFG,Afghanistan,2003,58,59,-0.7567173,-1.178766,-1.077291,-0.7428711,-0.4722363,-0.3981015,South & East Asia
700,AFG,Afghanistan,2004,59,58,-0.6809436,-1.111679,-1.0071,-0.6567876,-0.3894085,-0.3134478,South & East Asia
700,AFG,Afghanistan,2005,60,68,-0.7454357,-1.064853,-0.9835492,-0.7408729,-0.5137715,-0.4595632,South & East Asia
700,AFG,Afghanistan,2006,61,78,-0.4253286,-0.6810414,-0.610091,-0.4150923,-0.2549335,-0.202014,South & East Asia
700,AFG,Afghanistan,2007,62,77,-0.4677667,-0.7450407,-0.679198,-0.4604389,-0.2745764,-0.2281333,South & East Asia
700,AFG,Afghanistan,2008,63,73,-0.5388888,-0.8085466,-0.7261918,-0.5353878,-0.3361977,-0.2950038,South & East Asia
700,AFG,Afghanistan,2009,64,63,-0.6521137,-0.9456595,-0.8752159,-0.6453634,-0.4381726,-0.3869884,South & East Asia
700,AFG,Afghanistan,2010,65,69,-0.6243523,-0.9087829,-0.8396024,-0.620361,-0.403656,-0.3549453,South & East Asia
700,AFG,Afghanistan,2011,66,66,-0.5953056,-0.8640117,-0.8064963,-0.5908648,-0.3884862,-0.3405815,South & East Asia
700,AFG,Afghanistan,2012,67,71,-0.6647953,-0.9498493,-0.8936819,-0.6488634,-0.4478631,-0.3974744,South & East Asia
700,AFG,Afghanistan,2013,68,61,-0.7113324,-1.015138,-0.9510439,-0.7042218,-0.4889069,-0.4243095,South & East Asia
700,AFG,Afghanistan,2014,69,75,-0.8042839,-1.106321,-1.039692,-0.8042924,-0.5723259,-0.5033449,South & East Asia
700,AFG,Afghanistan,2015,70,73,-0.7587476,-1.101995,-1.014865,-0.7493538,-0.5142028,-0.4543979,South & East Asia
700,AFG,Afghanistan,2016,71,73,-0.8245068,-1.213934,-1.137934,-0.8083474,-0.5388517,-0.471728,South & East Asia
700,AFG,Afghanistan,2017,72,85,-0.7558201,-1.112339,-1.025499,-0.746805,-0.4855898,-0.4179446,South & East Asia
700,AFG,Afghanistan,2018,73,95,-0.7193307,-0.997405,-0.9455359,-0.708268,-0.5015741,-0.4502263,South & East Asia
700,AFG,Afghanistan,2019,74,91,-0.4797079,-0.7579098,-0.6781286,-0.4678503,-0.2965622,-0.2501685,South & East Asia
700,AFG,Afghanistan,2020,75,89,-0.5363238,-0.8273495,-0.763547,-0.5172005,-0.330566,-0.277777,South & East Asia
700,AFG,Afghanistan,2021,76,72,-0.6024121,-0.9158783,-0.8312866,-0.5980621,-0.3739317,-0.3172074,South & East Asia
700,AFG,Afghanistan,2022,77,66,-0.2061687,-0.4099325,-0.3623796,-0.1985687,-0.05376192,-0.02001145,South & East Asia
700,AFG,Afghanistan,2023,78,47,-0.3762684,-0.6671018,-0.5977634,-0.3755508,-0.1436532,-0.08482528,South & East Asia
339,ALB,Albania,1991,46,71,1.017759,0.8756566,0.9077328,1.015453,1.132306,1.168547,Other
339,ALB,Albania,1992,47,39,0.993631,0.7838024,0.8380958,0.9916264,1.15583,1.201107,Other
339,ALB,Albania,1993,48,38,0.9560804,0.7446908,0.80448,0.9540673,1.118672,1.161913,Other
339,ALB,Albania,1994,49,58,1.080001,0.8275328,0.8853205,1.073199,1.273609,1.331592,Other
339,ALB,Albania,1995,50,60,1.010913,0.7840479,0.8315018,1.007564,1.199583,1.247428,Other
339,ALB,Albania,1996,51,67,1.22685,1.00164,1.050105,1.22485,1.40444,1.45538,Other
339,ALB,Albania,1997,52,62,1.1148,0.9082899,0.946317,1.104321,1.284364,1.341436,Other
339,ALB,Albania,1998,53,53,1.142323,0.9116241,0.9609576,1.141564,1.327161,1.385497,Other
339,ALB,Albania,1999,54,54,1.011421,0.7912217,0.8299667,1.014668,1.182218,1.243683,Other
339,ALB,Albania,2000,55,37,1.346464,1.026285,1.096987,1.339047,1.590125,1.673179,Other
339,ALB,Albania,2001,56,42,1.353966,1.047677,1.121612,1.348879,1.593597,1.656949,Other
339,ALB,Albania,2002,57,68,1.08059,0.8857842,0.9255884,1.074973,1.242854,1.289715,Other
339,ALB,Albania,2003,58,76,1.181715,0.9883087,1.029069,1.185482,1.321214,1.361702,Other
339,ALB,Albania,2004,59,63,1.176024,0.9797718,1.021243,1.173826,1.341051,1.380702,Other
339,ALB,Albania,2005,60,69,1.447203,1.260805,1.301039,1.444626,1.599714,1.635574,Other
339,ALB,Albania,2006,61,88,1.059803,0.872405,0.9133676,1.060804,1.200855,1.242168,Other
339,ALB,Albania,2007,62,69,0.9701561,0.7782487,0.8176388,0.9704615,1.124071,1.155909,Other
339,ALB,Albania,2008,63,76,0.9113067,0.7284751,0.7602552,0.9119309,1.06742,1.104127,Other
339,ALB,Albania,2009,64,66,0.8069246,0.6436238,0.6748739,0.8035295,0.9386861,0.9740221,Other
339,ALB,Albania,2010,65,72,0.8944803,0.7235858,0.7654914,0.8932794,1.032191,1.074325,Other
339,ALB,Albania,2011,66,68,0.9681877,0.765648,0.8153629,0.9671002,1.123675,1.184794,Other
339,ALB,Albania,2012,67,74,0.9242154,0.7350377,0.7758687,0.9215625,1.080435,1.120514,Other
339,ALB,Albania,2013,68,63,0.909857,0.7140991,0.7574005,0.9027992,1.068186,1.109628,Other
339,ALB,Albania,2014,69,77,0.8830557,0.7065177,0.7458224,0.8814125,1.022361,1.05597,Other
339,ALB,Albania,2015,70,75,0.8853099,0.7124752,0.7504249,0.8847853,1.020539,1.061135,Other
339,ALB,Albania,2016,71,79,0.9469642,0.7758866,0.8156597,0.9462071,1.07801,1.116298,Other
339,ALB,Albania,2017,72,93,0.9882727,0.8133213,0.8513091,0.9868778,1.123898,1.165212,Other
339,ALB,Albania,2018,73,108,0.9816496,0.8265149,0.8590789,0.979035,1.098429,1.139679,Other
339,ALB,Albania,2019,74,99,1.024176,0.8737658,0.9028618,1.022007,1.145825,1.173605,Other
339,ALB,Albania,2020,75,97,1.024434,0.8557122,0.8924362,1.026259,1.15129,1.185228,Other
339,ALB,Albania,2021,76,86,1.010477,0.8552648,0.8864103,1.006846,1.137915,1.178239,Other
339,ALB,Albania,2022,77,88,1.094409,0.9209255,0.9557357,1.093275,1.231266,1.270532,Other
339,ALB,Albania,2023,78,88,1.054591,0.8910739,0.9213065,1.05164,1.187526,1.226085,Other
339,ALB,Albania,2024,79,108,1.122264,0.953963,0.9994263,1.120303,1.255505,1.291716,Other
615,DZA,Algeria,1991,46,73,-1.061118,-1.474067,-1.381942,-1.057307,-0.7290902,-0.6509199,MENA
615,DZA,Algeria,1992,47,75,-0.7439443,-1.087694,-1.01852,-0.7414777,-0.47642,-0.3987548,MENA
615,DZA,Algeria,1993,48,65,-0.7056415,-1.059324,-0.9505273,-0.7037039,-0.4466406,-0.381036,MENA
615,DZA,Algeria,1994,49,68,-0.9044966,-1.257879,-1.180283,-0.8976811,-0.626076,-0.5523981,MENA
615,DZA,Algeria,1995,50,67,-0.8728161,-1.226771,-1.145043,-0.8628439,-0.6165591,-0.5556207,MENA
615,DZA,Algeria,1996,51,74,-0.9323801,-1.268534,-1.189671,-0.9357326,-0.6656595,-0.6063899,MENA
615,DZA,Algeria,1997,52,73,-0.819224,-1.143743,-1.072513,-0.8208731,-0.5610234,-0.4893001,MENA
615,DZA,Algeria,1998,53,63,-0.7056152,-1.084307,-0.9990437,-0.6889807,-0.4439565,-0.3824169,MENA
615,DZA,Algeria,1999,54,70,-0.8397971,-1.1779,-1.104129,-0.8367982,-0.578505,-0.5081618,MENA
615,DZA,Algeria,2000,55,68,-1.128219,-1.533789,-1.447221,-1.117122,-0.8307172,-0.7415298,MENA
615,DZA,Algeria,2001,56,69,-1.142022,-1.5364,-1.440045,-1.134364,-0.855657,-0.767817,MENA
615,DZA,Algeria,2002,57,76,-1.110386,-1.502457,-1.416454,-1.102451,-0.8114768,-0.744302,MENA
615,DZA,Algeria,2003,58,78,-1.040462,-1.424008,-1.333586,-1.037186,-0.7407328,-0.6876583,MENA
615,DZA,Algeria,2004,59,71,-1.000703,-1.391641,-1.309289,-0.9886266,-0.7126031,-0.6470056,MENA
615,DZA,Algeria,2005,60,75,-0.8042855,-1.110355,-1.029118,-0.8015548,-0.5806257,-0.5167137,MENA
615,DZA,Algeria,2006,61,88,-1.202673,-1.57484,-1.487776,-1.203046,-0.9141536,-0.8303019,MENA
615,DZA,Algeria,2007,62,79,-1.198201,-1.57809,-1.480407,-1.193212,-0.9134231,-0.8337161,MENA
615,DZA,Algeria,2008,63,76,-1.122667,-1.438749,-1.367948,-1.114773,-0.8749665,-0.7963474,MENA
615,DZA,Algeria,2009,64,66,-1.270647,-1.634122,-1.55812,-1.259595,-1.014067,-0.9542584,MENA
615,DZA,Algeria,2010,65,71,-1.197312,-1.550359,-1.485418,-1.201182,-0.9147023,-0.8438441,MENA
615,DZA,Algeria,2011,66,69,-1.246431,-1.562043,-1.484981,-1.24327,-1.016449,-0.9516539,MENA
615,DZA,Algeria,2012,67,73,-0.9212242,-1.230649,-1.157676,-0.9157907,-0.6918489,-0.6341558,MENA
615,DZA,Algeria,2013,68,64,-0.9753221,-1.269805,-1.205209,-0.9788453,-0.7313486,-0.6600501,MENA
615,DZA,Algeria,2014,69,77,-0.9006199,-1.194447,-1.124186,-0.9006571,-0.6785987,-0.59786,MENA
615,DZA,Algeria,2015,70,77,-1.187804,-1.57415,-1.482893,-1.182638,-0.8939596,-0.8258071,MENA
615,DZA,Algeria,2016,71,80,-1.283938,-1.631419,-1.565298,-1.281255,-1.012926,-0.9443494,MENA
615,DZA,Algeria,2017,72,93,-0.9451565,-1.279761,-1.218464,-0.9494958,-0.6833787,-0.6174785,MENA
615,DZA,Algeria,2018,73,109,-0.8356503,-1.087488,-1.027984,-0.8355459,-0.6395481,-0.5857018,MENA
615,DZA,Algeria,2019,74,100,-0.7983125,-1.077325,-1.000959,-0.793412,-0.597367,-0.5414343,MENA
615,DZA,Algeria,2020,75,97,-0.9003342,-1.184516,-1.122853,-0.8992832,-0.6838835,-0.6249941,MENA
615,DZA,Algeria,2021,76,86,-0.9103082,-1.179414,-1.123166,-0.9031127,-0.700109,-0.6384599,MENA
615,DZA,Algeria,2022,77,88,-0.9992939,-1.1933,-1.145318,-1.003667,-0.8499412,-0.8095736,MENA
615,DZA,Algeria,2023,78,88,-0.9047317,-1.103814,-1.062988,-0.8988016,-0.7603077,-0.7117574,MENA
615,DZA,Algeria,2024,79,108,-0.927744,-1.11683,-1.068853,-0.9299789,-0.7783784,-0.7371852,MENA
232,AND,Andorra,1993,48,24,1.556522,1.241619,1.313831,1.548168,1.810675,1.885015,Other
232,AND,Andorra,1994,49,56,1.248019,1.013304,1.057194,1.241881,1.447123,1.515625,Other
232,AND,Andorra,1995,50,54,1.230743,0.9793262,1.033337,1.232957,1.425877,1.482427,Other
232,AND,Andorra,1996,51,71,1.327185,1.094431,1.149599,1.324432,1.507776,1.57377,Other
232,AND,Andorra,1997,52,73,1.355537,1.123692,1.173685,1.352539,1.530961,1.580034,Other
232,AND,Andorra,1998,53,62,1.119483,0.9045827,0.947524,1.119471,1.288783,1.336795,Other
232,AND,Andorra,1999,54,70,1.07636,0.8617307,0.91461,1.073922,1.248417,1.289645,Other
232,AND,Andorra,2000,55,68,1.019271,0.7977851,0.849138,1.025025,1.192762,1.232535,Other
232,AND,Andorra,2001,56,69,1.023464,0.8091635,0.8618534,1.022671,1.181547,1.23035,Other
232,AND,Andorra,2002,57,76,0.8923652,0.7103641,0.7508201,0.8863478,1.051569,1.096349,Other
232,AND,Andorra,2003,58,78,0.8580463,0.6926995,0.7222985,0.8586499,0.9977567,1.029065,Other
232,AND,Andorra,2004,59,71,0.8676192,0.680806,0.7223864,0.8668501,1.010557,1.053587,Other
232,AND,Andorra,2005,60,75,0.8291631,0.6396545,0.6793377,0.830781,0.973577,1.026257,Other
232,AND,Andorra,2006,61,88,0.9082053,0.7311884,0.7663636,0.9086753,1.048799,1.090437,Other
232,AND,Andorra,2007,62,79,0.9118531,0.7214807,0.7637899,0.909645,1.057163,1.109979,Other
232,AND,Andorra,2008,63,72,0.864617,0.6855645,0.7138873,0.8612962,1.015636,1.060139,Other
232,AND,Andorra,2009,64,66,0.8700001,0.6902982,0.7315534,0.8655285,1.013072,1.052072,Other
232,AND,Andorra,2010,65,72,0.8406698,0.6682072,0.7105592,0.8350041,0.9836859,1.01784,Other
232,AND,Andorra,2011,66,68,0.8311742,0.6415712,0.6799521,0.8293102,0.9936371,1.034112,Other
232,AND,Andorra,2012,67,74,0.8943787,0.707753,0.7499366,0.8907821,1.044869,1.08895,Other
232,AND,Andorra,2013,68,64,0.8302215,0.6444963,0.6802975,0.8262307,0.9805285,1.018343,Other
232,AND,Andorra,2014,69,77,0.8794523,0.7066714,0.7418538,0.8755814,1.016898,1.059493,Other
232,AND,Andorra,2015,70,78,0.8411516,0.6745995,0.7184212,0.8413515,0.9684272,1.005064,Other
232,AND,Andorra,2016,71,80,0.852759,0.6846439,0.7172299,0.8531178,0.988914,1.022098,Other
232,AND,Andorra,2017,72,91,0.7689604,0.6160968,0.655419,0.7656916,0.8818501,0.9239445,Other
232,AND,Andorra,2018,73,108,0.7270975,0.5961924,0.6237161,0.7260826,0.8345175,0.8668228,Other
232,AND,Andorra,2019,74,100,0.7077541,0.5904523,0.6129918,0.7022762,0.8088667,0.8334253,Other
232,AND,Andorra,2020,75,96,0.6507482,0.5270401,0.5534762,0.6517779,0.7518984,0.7769431,Other
232,AND,Andorra,2021,76,86,0.6174964,0.491536,0.5186246,0.6173628,0.7198828,0.7471959,Other
232,AND,Andorra,2022,77,88,0.7477085,0.6019961,0.6337352,0.7448941,0.8649817,0.8945529,Other
232,AND,Andorra,2023,78,88,0.7601784,0.6182442,0.6514967,0.7592337,0.8750151,0.9016231,Other
232,AND,Andorra,2024,79,105,0.7487433,0.6114123,0.6403858,0.747922,0.8531046,0.8868871,Other
540,AGO,Angola,1991,46,66,-0.925727,-1.312238,-1.2156,-0.917814,-0.6415808,-0.5682551,Other
540,AGO,Angola,1992,47,74,-0.8135839,-1.18382,-1.087856,-0.8023348,-0.5400711,-0.4698495,Other
540,AGO,Angola,1993,48,51,-0.6430759,-0.9894038,-0.9071802,-0.6399957,-0.3773529,-0.3138083,Other
540,AGO,Angola,1994,49,37,-0.4869713,-0.8563952,-0.7774574,-0.4820867,-0.193336,-0.09963997,Other
540,AGO,Angola,1995,50,37,-0.645159,-1.020675,-0.9439196,-0.645427,-0.3444667,-0.2716965,Other
540,AGO,Angola,1996,51,68,-0.6363374,-0.9529163,-0.8913233,-0.6298352,-0.3925816,-0.3125985,Other
540,AGO,Angola,1997,52,49,-0.5676103,-0.8858337,-0.8066313,-0.5626559,-0.3348703,-0.262981,Other
540,AGO,Angola,1998,53,60,-0.6911655,-1.051354,-0.9669493,-0.6749237,-0.4183866,-0.3575322,Other
540,AGO,Angola,1999,54,67,-0.6985474,-1.006654,-0.9281498,-0.6964857,-0.4772665,-0.4093356,Other
540,AGO,Angola,2000,55,52,-0.2915994,-0.542991,-0.4845269,-0.2837938,-0.1068244,-0.06164218,Other
540,AGO,Angola,2001,56,58,-0.2397387,-0.4693943,-0.4182532,-0.2328505,-0.07419223,-0.03545717,Other
540,AGO,Angola,2002,57,67,-0.7165058,-1.032625,-0.9536313,-0.7136646,-0.479051,-0.4139346,Other
540,AGO,Angola,2003,58,67,-0.2879751,-0.5513903,-0.4713362,-0.2817147,-0.1052889,-0.0610708,Other
540,AGO,Angola,2004,59,56,-0.5045003,-0.8192673,-0.7464042,-0.4997899,-0.275188,-0.2248014,Other
540,AGO,Angola,2005,60,54,-0.4714566,-0.7493693,-0.6784411,-0.4655471,-0.2708001,-0.2310781,Other
540,AGO,Angola,2006,61,79,-0.3379855,-0.5440837,-0.4893563,-0.3401854,-0.1820173,-0.1399208,Other
540,AGO,Angola,2007,62,50,-0.2389793,-0.4338913,-0.3974359,-0.2373464,-0.0904816,-0.05543004,Other
540,AGO,Angola,2008,63,72,-0.5226764,-0.7818573,-0.7199638,-0.5170569,-0.3318749,-0.2839984,Other
540,AGO,Angola,2009,64,62,-0.5841282,-0.865155,-0.7949777,-0.5712266,-0.3909538,-0.3456642,Other
540,AGO,Angola,2010,65,63,-0.6705229,-1.011457,-0.9229079,-0.6628001,-0.4264802,-0.3659723,Other
540,AGO,Angola,2011,66,56,-0.5591495,-0.8310361,-0.7692288,-0.5542597,-0.3465147,-0.2966249,Other
540,AGO,Angola,2012,67,72,-0.6154887,-0.8798835,-0.8279687,-0.6106025,-0.4120396,-0.364606,Other
540,AGO,Angola,2013,68,60,-0.6538161,-0.9344028,-0.8700523,-0.6454285,-0.4321549,-0.3790023,Other
540,AGO,Angola,2014,69,77,-0.6939814,-0.9805395,-0.9201819,-0.6868858,-0.4740059,-0.4329059,Other
540,AGO,Angola,2015,70,74,-0.9882696,-1.325411,-1.257469,-0.9823691,-0.7334913,-0.6546827,Other
540,AGO,Angola,2016,71,75,-0.7444947,-1.057921,-0.9967796,-0.7370055,-0.5106996,-0.4399217,Other
540,AGO,Angola,2017,72,90,-0.4743301,-0.706862,-0.6605893,-0.4665337,-0.2989903,-0.2447767,Other
540,AGO,Angola,2018,73,100,-0.564754,-0.8305287,-0.7617952,-0.5612238,-0.3699836,-0.3229696,Other
540,AGO,Angola,2019,74,94,-0.538245,-0.7934519,-0.7385682,-0.5339522,-0.3526354,-0.2955981,Other
540,AGO,Angola,2020,75,83,-0.4239119,-0.6437031,-0.5981041,-0.4188542,-0.2675456,-0.2248416,Other
540,AGO,Angola,2021,76,83,-0.5890803,-0.8355598,-0.7852387,-0.5874761,-0.4061838,-0.3543161,Other
540,AGO,Angola,2022,77,88,-0.5577654,-0.7419737,-0.7071403,-0.5528623,-0.4191649,-0.3785501,Other
540,AGO,Angola,2023,78,85,-0.4724753,-0.6712355,-0.6214419,-0.4708344,-0.3315519,-0.2858435,Other
540,AGO,Angola,2024,79,103,-0.6256151,-0.8079261,-0.7668718,-0.6251392,-0.4847573,-0.4391572,Other
58,ATG,Antigua & Barbuda,1991,46,48,-0.1167019,-0.3575828,-0.3059582,-0.1080526,0.05539814,0.09213308,Other
58,ATG,Antigua & Barbuda,1992,47,65,-0.1400349,-0.3835553,-0.3318194,-0.1339287,0.04606574,0.08846076,Other
58,ATG,Antigua & Barbuda,1993,48,62,-0.08062983,-0.3167241,-0.2511312,-0.07281716,0.09405409,0.1319445,Other
58,ATG,Antigua & Barbuda,1994,49,64,-0.1105109,-0.376706,-0.3135846,-0.1123687,0.1016242,0.1562688,Other
58,ATG,Antigua & Barbuda,1995,50,62,0.2943601,0.1100682,0.1476838,0.2955207,0.4359921,0.4760126,Other
58,ATG,Antigua & Barbuda,1996,51,69,-0.0843418,-0.3281639,-0.2726319,-0.08059334,0.1065632,0.1576007,Other
58,ATG,Antigua & Barbuda,1997,52,70,-0.3082809,-0.5691813,-0.5029033,-0.2948937,-0.1087903,-0.0549111,Other
58,ATG,Antigua & Barbuda,1998,53,57,-0.3189616,-0.5773572,-0.5164238,-0.3143553,-0.1182172,-0.06517181,Other
58,ATG,Antigua & Barbuda,1999,54,65,-0.42268,-0.684805,-0.6284095,-0.4129671,-0.2330798,-0.179509,Other
58,ATG,Antigua & Barbuda,2000,55,64,-0.5356762,-0.8509827,-0.7746247,-0.5289832,-0.3094451,-0.2546728,Other
58,ATG,Antigua & Barbuda,2001,56,36,-0.7047746,-1.085296,-0.9883275,-0.7067106,-0.4138945,-0.3531794,Other
58,ATG,Antigua & Barbuda,2002,57,48,-0.5011007,-0.7969941,-0.7312153,-0.5004582,-0.2685465,-0.2152568,Other
58,ATG,Antigua & Barbuda,2003,58,77,-0.5024116,-0.7748333,-0.709624,-0.4940472,-0.3173664,-0.2748221,Other
58,ATG,Antigua & Barbuda,2004,59,63,-0.4267947,-0.6854302,-0.6266102,-0.4189748,-0.2328692,-0.1738419,Other
58,ATG,Antigua & Barbuda,2005,60,72,-0.5500578,-0.799606,-0.733149,-0.5419858,-0.3672723,-0.3249217,Other
58,ATG,Antigua & Barbuda,2006,61,87,-0.5011906,-0.7323455,-0.6761081,-0.4983097,-0.3360276,-0.2941369,Other
58,ATG,Antigua & Barbuda,2007,62,79,-0.6022269,-0.9030263,-0.8270022,-0.5903309,-0.4088377,-0.3437903,Other
58,ATG,Antigua & Barbuda,2008,63,75,-0.612907,-0.8957471,-0.8244805,-0.6097483,-0.4028709,-0.3586816,Other
58,ATG,Antigua & Barbuda,2009,64,58,-0.4278828,-0.6809567,-0.6205191,-0.4166275,-0.2524567,-0.2113074,Other
58,ATG,Antigua & Barbuda,2010,65,58,-0.5513604,-0.8166175,-0.7528127,-0.5481538,-0.3577741,-0.3009479,Other
58,ATG,Antigua & Barbuda,2011,66,68,-0.5217369,-0.7786473,-0.7316841,-0.5136961,-0.3242292,-0.2738893,Other
58,ATG,Antigua & Barbuda,2012,67,72,-0.5100957,-0.8042831,-0.732024,-0.5018308,-0.3056237,-0.2641525,Other
58,ATG,Antigua & Barbuda,2013,68,62,-0.5942062,-0.8676409,-0.7943165,-0.5875052,-0.3892835,-0.3393487,Other
58,ATG,Antigua & Barbuda,2014,69,75,-0.6457409,-0.9128114,-0.8539509,-0.6366759,-0.4484234,-0.386846,Other
58,ATG,Antigua & Barbuda,2015,70,64,-0.4912495,-0.7514634,-0.6904825,-0.4828124,-0.2983149,-0.250443,Other
58,ATG,Antigua & Barbuda,2016,71,78,-0.4917359,-0.7697438,-0.7061927,-0.4868079,-0.2860081,-0.2397213,Other
58,ATG,Antigua & Barbuda,2017,72,84,-0.4370875,-0.6993962,-0.6313121,-0.4295414,-0.2453767,-0.2019115,Other
58,ATG,Antigua & Barbuda,2018,73,92,-0.1613378,-0.3229336,-0.2845425,-0.1583823,-0.04202529,-0.0108078,Other
58,ATG,Antigua & Barbuda,2019,74,92,-0.5125561,-0.7925371,-0.7224386,-0.5016686,-0.3125562,-0.2687954,Other
58,ATG,Antigua & Barbuda,2020,75,78,-0.4607502,-0.7422887,-0.6752005,-0.4510017,-0.2570453,-0.2183026,Other
58,ATG,Antigua & Barbuda,2021,76,69,-0.3558527,-0.6140586,-0.537884,-0.3520017,-0.1757773,-0.1325512,Other
58,ATG,Antigua & Barbuda,2022,77,77,-0.3115135,-0.4841675,-0.4501636,-0.314824,-0.1718008,-0.1348358,Other
58,ATG,Antigua & Barbuda,2023,78,71,-0.3641218,-0.5767005,-0.5312507,-0.3623608,-0.2082759,-0.1627305,Other
58,ATG,Antigua & Barbuda,2024,79,91,-0.2881856,-0.4493604,-0.4201782,-0.2840029,-0.1677991,-0.1415178,Other
160,ARG,Argentina,1991,46,72,0.8620358,0.7148992,0.7480321,0.8593895,0.973609,1.008275,Latin America & Caribbean
160,ARG,Argentina,1992,47,73,0.867455,0.7232926,0.7537379,0.8622431,0.9870206,1.024479,Latin America & Caribbean
160,ARG,Argentina,1993,48,64,0.8664633,0.6988759,0.7371837,0.8659812,0.9960858,1.036934,Latin America & Caribbean
160,ARG,Argentina,1994,49,68,0.9407738,0.7569473,0.7952178,0.9376543,1.097936,1.139444,Latin America & Caribbean
160,ARG,Argentina,1995,50,66,0.9718377,0.7782043,0.8183538,0.9674448,1.139309,1.188441,Latin America & Caribbean
160,ARG,Argentina,1996,51,74,0.7000997,0.5248628,0.5590189,0.7001185,0.8301843,0.8733967,Latin America & Caribbean
160,ARG,Argentina,1997,52,73,0.5697212,0.4047645,0.4420918,0.57087,0.7038572,0.7346757,Latin America & Caribbean
160,ARG,Argentina,1998,53,63,0.4007881,0.235826,0.2748492,0.3990586,0.5319195,0.5739728,Latin America & Caribbean
160,ARG,Argentina,1999,54,70,0.3808588,0.2307491,0.2552264,0.3811531,0.5070227,0.5454603,Latin America & Caribbean
160,ARG,Argentina,2000,55,68,0.3178737,0.1619789,0.2014844,0.3181262,0.4368516,0.4752483,Latin America & Caribbean
160,ARG,Argentina,2001,56,69,0.3308059,0.1842849,0.2216608,0.3316981,0.4451596,0.4796967,Latin America & Caribbean
160,ARG,Argentina,2002,57,76,0.2879953,0.1534188,0.1776021,0.2833002,0.3958378,0.4273109,Latin America & Caribbean
160,ARG,Argentina,2003,58,78,0.2796369,0.1295164,0.1667444,0.2786291,0.3994488,0.4315376,Latin America & Caribbean
160,ARG,Argentina,2004,59,72,0.1795167,0.0424025,0.06767619,0.1811892,0.2913461,0.318407,Latin America & Caribbean
160,ARG,Argentina,2005,60,75,0.1625063,0.02137582,0.05528302,0.1652301,0.2730011,0.3012928,Latin America & Caribbean
160,ARG,Argentina,2006,61,88,0.009003053,-0.1360301,-0.1020116,0.01361896,0.1142252,0.1451808,Latin America & Caribbean
160,ARG,Argentina,2007,62,79,0.01452309,-0.1174986,-0.0934024,0.01413594,0.1199911,0.1561057,Latin America & Caribbean
160,ARG,Argentina,2008,63,77,0.0001583603,-0.1478298,-0.1181874,-0.0004527555,0.1213042,0.1545256,Latin America & Caribbean
160,ARG,Argentina,2009,64,66,-0.05414853,-0.2175969,-0.1739512,-0.05149131,0.06510423,0.09669486,Latin America & Caribbean
160,ARG,Argentina,2010,65,72,0.0241904,-0.123293,-0.0892181,0.02412679,0.1446938,0.1742367,Latin America & Caribbean
160,ARG,Argentina,2011,66,69,-0.03973889,-0.2000983,-0.1604914,-0.04028714,0.08260713,0.1107705,Latin America & Caribbean
160,ARG,Argentina,2012,67,74,-0.1218897,-0.2843719,-0.2513806,-0.1184809,0.007026706,0.03466545,Latin America & Caribbean
160,ARG,Argentina,2013,68,64,-0.1252137,-0.2985708,-0.2588931,-0.1235631,0.003151273,0.03964754,Latin America & Caribbean
160,ARG,Argentina,2014,69,77,-0.154892,-0.3299249,-0.2962566,-0.1518723,-0.02740022,0.006625574,Latin America & Caribbean
160,ARG,Argentina,2015,70,78,-0.1879137,-0.3586761,-0.3280781,-0.1869103,-0.05757588,-0.0303847,Latin America & Caribbean
160,ARG,Argentina,2016,71,80,-0.1264509,-0.294725,-0.2596415,-0.1272955,0.001691073,0.03427429,Latin America & Caribbean
160,ARG,Argentina,2017,72,93,-0.1365385,-0.2990054,-0.2634859,-0.1377051,-0.01302233,0.02426427,Latin America & Caribbean
160,ARG,Argentina,2018,73,109,-0.03758425,-0.1706965,-0.1398587,-0.04082205,0.07226914,0.09384197,Latin America & Caribbean
160,ARG,Argentina,2019,74,100,-0.1155986,-0.2562902,-0.2268788,-0.1127844,-0.00545134,0.02365965,Latin America & Caribbean
160,ARG,Argentina,2020,75,97,-0.08904599,-0.2298948,-0.1996556,-0.08850838,0.02187025,0.04900864,Latin America & Caribbean
160,ARG,Argentina,2021,76,86,-0.08967551,-0.2400422,-0.2039553,-0.08696645,0.02248339,0.05210556,Latin America & Caribbean
160,ARG,Argentina,2022,77,88,-0.01724284,-0.1482857,-0.12205,-0.01705952,0.08967276,0.1297919,Latin America & Caribbean
160,ARG,Argentina,2023,78,88,-0.03416048,-0.1738683,-0.1419399,-0.03087224,0.0705342,0.1025239,Latin America & Caribbean
160,ARG,Argentina,2024,79,108,1.059895,0.9344365,0.9640453,1.056689,1.162418,1.188999,Latin America & Caribbean
371,ARM,Armenia,1992,47,34,0.4098932,0.2001728,0.2501753,0.4135443,0.5617146,0.6047228,Other
371,ARM,Armenia,1993,48,62,0.6360168,0.4712679,0.5046581,0.6310515,0.7688894,0.8131808,Other
371,ARM,Armenia,1994,49,65,0.7181054,0.5357867,0.5692256,0.7148108,0.8781355,0.9135941,Other
371,ARM,Armenia,1995,50,65,0.8171546,0.6229605,0.6653839,0.8203495,0.9651684,1.015831,Other
371,ARM,Armenia,1996,51,69,0.6784644,0.5019477,0.5412707,0.6771941,0.8183088,0.8538772,Other
371,ARM,Armenia,1997,52,69,0.756684,0.5628706,0.6066499,0.7585006,0.8933929,0.9310551,Other
371,ARM,Armenia,1998,53,61,0.4722673,0.2990985,0.3381883,0.4736266,0.607311,0.6539808,Other
371,ARM,Armenia,1999,54,67,0.3693358,0.2082401,0.2471545,0.3694754,0.4887667,0.5276483,Other
371,ARM,Armenia,2000,55,67,0.2448687,0.08634916,0.1190067,0.2463821,0.3711458,0.4093506,Other
371,ARM,Armenia,2001,56,69,0.2273566,0.07009081,0.1054778,0.2273884,0.3524605,0.378439,Other
371,ARM,Armenia,2002,57,75,0.223416,0.07928002,0.1121026,0.2262586,0.334049,0.3691533,Other
371,ARM,Armenia,2003,58,76,0.2639598,0.125432,0.1505541,0.2656493,0.3711689,0.4066653,Other
371,ARM,Armenia,2004,59,72,0.2329054,0.09550644,0.1298322,0.2314908,0.335972,0.3687149,Other
371,ARM,Armenia,2005,60,73,0.1452778,0.004802864,0.03871074,0.143632,0.2605411,0.2878795,Other
371,ARM,Armenia,2006,61,87,0.1360426,0.003089698,0.02560701,0.1404802,0.2413669,0.268757,Other
371,ARM,Armenia,2007,62,79,0.1291225,0.004214747,0.02608947,0.1300317,0.2285892,0.2559811,Other
371,ARM,Armenia,2008,63,75,0.1396071,0.007779738,0.03763115,0.1424403,0.2430956,0.2714528,Other
371,ARM,Armenia,2009,64,65,0.09036952,-0.03629731,-0.009358411,0.0922198,0.1882843,0.2178341,Other
371,ARM,Armenia,2010,65,71,0.112827,-0.02580328,0.005224352,0.1128084,0.219094,0.2518558,Other
371,ARM,Armenia,2011,66,68,0.09262784,-0.04214067,-0.008826161,0.09450691,0.195043,0.2256546,Other
371,ARM,Armenia,2012,67,70,0.01064459,-0.1452833,-0.1091085,0.01571719,0.1217892,0.1574085,Other
371,ARM,Armenia,2013,68,62,0.01970782,-0.124783,-0.09435365,0.01945545,0.1305611,0.1639992,Other
371,ARM,Armenia,2014,69,76,0.03629761,-0.1047119,-0.0738684,0.03824876,0.1416937,0.1671972,Other
371,ARM,Armenia,2015,70,75,0.1279972,0.003201117,0.02861725,0.1292514,0.2236409,0.2525529,Other
371,ARM,Armenia,2016,71,80,0.1495148,0.0213048,0.05271365,0.149929,0.2480543,0.2768867,Other
371,ARM,Armenia,2017,72,88,0.1166892,-0.01029653,0.02006657,0.1174235,0.2147129,0.2390939,Other
371,ARM,Armenia,2018,73,107,0.05297734,-0.06506059,-0.03930359,0.05264445,0.142993,0.1641703,Other
371,ARM,Armenia,2019,74,94,0.08076881,-0.03786636,-0.007274469,0.08059893,0.1721998,0.2015847,Other
371,ARM,Armenia,2020,75,92,0.1531531,0.03423403,0.06177577,0.156548,0.2431914,0.2715685,Other
371,ARM,Armenia,2021,76,83,0.1052976,-0.01020604,0.01292401,0.1048976,0.1988381,0.2283225,Other
371,ARM,Armenia,2022,77,84,-0.02820524,-0.1508509,-0.1241317,-0.02776319,0.06485997,0.08650226,Other
371,ARM,Armenia,2023,78,81,0.03696351,-0.08692658,-0.05658619,0.03538102,0.1359899,0.1640464,Other
371,ARM,Armenia,2024,79,94,0.1201911,0.00200588,0.02702077,0.1232016,0.2075756,0.2319844,Other
900,AUS,Australia,1991,46,72,1.140802,0.9810314,1.012218,1.141748,1.266223,1.301036,Western Europe & North America
900,AUS,Australia,1992,47,74,1.121532,0.9531183,0.9929264,1.118025,1.262028,1.290553,Western Europe & North America
900,AUS,Australia,1993,48,64,0.8363004,0.6621191,0.7011451,0.8324746,0.9735493,1.011751,Western Europe & North America
900,AUS,Australia,1994,49,68,0.9925731,0.790181,0.8334469,0.993395,1.149407,1.18867,Western Europe & North America
900,AUS,Australia,1995,50,67,0.7028006,0.5062482,0.5594572,0.7023616,0.8496067,0.8943613,Western Europe & North America
900,AUS,Australia,1996,51,74,0.8336166,0.6513557,0.6859227,0.8327841,0.973256,1.013203,Western Europe & North America
900,AUS,Australia,1997,52,73,1.039245,0.8505437,0.8919535,1.034828,1.182496,1.229487,Western Europe & North America
900,AUS,Australia,1998,53,63,1.001315,0.7914728,0.830879,0.9957735,1.168267,1.212258,Western Europe & North America
900,AUS,Australia,1999,54,70,0.8768475,0.6946174,0.7337037,0.8721375,1.025617,1.074877,Western Europe & North America
900,AUS,Australia,2000,55,68,0.9011317,0.7048821,0.7403433,0.8968861,1.056411,1.112855,Western Europe & North America
900,AUS,Australia,2001,56,68,1.001181,0.8209242,0.8511508,1.002145,1.149994,1.193744,Western Europe & North America
900,AUS,Australia,2002,57,76,1.211153,1.033803,1.074717,1.209755,1.358445,1.390325,Western Europe & North America
900,AUS,Australia,2003,58,78,1.252765,1.069117,1.112841,1.248551,1.406102,1.439625,Western Europe & North America
900,AUS,Australia,2004,59,70,1.361334,1.180432,1.227192,1.363849,1.48954,1.530732,Western Europe & North America
900,AUS,Australia,2005,60,74,1.344675,1.175685,1.205729,1.348145,1.486238,1.522872,Western Europe & North America
900,AUS,Australia,2006,61,88,1.507596,1.359046,1.384934,1.507094,1.632298,1.660313,Western Europe & North America
900,AUS,Australia,2007,62,79,1.422676,1.252563,1.297771,1.41923,1.550228,1.58762,Western Europe & North America
900,AUS,Australia,2008,63,77,1.3078,1.154112,1.184837,1.308189,1.436411,1.473827,Western Europe & North America
900,AUS,Australia,2009,64,66,1.274458,1.079761,1.125711,1.280235,1.41525,1.457042,Western Europe & North America
900,AUS,Australia,2010,65,72,1.285911,1.102422,1.139172,1.287891,1.428884,1.467711,Western Europe & North America
900,AUS,Australia,2011,66,69,1.191965,0.9932648,1.039837,1.191098,1.337684,1.371949,Western Europe & North America
900,AUS,Australia,2012,67,74,1.230313,1.052015,1.088418,1.229251,1.375943,1.416232,Western Europe & North America
900,AUS,Australia,2013,68,64,1.245267,1.062578,1.102788,1.244804,1.38852,1.436035,Western Europe & North America
900,AUS,Australia,2014,69,77,1.319932,1.146318,1.180596,1.32107,1.452699,1.50205,Western Europe & North America
900,AUS,Australia,2015,70,78,1.17944,1.010894,1.045896,1.178031,1.310113,1.344916,Western Europe & North America
900,AUS,Australia,2016,71,79,1.202717,1.027254,1.066576,1.204493,1.330677,1.365064,Western Europe & North America
900,AUS,Australia,2017,72,93,1.153187,0.9945786,1.022381,1.153364,1.283453,1.318337,Western Europe & North America
900,AUS,Australia,2018,73,108,1.351642,1.18792,1.226798,1.356738,1.474041,1.505264,Western Europe & North America
900,AUS,Australia,2019,74,100,1.324449,1.189233,1.213282,1.320997,1.441069,1.479547,Western Europe & North America
900,AUS,Australia,2020,75,97,1.280733,1.120891,1.1543,1.280647,1.401754,1.434993,Western Europe & North America
900,AUS,Australia,2021,76,86,1.297429,1.136194,1.166939,1.294551,1.437858,1.47701,Western Europe & North America
900,AUS,Australia,2022,77,88,1.205587,1.04452,1.069581,1.204643,1.343659,1.384752,Western Europe & North America
900,AUS,Australia,2023,78,88,1.17308,1.014222,1.041728,1.171386,1.296783,1.330492,Western Europe & North America
900,AUS,Australia,2024,79,107,1.040976,0.9050907,0.9285223,1.037963,1.155614,1.188153,Western Europe & North America
305,AUT,Austria,1991,46,72,1.046269,0.894885,0.9292475,1.044947,1.160267,1.194725,Western Europe & North America
305,AUT,Austria,1992,47,74,1.123961,0.9492798,0.9914291,1.121373,1.265952,1.298789,Western Europe & North America
305,AUT,Austria,1993,48,63,1.137002,0.954367,0.9821984,1.134813,1.293815,1.341808,Western Europe & North America
305,AUT,Austria,1994,49,68,1.160667,0.9375028,0.9899199,1.154076,1.34842,1.394721,Western Europe & North America
305,AUT,Austria,1995,50,67,1.198784,0.9796251,1.024575,1.19826,1.366341,1.426482,Western Europe & North America
305,AUT,Austria,1996,51,74,1.142443,0.9335663,0.9801025,1.14307,1.299623,1.341385,Western Europe & North America
305,AUT,Austria,1997,52,73,1.210296,0.9884966,1.045974,1.206368,1.376548,1.420145,Western Europe & North America
305,AUT,Austria,1998,53,63,1.082251,0.8670582,0.9112062,1.079789,1.255692,1.29372,Western Europe & North America
305,AUT,Austria,1999,54,70,0.9917274,0.7947212,0.8371491,0.9826716,1.156045,1.205304,Western Europe & North America
305,AUT,Austria,2000,55,67,1.003706,0.7910631,0.8399746,1.004551,1.175897,1.221032,Western Europe & North America
305,AUT,Austria,2001,56,69,0.9769032,0.7771498,0.8228925,0.9749136,1.138518,1.179949,Western Europe & North America
305,AUT,Austria,2002,57,76,0.8824844,0.7130824,0.7495108,0.8751146,1.028417,1.071987,Western Europe & North America
305,AUT,Austria,2003,58,78,0.8812649,0.6939872,0.740272,0.8797375,1.025613,1.067662,Western Europe & North America
305,AUT,Austria,2004,59,72,0.9006497,0.7280357,0.7688156,0.8920277,1.044018,1.087163,Western Europe & North America
305,AUT,Austria,2005,60,75,0.9322247,0.7343916,0.779455,0.9306353,1.089236,1.13317,Western Europe & North America
305,AUT,Austria,2006,61,88,0.7938532,0.6246656,0.6521528,0.7882052,0.9336516,0.970401,Western Europe & North America
305,AUT,Austria,2007,62,79,0.6994884,0.5430912,0.5817572,0.6958149,0.8277852,0.8650808,Western Europe & North America
305,AUT,Austria,2008,63,77,0.6726599,0.5057037,0.5410853,0.6746129,0.797721,0.8432841,Western Europe & North America
305,AUT,Austria,2009,64,66,0.8017262,0.6415149,0.6722285,0.7984895,0.9321354,0.9675281,Western Europe & North America
305,AUT,Austria,2010,65,72,0.7120433,0.5431558,0.5765815,0.7138609,0.8408402,0.8752343,Western Europe & North America
305,AUT,Austria,2011,66,69,0.7513255,0.580632,0.6174534,0.7450417,0.8952022,0.9390716,Western Europe & North America
305,AUT,Austria,2012,67,74,0.6921518,0.5339754,0.5668633,0.6923733,0.8214699,0.8593529,Western Europe & North America
305,AUT,Austria,2013,68,64,0.70693,0.534956,0.5768453,0.7038519,0.848313,0.8905206,Western Europe & North America
305,AUT,Austria,2014,69,77,0.72547,0.5721601,0.6078235,0.7241757,0.8534154,0.8851927,Western Europe & North America
305,AUT,Austria,2015,70,77,0.6629203,0.5103747,0.5441547,0.6610922,0.7815101,0.8145377,Western Europe & North America
305,AUT,Austria,2016,71,79,0.6254668,0.4778042,0.5111036,0.62278,0.743007,0.7834925,Western Europe & North America
305,AUT,Austria,2017,72,93,0.6511132,0.5181393,0.5409557,0.6493538,0.7607365,0.7944609,Western Europe & North America
305,AUT,Austria,2018,73,109,0.6741788,0.5410354,0.569427,0.6742658,0.7764533,0.8068488,Western Europe & North America
305,AUT,Austria,2019,74,100,0.7555821,0.6205181,0.6535697,0.7544159,0.8563162,0.8869962,Western Europe & North America
305,AUT,Austria,2020,75,97,0.7831111,0.6532739,0.6793846,0.7806212,0.8895524,0.9225944,Western Europe & North America
305,AUT,Austria,2021,76,86,0.7067013,0.5823658,0.6038205,0.7071004,0.808152,0.8391026,Western Europe & North America
305,AUT,Austria,2022,77,88,0.9016919,0.7439442,0.7787979,0.9012005,1.023488,1.062069,Western Europe & North America
305,AUT,Austria,2023,78,88,0.8477622,0.6983185,0.739712,0.8446431,0.968708,0.9999888,Western Europe & North America
305,AUT,Austria,2024,79,108,0.8588455,0.7254999,0.7525837,0.8587979,0.9637689,0.9976424,Western Europe & North America
373,AZE,Azerbaijan,1992,47,68,0.2940412,0.1288979,0.1615885,0.2950159,0.4223069,0.4608132,Other
373,AZE,Azerbaijan,1993,48,56,0.2750075,0.09105609,0.1376813,0.2757982,0.4136445,0.4527172,Other
373,AZE,Azerbaijan,1994,49,60,0.3327553,0.133705,0.1778723,0.3376279,0.4879214,0.5306397,Other
373,AZE,Azerbaijan,1995,50,58,0.3903723,0.1980563,0.2370182,0.392182,0.5354414,0.5819429,Other
373,AZE,Azerbaijan,1996,51,65,0.3101629,0.1171944,0.1560478,0.3120927,0.4588113,0.5051208,Other
373,AZE,Azerbaijan,1997,52,64,0.3035824,0.111503,0.1573163,0.3056292,0.4507056,0.49839,Other
373,AZE,Azerbaijan,1998,53,59,0.0907069,-0.09530228,-0.05901111,0.08858293,0.2410311,0.2804511,Other
373,AZE,Azerbaijan,1999,54,62,0.211858,0.04189179,0.07805881,0.2124705,0.3476016,0.3794685,Other
373,AZE,Azerbaijan,2000,55,64,0.03692206,-0.1419577,-0.09971107,0.03590133,0.1742424,0.2150937,Other
373,AZE,Azerbaijan,2001,56,62,-0.01078463,-0.1762245,-0.1454111,-0.008602505,0.1184815,0.1528799,Other
373,AZE,Azerbaijan,2002,57,73,-0.0650611,-0.224526,-0.1864417,-0.06316685,0.06209469,0.09700668,Other
373,AZE,Azerbaijan,2003,58,72,-0.08227992,-0.2409673,-0.2051249,-0.08239819,0.04239936,0.07500923,Other
373,AZE,Azerbaijan,2004,59,71,-0.06746436,-0.2270105,-0.1878448,-0.06483813,0.04745562,0.07448459,Other
373,AZE,Azerbaijan,2005,60,73,-0.1821862,-0.3501335,-0.3070381,-0.1820448,-0.0525872,-0.01189176,Other
373,AZE,Azerbaijan,2006,61,80,-0.08042508,-0.2255123,-0.1917987,-0.07932847,0.03185108,0.05759877,Other
373,AZE,Azerbaijan,2007,62,71,-0.06090951,-0.2176116,-0.1784021,-0.05980227,0.06102101,0.09052988,Other
373,AZE,Azerbaijan,2008,63,75,-0.2088203,-0.3784256,-0.3485031,-0.2085753,-0.07233991,-0.03315302,Other
373,AZE,Azerbaijan,2009,64,60,-0.2168814,-0.3880069,-0.3557735,-0.2146672,-0.08093697,-0.0434101,Other
373,AZE,Azerbaijan,2010,65,69,-0.2886945,-0.4818273,-0.4326721,-0.2833375,-0.1527145,-0.1177039,Other
373,AZE,Azerbaijan,2011,66,62,-0.4605468,-0.7450675,-0.6718919,-0.451188,-0.2606375,-0.2121903,Other
373,AZE,Azerbaijan,2012,67,67,-0.4268939,-0.6955293,-0.6205851,-0.4173488,-0.2326942,-0.2002649,Other
373,AZE,Azerbaijan,2013,68,59,-0.4799058,-0.7746887,-0.6887307,-0.4696101,-0.2839958,-0.2255781,Other
373,AZE,Azerbaijan,2014,69,71,-0.4153122,-0.6556459,-0.6077913,-0.412011,-0.2337214,-0.188484,Other
373,AZE,Azerbaijan,2015,70,71,-0.6770542,-0.9841889,-0.9141736,-0.6676815,-0.4476777,-0.3857321,Other
373,AZE,Azerbaijan,2016,71,74,-0.6336522,-0.9748086,-0.8932957,-0.6212103,-0.3919484,-0.3138291,Other
373,AZE,Azerbaijan,2017,72,88,-0.7163592,-1.077248,-0.9888112,-0.7047803,-0.4725992,-0.4024534,Other
373,AZE,Azerbaijan,2018,73,101,-0.6002299,-0.8812273,-0.8066702,-0.587563,-0.4064383,-0.353016,Other
373,AZE,Azerbaijan,2019,74,93,-0.5784897,-0.8894246,-0.8069206,-0.5694699,-0.3636347,-0.3130756,Other
373,AZE,Azerbaijan,2020,75,93,-0.6909294,-1.002859,-0.9353985,-0.6848473,-0.4582694,-0.402048,Other
373,AZE,Azerbaijan,2021,76,77,-0.5543947,-0.873138,-0.7939555,-0.5411126,-0.3390704,-0.2834093,Other
373,AZE,Azerbaijan,2022,77,72,-0.5660879,-0.8151148,-0.7520034,-0.5659467,-0.3781177,-0.3252526,Other
373,AZE,Azerbaijan,2023,78,60,-0.5657248,-0.8246274,-0.7718371,-0.5608248,-0.372899,-0.331418,Other
373,AZE,Azerbaijan,2024,79,74,-0.6440557,-0.9266072,-0.871257,-0.6399759,-0.4319851,-0.3661382,Other
31,BHS,Bahamas,1991,46,74,-0.2139833,-0.4664085,-0.4041872,-0.2114262,-0.02408211,0.01419653,Other
31,BHS,Bahamas,1992,47,57,-0.2253718,-0.4859544,-0.4189287,-0.2152562,-0.04630339,-0.00558793,Other
31,BHS,Bahamas,1993,48,65,-0.1125476,-0.3551367,-0.3034376,-0.1048571,0.06569969,0.1156396,Other
31,BHS,Bahamas,1994,49,68,0.08324819,-0.1555018,-0.09165152,0.08680305,0.2592691,0.3109774,Other
31,BHS,Bahamas,1995,50,62,0.2977188,0.09448165,0.1395862,0.301853,0.4532304,0.5034917,Other
31,BHS,Bahamas,1996,51,71,0.06212553,-0.1682775,-0.1137626,0.07047918,0.2301892,0.2679688,Other
31,BHS,Bahamas,1997,52,68,-0.1277838,-0.3456722,-0.3003537,-0.12827,0.04335246,0.08580256,Other
31,BHS,Bahamas,1998,53,58,-0.156705,-0.3854766,-0.335003,-0.1543662,0.01776604,0.0659349,Other
31,BHS,Bahamas,1999,54,66,-0.151151,-0.3413441,-0.3016245,-0.1501703,-0.0004973543,0.04556626,Other
31,BHS,Bahamas,2000,55,65,-0.2950995,-0.5691871,-0.5095806,-0.2934533,-0.1006337,-0.04391156,Other
31,BHS,Bahamas,2001,56,58,-0.1847505,-0.4046777,-0.3525869,-0.1797909,-0.02658204,0.02201222,Other
31,BHS,Bahamas,2002,57,73,-0.2916313,-0.5102507,-0.461496,-0.2822853,-0.1349176,-0.09011118,Other
31,BHS,Bahamas,2003,58,72,-0.2794031,-0.4788788,-0.4371275,-0.2774065,-0.1227075,-0.0762202,Other
31,BHS,Bahamas,2004,59,67,-0.435636,-0.7058837,-0.6423239,-0.4299786,-0.2426264,-0.2022886,Other
31,BHS,Bahamas,2005,60,71,-0.476499,-0.7244794,-0.665187,-0.4714002,-0.2906879,-0.2403454,Other
31,BHS,Bahamas,2006,61,86,-0.2484184,-0.4364269,-0.3885392,-0.2469673,-0.1118574,-0.08137824,Other
31,BHS,Bahamas,2007,62,79,-0.2738192,-0.4766555,-0.4334888,-0.2725164,-0.1130673,-0.0769102,Other
31,BHS,Bahamas,2008,63,72,-0.3100908,-0.5169956,-0.4652217,-0.3059165,-0.1557894,-0.1246598,Other
31,BHS,Bahamas,2009,64,65,-0.3938587,-0.6121769,-0.567911,-0.3913159,-0.2281711,-0.191913,Other
31,BHS,Bahamas,2010,65,67,-0.2718017,-0.4979836,-0.4366287,-0.2662749,-0.1036494,-0.06507775,Other
31,BHS,Bahamas,2011,66,66,-0.3057507,-0.5157782,-0.4789873,-0.300559,-0.1458413,-0.1029406,Other
31,BHS,Bahamas,2012,67,73,-0.285085,-0.4872271,-0.4428145,-0.2825434,-0.1254091,-0.09415401,Other
31,BHS,Bahamas,2013,68,63,-0.2847465,-0.5041826,-0.4534641,-0.277628,-0.1265295,-0.07479764,Other
31,BHS,Bahamas,2014,69,74,-0.3114839,-0.5332653,-0.4757116,-0.3071824,-0.1496346,-0.1046909,Other
31,BHS,Bahamas,2015,70,69,-0.3495091,-0.5874527,-0.5264477,-0.3482576,-0.1728854,-0.1298157,Other
31,BHS,Bahamas,2016,71,78,-0.4525454,-0.7114895,-0.6493239,-0.4424833,-0.2592646,-0.2137322,Other
31,BHS,Bahamas,2017,72,88,-0.4905522,-0.7477522,-0.6930693,-0.4800964,-0.3018609,-0.2490645,Other
31,BHS,Bahamas,2018,73,106,-0.2412142,-0.4110223,-0.3752457,-0.2422935,-0.1066002,-0.06556189,Other
31,BHS,Bahamas,2019,74,95,-0.3013165,-0.5090556,-0.4498417,-0.2937898,-0.1611853,-0.1239667,Other
31,BHS,Bahamas,2020,75,89,-0.2136751,-0.4012015,-0.3524065,-0.2127994,-0.07444865,-0.03265656,Other
31,BHS,Bahamas,2021,76,71,-0.3137725,-0.5397737,-0.4968605,-0.3104349,-0.1492578,-0.1095932,Other
31,BHS,Bahamas,2022,77,79,-0.2020187,-0.3778107,-0.3372132,-0.2000417,-0.0753682,-0.0438315,Other
31,BHS,Bahamas,2023,78,70,-0.1099364,-0.2802633,-0.2345519,-0.1081204,0.01144829,0.05186863,Other
31,BHS,Bahamas,2024,79,100,-0.1401188,-0.2866412,-0.2587207,-0.1402174,-0.02850049,0.001936787,Other
692,BHR,Bahrain,1991,46,73,-0.618774,-1.003243,-0.9249906,-0.6070947,-0.337961,-0.2588368,MENA
692,BHR,Bahrain,1992,47,70,-0.5599604,-0.9636963,-0.8548498,-0.5480842,-0.290468,-0.2105915,MENA
692,BHR,Bahrain,1993,48,60,-0.6229184,-0.9809931,-0.8977356,-0.6131723,-0.3561459,-0.275018,MENA
692,BHR,Bahrain,1994,49,66,-0.6200249,-0.9354774,-0.8824035,-0.6225375,-0.3662357,-0.2889754,MENA
692,BHR,Bahrain,1995,50,63,-0.7303521,-1.078077,-0.9990468,-0.7260203,-0.4646962,-0.3920828,MENA
692,BHR,Bahrain,1996,51,71,-0.6817174,-1.014477,-0.940062,-0.672342,-0.4381087,-0.3648426,MENA
692,BHR,Bahrain,1997,52,70,-0.5549079,-0.8661868,-0.8000571,-0.5426602,-0.3407156,-0.2716273,MENA
692,BHR,Bahrain,1998,53,63,-0.7772412,-1.164246,-1.078277,-0.7673792,-0.4924061,-0.4211769,MENA
692,BHR,Bahrain,1999,54,70,-0.585609,-0.871441,-0.7987618,-0.5818058,-0.3808897,-0.3214035,MENA
692,BHR,Bahrain,2000,55,67,-0.8786111,-1.232289,-1.153437,-0.8642686,-0.6235,-0.5516812,MENA
692,BHR,Bahrain,2001,56,69,-0.7646651,-1.071679,-0.9960499,-0.7571578,-0.5262833,-0.4812402,MENA
692,BHR,Bahrain,2002,57,76,-0.9131851,-1.295282,-1.19121,-0.9015359,-0.6345633,-0.5659405,MENA
692,BHR,Bahrain,2003,58,78,-1.175374,-1.618049,-1.496932,-1.17433,-0.8576685,-0.7949214,MENA
692,BHR,Bahrain,2004,59,72,-1.074776,-1.492842,-1.397748,-1.077078,-0.7560494,-0.6810882,MENA
692,BHR,Bahrain,2005,60,74,-1.010483,-1.369052,-1.286321,-0.9996964,-0.7466703,-0.6901705,MENA
692,BHR,Bahrain,2006,61,88,-0.8448847,-1.145494,-1.072881,-0.8493333,-0.6133107,-0.5497722,MENA
692,BHR,Bahrain,2007,62,79,-0.7292125,-1.033417,-0.978087,-0.7243035,-0.503315,-0.4452373,MENA
692,BHR,Bahrain,2008,63,76,-0.8568116,-1.17441,-1.101521,-0.8481257,-0.6276249,-0.5603275,MENA
692,BHR,Bahrain,2009,64,65,-0.8921498,-1.205235,-1.132619,-0.8836162,-0.6661354,-0.598746,MENA
692,BHR,Bahrain,2010,65,72,-0.8043096,-1.134028,-1.045373,-0.8083574,-0.5555968,-0.4998515,MENA
692,BHR,Bahrain,2011,66,69,-0.7765282,-1.049286,-0.9808384,-0.774188,-0.5618446,-0.5026106,MENA
692,BHR,Bahrain,2012,67,74,-0.8007219,-1.092883,-1.037876,-0.7889396,-0.5885312,-0.5348034,MENA
692,BHR,Bahrain,2013,68,64,-0.732033,-1.039037,-0.9676093,-0.7232974,-0.517406,-0.461174,MENA
692,BHR,Bahrain,2014,69,77,-0.7085565,-0.9905689,-0.9385604,-0.706977,-0.4984522,-0.4499375,MENA
692,BHR,Bahrain,2015,70,78,-0.7422628,-1.020634,-0.9671939,-0.7380215,-0.5281622,-0.4790893,MENA
692,BHR,Bahrain,2016,71,80,-0.7600639,-1.081682,-1.02395,-0.7521693,-0.5239272,-0.4653779,MENA
692,BHR,Bahrain,2017,72,93,-0.5899044,-0.8816401,-0.8028483,-0.583011,-0.3824981,-0.3434562,MENA
692,BHR,Bahrain,2018,73,109,-0.6016776,-0.8397375,-0.7742405,-0.5956444,-0.434023,-0.3867904,MENA
692,BHR,Bahrain,2019,74,100,-0.5032551,-0.7378681,-0.6797639,-0.4969818,-0.3314885,-0.2905841,MENA
692,BHR,Bahrain,2020,75,97,-0.4902265,-0.7342485,-0.6815875,-0.477008,-0.3162865,-0.2745723,MENA
692,BHR,Bahrain,2021,76,86,-0.4561101,-0.6822681,-0.6309617,-0.4533525,-0.2914848,-0.2474191,MENA
692,BHR,Bahrain,2022,77,87,-0.5962301,-0.792324,-0.751665,-0.5943768,-0.447003,-0.4064618,MENA
692,BHR,Bahrain,2023,78,88,-0.6567879,-0.8463564,-0.8077908,-0.6586254,-0.5046727,-0.4671991,MENA
692,BHR,Bahrain,2024,79,108,-0.6578587,-0.8290102,-0.7928999,-0.6604676,-0.511688,-0.4671966,MENA
771,BGD,Bangladesh,1991,46,74,-0.9094398,-1.336645,-1.234615,-0.8999399,-0.6056988,-0.525462,South & East Asia
771,BGD,Bangladesh,1992,47,75,-0.8572312,-1.227255,-1.13779,-0.8584623,-0.5855018,-0.5243412,South & East Asia
771,BGD,Bangladesh,1993,48,63,-0.58384,-0.8714325,-0.8038506,-0.5807859,-0.3644384,-0.3138833,South & East Asia
771,BGD,Bangladesh,1994,49,65,-0.7856279,-1.153095,-1.073306,-0.7786641,-0.5150389,-0.4491782,South & East Asia
771,BGD,Bangladesh,1995,50,66,-0.7889432,-1.117924,-1.039885,-0.7871167,-0.5436069,-0.4655065,South & East Asia
771,BGD,Bangladesh,1996,51,71,-0.802478,-1.150897,-1.073076,-0.7967495,-0.5439429,-0.4768291,South & East Asia
771,BGD,Bangladesh,1997,52,71,-0.7463964,-1.068648,-0.9977918,-0.7459765,-0.4835655,-0.4124591,South & East Asia
771,BGD,Bangladesh,1998,53,61,-0.673026,-1.042774,-0.9490525,-0.6583602,-0.4191147,-0.349262,South & East Asia
771,BGD,Bangladesh,1999,54,69,-0.7671809,-1.082423,-1.010573,-0.7658885,-0.5297848,-0.4703711,South & East Asia
771,BGD,Bangladesh,2000,55,68,-0.7806456,-1.146892,-1.057334,-0.775319,-0.5165552,-0.4382761,South & East Asia
771,BGD,Bangladesh,2001,56,69,-0.5994394,-0.910865,-0.8334716,-0.5845081,-0.3729399,-0.3192094,South & East Asia
771,BGD,Bangladesh,2002,57,76,-0.7736034,-1.108555,-1.04147,-0.7581484,-0.5352126,-0.4640909,South & East Asia
771,BGD,Bangladesh,2003,58,77,-0.9554472,-1.317714,-1.227486,-0.9415959,-0.6806643,-0.6074148,South & East Asia
771,BGD,Bangladesh,2004,59,72,-1.023714,-1.422334,-1.344598,-1.019701,-0.7195041,-0.6594327,South & East Asia
771,BGD,Bangladesh,2005,60,75,-0.9062556,-1.255568,-1.168498,-0.8950354,-0.6562821,-0.5998587,South & East Asia
771,BGD,Bangladesh,2006,61,87,-0.8672083,-1.178658,-1.114519,-0.8619561,-0.6241785,-0.5544469,South & East Asia
771,BGD,Bangladesh,2007,62,79,-0.7925617,-1.102231,-1.038016,-0.7889229,-0.5563991,-0.5188866,South & East Asia
771,BGD,Bangladesh,2008,63,76,-0.7366781,-1.019359,-0.9631488,-0.7331785,-0.5131121,-0.4589967,South & East Asia
771,BGD,Bangladesh,2009,64,66,-0.7706652,-1.087524,-1.021128,-0.7616569,-0.5561158,-0.4943134,South & East Asia
771,BGD,Bangladesh,2010,65,72,-0.9614608,-1.282059,-1.22023,-0.9672389,-0.7098008,-0.6380403,South & East Asia
771,BGD,Bangladesh,2011,66,68,-0.9620419,-1.258812,-1.183081,-0.9613351,-0.7390609,-0.6825095,South & East Asia
771,BGD,Bangladesh,2012,67,74,-0.707261,-1.006696,-0.9365041,-0.6981353,-0.4867833,-0.4231891,South & East Asia
771,BGD,Bangladesh,2013,68,63,-0.8623855,-1.170042,-1.109941,-0.8557185,-0.6311333,-0.5675063,South & East Asia
771,BGD,Bangladesh,2014,69,77,-0.9713142,-1.295405,-1.222048,-0.9679731,-0.7307248,-0.6688436,South & East Asia
771,BGD,Bangladesh,2015,70,77,-0.8659979,-1.229086,-1.132961,-0.8508627,-0.6131939,-0.5528321,South & East Asia
771,BGD,Bangladesh,2016,71,79,-0.915792,-1.246539,-1.16224,-0.9136485,-0.670649,-0.6089639,South & East Asia
771,BGD,Bangladesh,2017,72,93,-0.7216028,-1.057562,-0.960074,-0.7172014,-0.4820171,-0.4335533,South & East Asia
771,BGD,Bangladesh,2018,73,109,-0.5292449,-0.7508805,-0.7064875,-0.5206012,-0.3701748,-0.3273865,South & East Asia
771,BGD,Bangladesh,2019,74,100,-0.5515273,-0.7805949,-0.7375931,-0.5466757,-0.3759318,-0.3314142,South & East Asia
771,BGD,Bangladesh,2020,75,97,-0.6332698,-0.891537,-0.8401241,-0.6310385,-0.4446612,-0.3950632,South & East Asia
771,BGD,Bangladesh,2021,76,84,-0.6291992,-0.8762818,-0.8273363,-0.621872,-0.4505123,-0.4059473,South & East Asia
771,BGD,Bangladesh,2022,77,88,-0.5760453,-0.778272,-0.7232616,-0.568671,-0.4293015,-0.3819467,South & East Asia
771,BGD,Bangladesh,2023,78,86,-0.526362,-0.7278351,-0.6787274,-0.5246025,-0.381612,-0.3462567,South & East Asia
771,BGD,Bangladesh,2024,79,107,-0.527337,-0.6886368,-0.6615653,-0.5217161,-0.4006776,-0.3650283,South & East Asia
53,BRB,Barbados,1991,46,74,-0.2644751,-0.519328,-0.4561871,-0.2596083,-0.08207698,-0.04158183,Other
53,BRB,Barbados,1992,47,75,-0.2685572,-0.5005153,-0.4508187,-0.2615561,-0.08880757,-0.03145727,Other
53,BRB,Barbados,1993,48,64,-0.1028449,-0.318829,-0.2711933,-0.1016485,0.05838191,0.1073316,Other
53,BRB,Barbados,1994,49,67,-0.1226596,-0.4104789,-0.3514237,-0.1112983,0.08862291,0.1507802,Other
53,BRB,Barbados,1995,50,62,0.1588304,-0.07118193,-0.01196889,0.1633317,0.329434,0.3678704,Other
53,BRB,Barbados,1996,51,64,0.08426751,-0.1296668,-0.07813312,0.08179466,0.2578028,0.3136923,Other
53,BRB,Barbados,1997,52,64,-0.188784,-0.4194,-0.3580569,-0.1842793,-0.0107442,0.03543384,Other
53,BRB,Barbados,1998,53,62,-0.123937,-0.3464344,-0.2949192,-0.1230453,0.03826804,0.09240613,Other
53,BRB,Barbados,1999,54,67,-0.2483277,-0.4678321,-0.4207832,-0.2423141,-0.08334447,-0.05108814,Other
53,BRB,Barbados,2000,55,68,-0.2967591,-0.552056,-0.4965532,-0.2914874,-0.1056516,-0.06632379,Other
53,BRB,Barbados,2001,56,61,-0.4008106,-0.6628472,-0.594951,-0.3949887,-0.2119742,-0.1711673,Other
53,BRB,Barbados,2002,57,67,-0.2881117,-0.537091,-0.4812826,-0.2791324,-0.1215934,-0.07883025,Other
53,BRB,Barbados,2003,58,71,-0.445901,-0.7040172,-0.6482326,-0.4347631,-0.2534725,-0.2125363,Other
53,BRB,Barbados,2004,59,67,-0.5723438,-0.8788571,-0.7984597,-0.5651831,-0.3503199,-0.2907868,Other
53,BRB,Barbados,2005,60,75,-0.5913885,-0.8390357,-0.7838284,-0.5876231,-0.4020819,-0.3593849,Other
53,BRB,Barbados,2006,61,86,-0.4969887,-0.7235406,-0.673756,-0.4906353,-0.3228078,-0.2780645,Other
53,BRB,Barbados,2007,62,77,-0.6178353,-0.9021886,-0.8321401,-0.6160849,-0.4119254,-0.3632789,Other
53,BRB,Barbados,2008,63,75,-0.5876561,-0.8596385,-0.7987865,-0.5835787,-0.3928068,-0.3373562,Other
53,BRB,Barbados,2009,64,62,-0.5749471,-0.8362838,-0.7840921,-0.575107,-0.369753,-0.3291821,Other
53,BRB,Barbados,2010,65,70,-0.5085069,-0.7699314,-0.7073476,-0.5003702,-0.3178074,-0.2712434,Other
53,BRB,Barbados,2011,66,67,-0.3861992,-0.6467821,-0.5787626,-0.3782805,-0.2120463,-0.1605361,Other
53,BRB,Barbados,2012,67,73,-0.37271,-0.6011039,-0.5544617,-0.3652925,-0.2003672,-0.1643725,Other
53,BRB,Barbados,2013,68,62,-0.482823,-0.7337519,-0.6870022,-0.4813066,-0.2771579,-0.2353302,Other
53,BRB,Barbados,2014,69,76,-0.4290693,-0.6780223,-0.627481,-0.4210557,-0.236482,-0.1995345,Other
53,BRB,Barbados,2015,70,70,-0.3996996,-0.6489586,-0.5739757,-0.3916017,-0.2199268,-0.1721406,Other
53,BRB,Barbados,2016,71,77,-0.3564645,-0.602974,-0.5471621,-0.3467096,-0.1800242,-0.1361026,Other
53,BRB,Barbados,2017,72,84,-0.4091029,-0.678635,-0.6019241,-0.3940512,-0.2272813,-0.1838733,Other
53,BRB,Barbados,2018,73,98,-0.2918065,-0.4744346,-0.4307273,-0.2936068,-0.1450754,-0.1103568,Other
53,BRB,Barbados,2019,74,90,-0.2396142,-0.4254065,-0.3806795,-0.2345267,-0.09314954,-0.06457125,Other
53,BRB,Barbados,2020,75,94,-0.2286335,-0.4199896,-0.3742925,-0.2228269,-0.09535877,-0.06521626,Other
53,BRB,Barbados,2021,76,83,-0.2478622,-0.4277472,-0.3870761,-0.2470999,-0.1079937,-0.0764037,Other
53,BRB,Barbados,2022,77,84,-0.2245178,-0.3908238,-0.3526917,-0.2282004,-0.09858476,-0.06590517,Other
53,BRB,Barbados,2023,78,84,-0.200003,-0.3668449,-0.3256973,-0.2010205,-0.07422739,-0.04954981,Other
53,BRB,Barbados,2024,79,98,-0.2051879,-0.3703856,-0.326712,-0.2069761,-0.08241875,-0.04634232,Other
370,BLR,Belarus,1991,46,57,0.5326412,0.3780174,0.4087937,0.5327908,0.6596715,0.6877794,Other
370,BLR,Belarus,1992,47,73,0.4849511,0.3301422,0.3639903,0.4851986,0.5962898,0.6382805,Other
370,BLR,Belarus,1993,48,63,0.4673607,0.29742,0.3338034,0.4707866,0.5972818,0.6366279,Other
370,BLR,Belarus,1994,49,68,0.6117015,0.4188266,0.4587413,0.6156322,0.7532724,0.7978936,Other
370,BLR,Belarus,1995,50,67,0.596174,0.4182895,0.4523575,0.5941133,0.7398458,0.7786535,Other
370,BLR,Belarus,1996,51,74,0.5567005,0.395028,0.4279644,0.5551946,0.6947401,0.7278651,Other
370,BLR,Belarus,1997,52,72,0.4138915,0.2346668,0.271669,0.4140513,0.5473649,0.5920374,Other
370,BLR,Belarus,1998,53,63,0.1516838,-0.02239761,0.01679665,0.1524594,0.2920682,0.3334,Other
370,BLR,Belarus,1999,54,70,-0.01534571,-0.1755944,-0.139346,-0.01470576,0.1152713,0.1484126,Other
370,BLR,Belarus,2000,55,65,-0.5645989,-0.9105275,-0.8185389,-0.551593,-0.3373017,-0.2757657,Other
370,BLR,Belarus,2001,56,65,-0.09923358,-0.2756282,-0.2375815,-0.09773731,0.03193738,0.08221226,Other
370,BLR,Belarus,2002,57,74,-0.1211969,-0.2982783,-0.2471383,-0.1183431,0.009893752,0.03869802,Other
370,BLR,Belarus,2003,58,78,-0.08651267,-0.2645971,-0.2231872,-0.08507241,0.04671569,0.08422839,Other
370,BLR,Belarus,2004,59,70,-0.2044914,-0.38819,-0.3508239,-0.205062,-0.06470896,-0.0272813,Other
370,BLR,Belarus,2005,60,74,-0.2023548,-0.3548079,-0.3192823,-0.203807,-0.07631781,-0.05181298,Other
370,BLR,Belarus,2006,61,87,-0.2538776,-0.4211072,-0.3766769,-0.2513961,-0.1311295,-0.09923855,Other
370,BLR,Belarus,2007,62,79,-0.385101,-0.5692857,-0.5288683,-0.3861993,-0.2354007,-0.192237,Other
370,BLR,Belarus,2008,63,76,-0.4548454,-0.6585322,-0.6043328,-0.4550892,-0.2969723,-0.2629479,Other
370,BLR,Belarus,2009,64,65,-0.4429724,-0.6377006,-0.5970563,-0.4419366,-0.2849924,-0.2415476,Other
370,BLR,Belarus,2010,65,70,-0.3687319,-0.5627088,-0.522933,-0.3646597,-0.2201917,-0.1778462,Other
370,BLR,Belarus,2011,66,65,-0.3987434,-0.5976723,-0.5582586,-0.394319,-0.2445893,-0.2070785,Other
370,BLR,Belarus,2012,67,70,-0.4024395,-0.5969149,-0.5578504,-0.3977152,-0.2468175,-0.2113082,Other
370,BLR,Belarus,2013,68,58,-0.3855829,-0.5947174,-0.5336998,-0.3862466,-0.2323493,-0.1917104,Other
370,BLR,Belarus,2014,69,72,-0.361404,-0.5647445,-0.515343,-0.3550802,-0.2114134,-0.1690195,Other
370,BLR,Belarus,2015,70,72,-0.2496893,-0.4274198,-0.3800497,-0.248963,-0.1147969,-0.08279373,Other
370,BLR,Belarus,2016,71,77,-0.340401,-0.5302476,-0.4898118,-0.3338646,-0.1987542,-0.1530312,Other
370,BLR,Belarus,2017,72,85,-0.2922049,-0.4870472,-0.4411042,-0.2891725,-0.1563872,-0.1150749,Other
370,BLR,Belarus,2018,73,105,-0.418194,-0.5710344,-0.5340762,-0.4175565,-0.2985525,-0.2604852,Other
370,BLR,Belarus,2019,74,95,-0.2834836,-0.4461106,-0.4084024,-0.2826041,-0.1640301,-0.1197809,Other
370,BLR,Belarus,2020,75,97,-0.3387843,-0.5102219,-0.4654153,-0.3384144,-0.2045879,-0.1704963,Other
370,BLR,Belarus,2021,76,85,-0.4730771,-0.653641,-0.6128646,-0.4706294,-0.3370476,-0.3026969,Other
370,BLR,Belarus,2022,77,87,-0.8721113,-1.036065,-0.9994593,-0.8746543,-0.7446367,-0.7100363,Other
370,BLR,Belarus,2023,78,87,-0.8378701,-1.00348,-0.9689438,-0.8389688,-0.7069354,-0.6732035,Other
370,BLR,Belarus,2024,79,106,-0.8485987,-1.017474,-0.9774876,-0.84993,-0.7175032,-0.6798383,Other
211,BEL,Belgium,1991,46,72,1.70569,1.517362,1.551058,1.705111,1.854015,1.898105,Western Europe & North America
211,BEL,Belgium,1992,47,74,1.554779,1.361245,1.405845,1.554393,1.711872,1.758399,Western Europe & North America
211,BEL,Belgium,1993,48,64,1.544531,1.33533,1.376065,1.540096,1.71408,1.770332,Western Europe & North America
211,BEL,Belgium,1994,49,68,1.543402,1.283023,1.349321,1.536724,1.746763,1.800086,Western Europe & North America
211,BEL,Belgium,1995,50,67,1.562713,1.304708,1.355573,1.559449,1.774884,1.843508,Western Europe & North America
211,BEL,Belgium,1996,51,74,1.566201,1.314755,1.368449,1.56342,1.775033,1.843053,Western Europe & North America
211,BEL,Belgium,1997,52,73,1.450149,1.211936,1.261008,1.446123,1.629778,1.697758,Western Europe & North America
211,BEL,Belgium,1998,53,63,1.239355,1.013816,1.063797,1.23272,1.419882,1.475125,Western Europe & North America
211,BEL,Belgium,1999,54,70,1.193037,0.9796281,1.0255,1.187294,1.374749,1.405043,Western Europe & North America
211,BEL,Belgium,2000,55,68,1.186341,0.9544126,1.021317,1.187999,1.361318,1.398856,Western Europe & North America
211,BEL,Belgium,2001,56,69,1.127883,0.9100945,0.9647321,1.128993,1.306846,1.349413,Western Europe & North America
211,BEL,Belgium,2002,57,76,1.109692,0.9124237,0.9573695,1.107954,1.261727,1.314518,Western Europe & North America
211,BEL,Belgium,2003,58,77,1.124083,0.9379183,0.9796119,1.123607,1.273176,1.319372,Western Europe & North America
211,BEL,Belgium,2004,59,70,0.9865274,0.7993475,0.837346,0.9881251,1.13377,1.180921,Western Europe & North America
211,BEL,Belgium,2005,60,75,1.023275,0.823859,0.864578,1.02341,1.178932,1.221689,Western Europe & North America
211,BEL,Belgium,2006,61,87,0.9952035,0.8134839,0.8547569,0.9938218,1.144644,1.186177,Western Europe & North America
211,BEL,Belgium,2007,62,79,0.950288,0.7682575,0.8035841,0.9540127,1.095523,1.139408,Western Europe & North America
211,BEL,Belgium,2008,63,77,0.936309,0.7369704,0.7916206,0.9380745,1.077955,1.129121,Western Europe & North America
211,BEL,Belgium,2009,64,66,1.025696,0.8417609,0.8726541,1.025876,1.172801,1.218126,Western Europe & North America
211,BEL,Belgium,2010,65,72,0.9714379,0.7911536,0.8363319,0.9723857,1.110442,1.155793,Western Europe & North America
211,BEL,Belgium,2011,66,69,1.020784,0.8190048,0.8540368,1.018914,1.188829,1.228882,Western Europe & North America
211,BEL,Belgium,2012,67,74,0.967464,0.7830146,0.8206632,0.9684596,1.117438,1.146281,Western Europe & North America
211,BEL,Belgium,2013,68,63,0.9511491,0.7512242,0.7863586,0.9524377,1.120535,1.154878,Western Europe & North America
211,BEL,Belgium,2014,69,77,0.9920724,0.8250083,0.8526355,0.988124,1.131824,1.183005,Western Europe & North America
211,BEL,Belgium,2015,70,77,1.009008,0.8326394,0.8705387,1.011839,1.149972,1.184642,Western Europe & North America
211,BEL,Belgium,2016,71,80,1.03727,0.8587252,0.9029765,1.035239,1.177245,1.222584,Western Europe & North America
211,BEL,Belgium,2017,72,92,0.9601748,0.7847834,0.8168245,0.96397,1.089718,1.1308,Western Europe & North America
211,BEL,Belgium,2018,73,109,0.9573531,0.7954784,0.8283918,0.9536203,1.092891,1.122531,Western Europe & North America
211,BEL,Belgium,2019,74,98,0.9828607,0.8264255,0.8655354,0.9813257,1.100835,1.140789,Western Europe & North America
211,BEL,Belgium,2020,75,97,1.011996,0.870124,0.8954018,1.011824,1.133546,1.169078,Western Europe & North America
211,BEL,Belgium,2021,76,86,0.9625347,0.8010577,0.8408316,0.9641214,1.084486,1.119351,Western Europe & North America
211,BEL,Belgium,2022,77,88,1.010233,0.8314341,0.8693155,1.010799,1.143888,1.192158,Western Europe & North America
211,BEL,Belgium,2023,78,88,0.9712455,0.81716,0.8522594,0.9658798,1.106949,1.136884,Western Europe & North America
211,BEL,Belgium,2024,79,108,1.021567,0.8676301,0.8981402,1.018338,1.144618,1.186634,Western Europe & North America
80,BLZ,Belize,1991,46,64,-0.2491902,-0.5120409,-0.4506374,-0.23839,-0.072032,-0.01388771,Other
80,BLZ,Belize,1992,47,71,-0.2279547,-0.4667827,-0.4005196,-0.2265488,-0.04951801,-0.006589727,Other
80,BLZ,Belize,1993,48,62,0.09094475,-0.1082921,-0.05573053,0.09195492,0.2406914,0.2910962,Other
80,BLZ,Belize,1994,49,57,0.08306633,-0.15474,-0.09203932,0.08685322,0.2525812,0.3038906,Other
80,BLZ,Belize,1995,50,66,0.1201931,-0.09140196,-0.03774938,0.1261463,0.267918,0.3048075,Other
80,BLZ,Belize,1996,51,69,-0.02376131,-0.2684403,-0.2195604,-0.01812837,0.1696954,0.2067506,Other
80,BLZ,Belize,1997,52,63,-0.1840785,-0.4310377,-0.3858346,-0.1743963,-0.01105941,0.03703907,Other
80,BLZ,Belize,1998,53,55,-0.4594296,-0.8209219,-0.7315315,-0.4499116,-0.2059592,-0.1512816,Other
80,BLZ,Belize,1999,54,57,-0.3894536,-0.6479011,-0.594387,-0.3901508,-0.1931956,-0.1249131,Other
80,BLZ,Belize,2000,55,60,-0.3310986,-0.5818303,-0.5374952,-0.3243615,-0.1325204,-0.08886023,Other
80,BLZ,Belize,2001,56,45,-0.2740883,-0.5729704,-0.5059919,-0.2573625,-0.0700378,-0.02222917,Other
80,BLZ,Belize,2002,57,72,-0.3802056,-0.6249457,-0.5725354,-0.3702598,-0.1990115,-0.1616656,Other
80,BLZ,Belize,2003,58,78,-0.5505491,-0.8237645,-0.7622759,-0.5430374,-0.3452663,-0.3068185,Other
80,BLZ,Belize,2004,59,69,-0.495921,-0.7696209,-0.7133406,-0.4914661,-0.2814351,-0.2250133,Other
80,BLZ,Belize,2005,60,71,-0.442369,-0.6792487,-0.6210967,-0.4435127,-0.2576858,-0.2109951,Other
80,BLZ,Belize,2006,61,87,-0.4406024,-0.6703692,-0.6111827,-0.4352449,-0.2774949,-0.240922,Other
80,BLZ,Belize,2007,62,77,-0.3988455,-0.6520871,-0.5819304,-0.3886388,-0.2346249,-0.1847799,Other
80,BLZ,Belize,2008,63,67,-0.28605,-0.4990461,-0.4463743,-0.2788246,-0.1307941,-0.09151923,Other
80,BLZ,Belize,2009,64,62,-0.3541728,-0.5821101,-0.5294052,-0.3452421,-0.1797677,-0.1459994,Other
80,BLZ,Belize,2010,65,70,-0.4253881,-0.6710721,-0.6153096,-0.4190254,-0.2455764,-0.1917435,Other
80,BLZ,Belize,2011,66,65,-0.3648121,-0.6247148,-0.5583227,-0.3517428,-0.1900928,-0.1482244,Other
80,BLZ,Belize,2012,67,69,-0.4543362,-0.7154259,-0.6555856,-0.4420035,-0.2700601,-0.2176756,Other
80,BLZ,Belize,2013,68,61,-0.4490647,-0.7290473,-0.654301,-0.4374706,-0.2596508,-0.2156432,Other
80,BLZ,Belize,2014,69,72,-0.4195076,-0.6562683,-0.6094728,-0.4209657,-0.2387592,-0.1984688,Other
80,BLZ,Belize,2015,70,73,-0.4177812,-0.6527059,-0.5981629,-0.4096267,-0.2433717,-0.2057514,Other
80,BLZ,Belize,2016,71,75,-0.2778044,-0.4915415,-0.440112,-0.2807858,-0.1082941,-0.06555599,Other
80,BLZ,Belize,2017,72,85,-0.4435236,-0.6927571,-0.6304783,-0.4355261,-0.2638722,-0.2110781,Other
80,BLZ,Belize,2018,73,97,-0.2201209,-0.410847,-0.3601189,-0.2115467,-0.08778364,-0.04979428,Other
80,BLZ,Belize,2019,74,95,-0.2073398,-0.3785211,-0.3401261,-0.2020876,-0.07509721,-0.04395494,Other
80,BLZ,Belize,2020,75,95,-0.3034138,-0.5061725,-0.4601663,-0.299513,-0.1592189,-0.1144516,Other
80,BLZ,Belize,2021,76,71,-0.3150274,-0.5340709,-0.4874982,-0.3104831,-0.1456532,-0.104435,Other
80,BLZ,Belize,2022,77,82,-0.2948395,-0.457191,-0.4258779,-0.2932304,-0.1642459,-0.127362,Other
80,BLZ,Belize,2023,78,76,-0.3050277,-0.4978569,-0.4486012,-0.3005059,-0.1696712,-0.1355978,Other
80,BLZ,Belize,2024,79,91,-0.2475277,-0.4132305,-0.374504,-0.2454688,-0.122939,-0.09290663,Other
434,BEN,Benin,1991,46,74,-0.1786968,-0.4230222,-0.3549121,-0.1724987,-0.007630446,0.04088935,Sub-Saharan Africa
434,BEN,Benin,1992,47,74,-0.1144135,-0.320065,-0.2807904,-0.1100855,0.05558777,0.09338149,Sub-Saharan Africa
434,BEN,Benin,1993,48,62,-0.3686514,-0.6596672,-0.5951901,-0.3607854,-0.1539929,-0.09013798,Sub-Saharan Africa
434,BEN,Benin,1994,49,67,-0.4459923,-0.7774631,-0.7031097,-0.4393955,-0.2030584,-0.1428267,Sub-Saharan Africa
434,BEN,Benin,1995,50,67,-0.2599703,-0.4975739,-0.4381785,-0.2602726,-0.081789,-0.02819165,Sub-Saharan Africa
434,BEN,Benin,1996,51,73,-0.6303212,-0.9165953,-0.8555535,-0.6308127,-0.405095,-0.3373076,Sub-Saharan Africa
434,BEN,Benin,1997,52,71,-0.749765,-1.072731,-0.9929209,-0.7474813,-0.5257226,-0.4552068,Sub-Saharan Africa
434,BEN,Benin,1998,53,60,-0.8321654,-1.232207,-1.14288,-0.8258514,-0.5373863,-0.4697897,Sub-Saharan Africa
434,BEN,Benin,1999,54,68,-0.8020301,-1.125712,-1.054856,-0.7905915,-0.55905,-0.4987113,Sub-Saharan Africa
434,BEN,Benin,2000,55,60,-0.5565995,-0.86596,-0.8028318,-0.5578602,-0.3239999,-0.2754552,Sub-Saharan Africa
434,BEN,Benin,2001,56,63,-0.6299182,-0.9200702,-0.8636307,-0.6251042,-0.4121331,-0.3575461,Sub-Saharan Africa
434,BEN,Benin,2002,57,25,-0.8402892,-1.280536,-1.166989,-0.832425,-0.5175815,-0.4426268,Sub-Saharan Africa
434,BEN,Benin,2003,58,68,-0.7016426,-1.064429,-0.9674131,-0.695606,-0.4475724,-0.3797339,Sub-Saharan Africa
434,BEN,Benin,2004,59,66,-0.3843572,-0.6577675,-0.5806044,-0.3752464,-0.204539,-0.1532649,Sub-Saharan Africa
434,BEN,Benin,2005,60,72,-0.5516998,-0.7955349,-0.7389661,-0.5456969,-0.3763757,-0.3219914,Sub-Saharan Africa
434,BEN,Benin,2006,61,68,-0.5750452,-0.8264228,-0.7748136,-0.5735126,-0.3854879,-0.3300428,Sub-Saharan Africa
434,BEN,Benin,2007,62,77,-0.472503,-0.7205008,-0.6606036,-0.4639764,-0.2966741,-0.258636,Sub-Saharan Africa
434,BEN,Benin,2008,63,70,-0.4506495,-0.692444,-0.6347238,-0.4472511,-0.2725536,-0.2205408,Sub-Saharan Africa
434,BEN,Benin,2009,64,66,-0.256879,-0.4548923,-0.4070837,-0.2516505,-0.1245316,-0.07718626,Sub-Saharan Africa
434,BEN,Benin,2010,65,60,-0.1141113,-0.3006279,-0.2507558,-0.1094896,0.02362003,0.05668559,Sub-Saharan Africa
434,BEN,Benin,2011,66,66,-0.3840952,-0.617795,-0.5595564,-0.3777641,-0.2189626,-0.1710616,Sub-Saharan Africa
434,BEN,Benin,2012,67,72,-0.4688681,-0.7114278,-0.6584789,-0.4647035,-0.2796928,-0.2251316,Sub-Saharan Africa
434,BEN,Benin,2013,68,62,-0.5888555,-0.8502543,-0.7996408,-0.5859859,-0.3875869,-0.327623,Sub-Saharan Africa
434,BEN,Benin,2014,69,66,-0.4384168,-0.702397,-0.6376689,-0.430465,-0.2510514,-0.2087039,Sub-Saharan Africa
434,BEN,Benin,2015,70,63,-0.5103926,-0.7859112,-0.7309468,-0.4942899,-0.3126509,-0.263127,Sub-Saharan Africa
434,BEN,Benin,2016,71,77,-0.553754,-0.8530608,-0.7767992,-0.544335,-0.3491543,-0.3000366,Sub-Saharan Africa
434,BEN,Benin,2017,72,64,-0.5751378,-0.9163039,-0.8206873,-0.5558654,-0.3414382,-0.2801275,Sub-Saharan Africa
434,BEN,Benin,2018,73,100,-0.4445007,-0.6514746,-0.6088541,-0.4408862,-0.2829634,-0.2407673,Sub-Saharan Africa
434,BEN,Benin,2019,74,94,-0.4778808,-0.7174112,-0.6690727,-0.4668863,-0.3022106,-0.2488468,Sub-Saharan Africa
434,BEN,Benin,2020,75,55,-0.3553026,-0.6139693,-0.5607079,-0.3511731,-0.1516333,-0.1054621,Sub-Saharan Africa
434,BEN,Benin,2021,76,30,-0.4812484,-0.8510513,-0.7657163,-0.458488,-0.2195852,-0.1499143,Sub-Saharan Africa
434,BEN,Benin,2022,77,63,-0.2737346,-0.489633,-0.4357238,-0.2716214,-0.1091479,-0.07299318,Sub-Saharan Africa
434,BEN,Benin,2023,78,53,-0.2757485,-0.4880053,-0.4392652,-0.270611,-0.1179211,-0.07366863,Sub-Saharan Africa
434,BEN,Benin,2024,79,62,-0.3416237,-0.5633268,-0.5044812,-0.3395555,-0.1788245,-0.1299659,Sub-Saharan Africa
760,BTN,Bhutan,1991,46,69,-0.7131458,-1.113214,-1.00828,-0.7061892,-0.4336833,-0.3425951,South & East Asia
760,BTN,Bhutan,1992,47,66,-0.4404014,-0.7537682,-0.6726991,-0.4302751,-0.2072217,-0.1467361,South & East Asia
760,BTN,Bhutan,1993,48,65,-0.6015549,-0.9026762,-0.8403448,-0.5931125,-0.3657103,-0.3022466,South & East Asia
760,BTN,Bhutan,1994,49,57,-0.6762105,-1.032409,-0.9476984,-0.675015,-0.4089216,-0.3355876,South & East Asia
760,BTN,Bhutan,1995,50,53,-0.4442457,-0.7588537,-0.6755025,-0.4468244,-0.2029635,-0.1436016,South & East Asia
760,BTN,Bhutan,1996,51,69,-0.4608364,-0.7337274,-0.683358,-0.46249,-0.240313,-0.1764908,South & East Asia
760,BTN,Bhutan,1997,52,67,-0.5748244,-0.861851,-0.812945,-0.5747542,-0.3551016,-0.29953,South & East Asia
760,BTN,Bhutan,1998,53,45,-0.4856951,-0.7916274,-0.7145601,-0.4820494,-0.2573729,-0.1970873,South & East Asia
760,BTN,Bhutan,1999,54,69,-0.6511862,-0.9497032,-0.8876278,-0.6408052,-0.4326221,-0.37965,South & East Asia
760,BTN,Bhutan,2000,55,55,-0.8931828,-1.250371,-1.170431,-0.8930847,-0.6227543,-0.5487711,South & East Asia
760,BTN,Bhutan,2001,56,58,-0.6247126,-0.9348366,-0.8590002,-0.6220138,-0.3941102,-0.3347085,South & East Asia
760,BTN,Bhutan,2002,57,51,-0.487386,-0.7759514,-0.7056426,-0.4801697,-0.2798167,-0.2261879,South & East Asia
760,BTN,Bhutan,2003,58,63,-0.2014424,-0.4225219,-0.366123,-0.1911007,-0.04373117,-0.006393343,South & East Asia
760,BTN,Bhutan,2004,59,50,-0.5136212,-0.7985662,-0.729218,-0.513288,-0.2979878,-0.2535083,South & East Asia
760,BTN,Bhutan,2005,60,67,-0.4388878,-0.6890646,-0.6276756,-0.4330638,-0.2539855,-0.2108635,South & East Asia
760,BTN,Bhutan,2006,61,85,-0.4621927,-0.6924962,-0.6416474,-0.4608815,-0.289807,-0.2442649,South & East Asia
760,BTN,Bhutan,2007,62,69,-0.3513172,-0.563346,-0.5232388,-0.3471389,-0.196812,-0.1569908,South & East Asia
760,BTN,Bhutan,2008,63,69,-0.4617651,-0.7118517,-0.6523714,-0.4544223,-0.2774072,-0.2227727,South & East Asia
760,BTN,Bhutan,2009,64,62,-0.4848215,-0.7546976,-0.685703,-0.4763828,-0.2964175,-0.243772,South & East Asia
760,BTN,Bhutan,2010,65,65,-0.4324414,-0.6682585,-0.6053404,-0.4295673,-0.2565268,-0.201707,South & East Asia
760,BTN,Bhutan,2011,66,63,-0.5478405,-0.8250023,-0.7716827,-0.540485,-0.3373864,-0.2877433,South & East Asia
760,BTN,Bhutan,2012,67,72,-0.4766468,-0.7463034,-0.6726051,-0.4728588,-0.2878803,-0.2296227,South & East Asia
760,BTN,Bhutan,2013,68,63,-0.6268944,-0.9027809,-0.8366799,-0.6226443,-0.4251175,-0.3642711,South & East Asia
760,BTN,Bhutan,2014,69,75,-0.5065255,-0.773487,-0.7047016,-0.5031096,-0.305372,-0.2620376,South & East Asia
760,BTN,Bhutan,2015,70,78,-0.4244535,-0.6903003,-0.6262875,-0.4149546,-0.2463996,-0.2135101,South & East Asia
760,BTN,Bhutan,2016,71,78,-0.4826268,-0.7523688,-0.6873386,-0.4715509,-0.2972622,-0.2394062,South & East Asia
760,BTN,Bhutan,2017,72,89,-0.6344428,-0.9462522,-0.8700683,-0.6254323,-0.4049756,-0.3543498,South & East Asia
760,BTN,Bhutan,2018,73,108,-0.4502102,-0.6550372,-0.6049181,-0.4460471,-0.3075486,-0.2672127,South & East Asia
760,BTN,Bhutan,2019,74,99,-0.5050825,-0.7438067,-0.678923,-0.502947,-0.324373,-0.2796528,South & East Asia
760,BTN,Bhutan,2020,75,97,-0.4836325,-0.7143448,-0.6659418,-0.4788201,-0.3103445,-0.2597723,South & East Asia
760,BTN,Bhutan,2021,76,85,-0.34857,-0.5354444,-0.4962743,-0.3486954,-0.2082375,-0.1632459,South & East Asia
760,BTN,Bhutan,2022,77,85,-0.3161732,-0.4852873,-0.4481198,-0.3126073,-0.1893722,-0.1490221,South & East Asia
760,BTN,Bhutan,2023,78,84,-0.3352794,-0.5041675,-0.4741741,-0.3329501,-0.1979341,-0.1639241,South & East Asia
760,BTN,Bhutan,2024,79,102,-0.3137468,-0.4694149,-0.436558,-0.3138337,-0.1922072,-0.1584271,South & East Asia
145,BOL,Bolivia,1991,46,73,-0.1839009,-0.4335268,-0.373271,-0.1775713,-0.003365922,0.0419784,Latin America & Caribbean
145,BOL,Bolivia,1992,47,68,0.1698959,-0.01495553,0.020986,0.1736476,0.3057911,0.3411462,Latin America & Caribbean
145,BOL,Bolivia,1993,48,65,-0.09673285,-0.3118816,-0.2596418,-0.09257861,0.06757334,0.112211,Latin America & Caribbean
145,BOL,Bolivia,1994,49,68,-0.1209474,-0.3767071,-0.3150269,-0.1175773,0.07305917,0.138296,Latin America & Caribbean
145,BOL,Bolivia,1995,50,66,-0.1065994,-0.3397648,-0.293997,-0.102833,0.07913297,0.1251993,Latin America & Caribbean
145,BOL,Bolivia,1996,51,73,-0.09315134,-0.3365562,-0.2814015,-0.09172749,0.08785214,0.1347908,Latin America & Caribbean
145,BOL,Bolivia,1997,52,73,-0.02708421,-0.2448134,-0.190944,-0.02253758,0.1326248,0.1708353,Latin America & Caribbean
145,BOL,Bolivia,1998,53,63,-0.2071861,-0.4476547,-0.3917151,-0.201845,-0.02982075,0.006557304,Latin America & Caribbean
145,BOL,Bolivia,1999,54,68,-0.151262,-0.3565515,-0.3031803,-0.1508172,0.0055985,0.04753695,Latin America & Caribbean
145,BOL,Bolivia,2000,55,68,-0.1081299,-0.3256912,-0.2719946,-0.1099671,0.05085002,0.09319619,Latin America & Caribbean
145,BOL,Bolivia,2001,56,69,-0.1493897,-0.3503936,-0.2985229,-0.143628,-0.001451307,0.04371271,Latin America & Caribbean
145,BOL,Bolivia,2002,57,76,-0.1749145,-0.3634918,-0.3158155,-0.1764653,-0.03756968,-0.0009360121,Latin America & Caribbean
145,BOL,Bolivia,2003,58,77,-0.1292114,-0.3158191,-0.2718525,-0.1225815,0.003574566,0.04221453,Latin America & Caribbean
145,BOL,Bolivia,2004,59,72,-0.1589896,-0.3436874,-0.3077807,-0.1562401,-0.0172578,0.0224441,Latin America & Caribbean
145,BOL,Bolivia,2005,60,74,-0.14663,-0.3323519,-0.2799288,-0.1419002,-0.01729253,0.009813858,Latin America & Caribbean
145,BOL,Bolivia,2006,61,86,-0.2955183,-0.4810992,-0.4322107,-0.2876281,-0.1602571,-0.1282281,Latin America & Caribbean
145,BOL,Bolivia,2007,62,68,-0.4327022,-0.6774945,-0.6281951,-0.4250549,-0.2539942,-0.2136875,Latin America & Caribbean
145,BOL,Bolivia,2008,63,76,-0.4096701,-0.6208927,-0.571464,-0.4082168,-0.2435355,-0.1972561,Latin America & Caribbean
145,BOL,Bolivia,2009,64,64,-0.9443169,-1.245319,-1.16987,-0.9371006,-0.7323091,-0.6723153,Latin America & Caribbean
145,BOL,Bolivia,2010,65,70,-0.8745945,-1.179274,-1.110536,-0.8773447,-0.6091722,-0.5576641,Latin America & Caribbean
145,BOL,Bolivia,2011,66,67,-1.172452,-1.492383,-1.425879,-1.17238,-0.9257721,-0.8446951,Latin America & Caribbean
145,BOL,Bolivia,2012,67,74,-1.521035,-1.861393,-1.802427,-1.517771,-1.275157,-1.216782,Latin America & Caribbean
145,BOL,Bolivia,2013,68,60,-1.532753,-1.890073,-1.814557,-1.536136,-1.246685,-1.164133,Latin America & Caribbean
145,BOL,Bolivia,2014,69,77,-1.187647,-1.528287,-1.443958,-1.187943,-0.9255732,-0.8611197,Latin America & Caribbean
145,BOL,Bolivia,2015,70,78,-1.329656,-1.696011,-1.616473,-1.326359,-1.036356,-0.9435971,Latin America & Caribbean
145,BOL,Bolivia,2016,71,79,-1.435409,-1.800902,-1.72759,-1.428634,-1.157189,-1.071908,Latin America & Caribbean
145,BOL,Bolivia,2017,72,90,-1.514464,-1.889508,-1.807566,-1.521546,-1.212707,-1.129959,Latin America & Caribbean
145,BOL,Bolivia,2018,73,106,-1.269282,-1.581734,-1.51495,-1.260239,-1.037416,-0.9744639,Latin America & Caribbean
145,BOL,Bolivia,2019,74,98,-0.5356041,-0.7779216,-0.723891,-0.5280292,-0.3535976,-0.3159513,Latin America & Caribbean
145,BOL,Bolivia,2020,75,95,-0.691243,-0.9834523,-0.9088449,-0.6816857,-0.4745184,-0.429111,Latin America & Caribbean
145,BOL,Bolivia,2021,76,86,-1.124725,-1.394581,-1.333262,-1.120179,-0.9077308,-0.8568973,Latin America & Caribbean
145,BOL,Bolivia,2022,77,85,-0.9549527,-1.155273,-1.120564,-0.9533886,-0.7926904,-0.7553612,Latin America & Caribbean
145,BOL,Bolivia,2023,78,77,-0.9222254,-1.123548,-1.084442,-0.9242219,-0.7611293,-0.7111359,Latin America & Caribbean
145,BOL,Bolivia,2024,79,101,-1.006055,-1.221565,-1.173514,-1.005391,-0.8425885,-0.7860943,Latin America & Caribbean
346,BIH,Bosnia & Herzegovina,1992,47,44,-0.06524513,-0.3916618,-0.3149869,-0.05525873,0.1628336,0.2087289,Other
346,BIH,Bosnia & Herzegovina,1993,48,30,0.0207529,-0.2936798,-0.2180204,0.02298473,0.2590341,0.3338307,Other
346,BIH,Bosnia & Herzegovina,1994,49,33,0.1458878,-0.1684303,-0.09402592,0.1455494,0.3829454,0.4570808,Other
346,BIH,Bosnia & Herzegovina,1995,50,47,0.6838057,0.4145027,0.478134,0.6798515,0.9019329,0.9570318,Other
346,BIH,Bosnia & Herzegovina,1996,51,63,0.5676845,0.3978382,0.4317933,0.5682565,0.6978854,0.7291103,Other
346,BIH,Bosnia & Herzegovina,1999,54,43,0.7467852,0.570654,0.6015111,0.7468856,0.8912063,0.9296675,Other
346,BIH,Bosnia & Herzegovina,2000,55,35,0.6341114,0.4157882,0.4723544,0.6300152,0.8050307,0.8505817,Other
346,BIH,Bosnia & Herzegovina,2001,56,37,1.111029,0.8483277,0.8991285,1.095984,1.360888,1.435033,Other
346,BIH,Bosnia & Herzegovina,2002,57,66,1.007666,0.7958512,0.8429261,1.009123,1.179748,1.228556,Other
346,BIH,Bosnia & Herzegovina,2003,58,76,0.8504808,0.6677946,0.7084622,0.8487343,0.9900827,1.030525,Other
346,BIH,Bosnia & Herzegovina,2004,59,72,0.9033165,0.7326951,0.7642411,0.8960857,1.050737,1.096174,Other
346,BIH,Bosnia & Herzegovina,2005,60,51,0.9469014,0.7201901,0.7599273,0.9424,1.138304,1.188795,Other
346,BIH,Bosnia & Herzegovina,2006,61,85,0.9111702,0.7211496,0.7637977,0.9114085,1.063821,1.098715,Other
346,BIH,Bosnia & Herzegovina,2007,62,77,0.7237179,0.5778364,0.6017962,0.7209843,0.8577241,0.8948905,Other
346,BIH,Bosnia & Herzegovina,2008,63,74,0.8471916,0.6674008,0.7024464,0.8450718,0.9840187,1.024455,Other
346,BIH,Bosnia & Herzegovina,2009,64,64,0.6715342,0.5164306,0.5503719,0.6688263,0.7874358,0.8378545,Other
346,BIH,Bosnia & Herzegovina,2010,65,72,0.6358113,0.4798468,0.5126803,0.6344581,0.7592399,0.7998982,Other
346,BIH,Bosnia & Herzegovina,2011,66,69,0.8012991,0.6233044,0.656234,0.7977992,0.9498207,0.990395,Other
346,BIH,Bosnia & Herzegovina,2012,67,74,0.7782235,0.6041192,0.6379496,0.7763201,0.9214489,0.9556885,Other
346,BIH,Bosnia & Herzegovina,2013,68,64,0.7899655,0.6068249,0.6453902,0.7863779,0.9342512,0.9851998,Other
346,BIH,Bosnia & Herzegovina,2014,69,75,0.7852117,0.6193551,0.6595066,0.7805666,0.9246992,0.9610819,Other
346,BIH,Bosnia & Herzegovina,2015,70,77,0.7411086,0.5908816,0.620884,0.7389064,0.8608097,0.8953099,Other
346,BIH,Bosnia & Herzegovina,2016,71,80,0.7240957,0.5762548,0.6072867,0.7256291,0.8365279,0.8682626,Other
346,BIH,Bosnia & Herzegovina,2017,72,92,0.7240675,0.5797854,0.6151175,0.7251847,0.8365552,0.8613723,Other
346,BIH,Bosnia & Herzegovina,2018,73,102,0.6083928,0.4747732,0.5020549,0.60613,0.7226866,0.7480707,Other
346,BIH,Bosnia & Herzegovina,2019,74,98,0.6721735,0.5450151,0.578033,0.6722549,0.7673486,0.798588,Other
346,BIH,Bosnia & Herzegovina,2020,75,97,0.5535701,0.4337413,0.4652934,0.5554261,0.644358,0.6735251,Other
346,BIH,Bosnia & Herzegovina,2021,76,85,0.5709545,0.4483926,0.4740176,0.5717925,0.667904,0.7014263,Other
346,BIH,Bosnia & Herzegovina,2022,77,88,0.7407741,0.6027255,0.6276072,0.739021,0.8548622,0.8863682,Other
346,BIH,Bosnia & Herzegovina,2023,78,86,0.8123175,0.6674425,0.7006488,0.8086802,0.9207452,0.958076,Other
346,BIH,Bosnia & Herzegovina,2024,79,108,0.7917603,0.6640844,0.6841139,0.7894854,0.9021755,0.9284858,Other
571,BWA,Botswana,1991,46,73,-0.3894971,-0.6979888,-0.6082471,-0.3826132,-0.1688367,-0.1251181,Sub-Saharan Africa
571,BWA,Botswana,1992,47,74,-0.392889,-0.6744704,-0.606259,-0.3860607,-0.1866068,-0.1293997,Sub-Saharan Africa
571,BWA,Botswana,1993,48,65,-0.3767452,-0.6811191,-0.5989996,-0.3717852,-0.1676074,-0.1260729,Sub-Saharan Africa
571,BWA,Botswana,1994,49,68,-0.3953139,-0.7381123,-0.665616,-0.3846857,-0.1430741,-0.08417158,Sub-Saharan Africa
571,BWA,Botswana,1995,50,66,-0.2980993,-0.5895903,-0.5111142,-0.2899546,-0.08033946,-0.02165027,Sub-Saharan Africa
571,BWA,Botswana,1996,51,71,-0.3797016,-0.6895318,-0.6215415,-0.3701117,-0.1507588,-0.08474893,Sub-Saharan Africa
571,BWA,Botswana,1997,52,73,-0.4334552,-0.706268,-0.6470807,-0.4335134,-0.2245677,-0.1709579,Sub-Saharan Africa
571,BWA,Botswana,1998,53,62,-0.4363245,-0.7365675,-0.6575096,-0.4262307,-0.2192325,-0.165435,Sub-Saharan Africa
571,BWA,Botswana,1999,54,69,-0.4870909,-0.761632,-0.6891586,-0.489217,-0.2834035,-0.2301757,Sub-Saharan Africa
571,BWA,Botswana,2000,55,65,-0.5435142,-0.8574774,-0.7644459,-0.5331666,-0.3347916,-0.2647461,Sub-Saharan Africa
571,BWA,Botswana,2001,56,64,-0.4536321,-0.7101907,-0.6499361,-0.4467933,-0.2556812,-0.1961444,Sub-Saharan Africa
571,BWA,Botswana,2002,57,69,-0.4504363,-0.7189428,-0.6583226,-0.4504648,-0.2603277,-0.2114599,Sub-Saharan Africa
571,BWA,Botswana,2003,58,77,-0.4797215,-0.7314518,-0.6697092,-0.4719714,-0.2963275,-0.2566964,Sub-Saharan Africa
571,BWA,Botswana,2004,59,65,-0.5575535,-0.8845559,-0.7965151,-0.5446485,-0.3219461,-0.2766531,Sub-Saharan Africa
571,BWA,Botswana,2005,60,71,-0.4486249,-0.6718732,-0.6203462,-0.4452572,-0.2736007,-0.2337678,Sub-Saharan Africa
571,BWA,Botswana,2006,61,49,-0.3119538,-0.5391269,-0.4821991,-0.3020236,-0.1546148,-0.1117843,Sub-Saharan Africa
571,BWA,Botswana,2007,62,77,-0.4710085,-0.6824789,-0.6412294,-0.4718051,-0.3043722,-0.2635517,Sub-Saharan Africa
571,BWA,Botswana,2008,63,74,-0.2095354,-0.398766,-0.3506837,-0.2082997,-0.06473559,-0.01879461,Sub-Saharan Africa
571,BWA,Botswana,2009,64,65,-0.2558294,-0.4387296,-0.4016472,-0.2512231,-0.1140572,-0.08134942,Sub-Saharan Africa
571,BWA,Botswana,2010,65,69,-0.2688259,-0.4814678,-0.4348386,-0.260994,-0.1214807,-0.07955841,Sub-Saharan Africa
571,BWA,Botswana,2011,66,67,-0.296007,-0.5109089,-0.4668879,-0.2808559,-0.138628,-0.09067433,Sub-Saharan Africa
571,BWA,Botswana,2012,67,71,-0.3949953,-0.6610068,-0.5843961,-0.3842067,-0.2152951,-0.1804871,Sub-Saharan Africa
571,BWA,Botswana,2013,68,56,-0.3237009,-0.5704012,-0.5232283,-0.317173,-0.1456281,-0.09893239,Sub-Saharan Africa
571,BWA,Botswana,2014,69,76,-0.457913,-0.7048314,-0.6577017,-0.4484469,-0.270017,-0.2212071,Sub-Saharan Africa
571,BWA,Botswana,2015,70,73,-0.4511826,-0.7061063,-0.6504177,-0.4413223,-0.266907,-0.213582,Sub-Saharan Africa
571,BWA,Botswana,2016,71,71,-0.3709419,-0.6483462,-0.5689081,-0.3633256,-0.1695184,-0.1240778,Sub-Saharan Africa
571,BWA,Botswana,2017,72,88,-0.4309771,-0.6821883,-0.6227092,-0.4170764,-0.2632282,-0.208124,Sub-Saharan Africa
571,BWA,Botswana,2018,73,101,-0.2773837,-0.4395328,-0.4014291,-0.2735706,-0.153605,-0.1189968,Sub-Saharan Africa
571,BWA,Botswana,2019,74,93,-0.3504439,-0.5577798,-0.5179697,-0.3410659,-0.2007888,-0.1500108,Sub-Saharan Africa
571,BWA,Botswana,2020,75,95,-0.2581308,-0.4596604,-0.4175737,-0.2542068,-0.1106048,-0.07682148,Sub-Saharan Africa
571,BWA,Botswana,2021,76,73,-0.2784586,-0.4922103,-0.4335969,-0.2670954,-0.1295366,-0.09838828,Sub-Saharan Africa
571,BWA,Botswana,2022,77,84,-0.3643047,-0.5412458,-0.5071869,-0.3600981,-0.2290062,-0.2000418,Sub-Saharan Africa
571,BWA,Botswana,2023,78,85,-0.3649767,-0.5315704,-0.4977166,-0.3655981,-0.2331974,-0.2004035,Sub-Saharan Africa
571,BWA,Botswana,2024,79,86,-0.5117934,-0.7045305,-0.6688124,-0.5074512,-0.3554294,-0.3246733,Sub-Saharan Africa
140,BRA,Brazil,1991,46,73,-0.42216,-0.7299781,-0.66213,-0.4165786,-0.1826306,-0.1346682,Latin America & Caribbean
140,BRA,Brazil,1992,47,74,-0.3434844,-0.615645,-0.5493691,-0.3345805,-0.1483206,-0.08802198,Latin America & Caribbean
140,BRA,Brazil,1993,48,63,-0.1739881,-0.4184214,-0.3600851,-0.1651539,0.005609576,0.04726915,Latin America & Caribbean
140,BRA,Brazil,1994,49,68,-0.2190758,-0.4863279,-0.4297868,-0.2157403,-0.01075682,0.04037282,Latin America & Caribbean
140,BRA,Brazil,1995,50,66,-0.1624816,-0.4073513,-0.3544318,-0.1607828,0.01796412,0.07271927,Latin America & Caribbean
140,BRA,Brazil,1996,51,73,-0.06919569,-0.2951047,-0.2404206,-0.06306038,0.09864338,0.1400458,Latin America & Caribbean
140,BRA,Brazil,1997,52,73,-0.1116428,-0.3213219,-0.2751951,-0.1079824,0.05342408,0.08717902,Latin America & Caribbean
140,BRA,Brazil,1998,53,63,-0.0680833,-0.279929,-0.2287479,-0.06344247,0.08528784,0.1251582,Latin America & Caribbean
140,BRA,Brazil,1999,54,70,0.008835836,-0.17255,-0.1300654,0.01087531,0.1425426,0.1766099,Latin America & Caribbean
140,BRA,Brazil,2000,55,68,0.04293385,-0.1290068,-0.0967533,0.04192372,0.18565,0.2277359,Latin America & Caribbean
140,BRA,Brazil,2001,56,69,0.004647945,-0.1594556,-0.1230446,0.005584112,0.1281793,0.1693072,Latin America & Caribbean
140,BRA,Brazil,2002,57,76,-0.01835116,-0.1654728,-0.1344102,-0.02308543,0.1033537,0.1373536,Latin America & Caribbean
140,BRA,Brazil,2003,58,78,-0.05440687,-0.2181818,-0.1821221,-0.05075835,0.06988797,0.1005069,Latin America & Caribbean
140,BRA,Brazil,2004,59,72,-0.0620822,-0.2262948,-0.1910477,-0.05747935,0.0579139,0.09971802,Latin America & Caribbean
140,BRA,Brazil,2005,60,75,-0.1257487,-0.2870584,-0.2446737,-0.1240063,-0.002906713,0.02856353,Latin America & Caribbean
140,BRA,Brazil,2006,61,88,-0.1477143,-0.2949949,-0.2652411,-0.1465369,-0.03242342,-0.0150319,Latin America & Caribbean
140,BRA,Brazil,2007,62,79,-0.170694,-0.345102,-0.3031937,-0.1675284,-0.04467294,-0.01218519,Latin America & Caribbean
140,BRA,Brazil,2008,63,77,-0.1742741,-0.3408229,-0.3048476,-0.1673635,-0.05854213,-0.023886,Latin America & Caribbean
140,BRA,Brazil,2009,64,66,-0.3335391,-0.5224676,-0.4785991,-0.3272043,-0.193801,-0.1451433,Latin America & Caribbean
140,BRA,Brazil,2010,65,71,-0.4749352,-0.7232727,-0.6619855,-0.4667969,-0.29524,-0.2380486,Latin America & Caribbean
140,BRA,Brazil,2011,66,69,-0.518058,-0.7909731,-0.721908,-0.5069478,-0.3268722,-0.2797804,Latin America & Caribbean
140,BRA,Brazil,2012,67,74,-0.5220679,-0.7969723,-0.723805,-0.5182733,-0.321638,-0.2707884,Latin America & Caribbean
140,BRA,Brazil,2013,68,64,-0.5584758,-0.8443201,-0.766447,-0.5508082,-0.3610839,-0.3062029,Latin America & Caribbean
140,BRA,Brazil,2014,69,77,-0.6354756,-0.9097061,-0.8524265,-0.6255552,-0.4291107,-0.3716271,Latin America & Caribbean
140,BRA,Brazil,2015,70,78,-0.5483019,-0.8202202,-0.7647422,-0.5389604,-0.3464073,-0.3010974,Latin America & Caribbean
140,BRA,Brazil,2016,71,79,-0.4975758,-0.7676115,-0.7020579,-0.4933517,-0.2983149,-0.2478746,Latin America & Caribbean
140,BRA,Brazil,2017,72,92,-0.3071536,-0.4987641,-0.4592988,-0.298204,-0.1649607,-0.12494,Latin America & Caribbean
140,BRA,Brazil,2018,73,109,-0.06708209,-0.202928,-0.1736627,-0.06740123,0.03614121,0.07198786,Latin America & Caribbean
140,BRA,Brazil,2019,74,99,0.2394128,0.1322548,0.1551354,0.2405203,0.3248941,0.3487309,Latin America & Caribbean
140,BRA,Brazil,2020,75,97,0.258805,0.1420014,0.1736615,0.2596626,0.3468436,0.3776358,Latin America & Caribbean
140,BRA,Brazil,2021,76,85,0.114387,-0.004271924,0.02126818,0.1183361,0.2009951,0.2208122,Latin America & Caribbean
140,BRA,Brazil,2022,77,87,0.1006772,-0.01368662,0.007966384,0.09988129,0.1907565,0.2202189,Latin America & Caribbean
140,BRA,Brazil,2023,78,86,-0.3091231,-0.4610892,-0.4262712,-0.3107641,-0.1778368,-0.1471227,Latin America & Caribbean
140,BRA,Brazil,2024,79,107,-0.2665375,-0.4143895,-0.377487,-0.2655246,-0.152592,-0.1239047,Latin America & Caribbean
835,BRN,Brunei,1991,46,73,-0.9284701,-1.331635,-1.246504,-0.9196676,-0.6171788,-0.5247096,Other
835,BRN,Brunei,1992,47,74,-0.8071619,-1.178216,-1.082844,-0.7963345,-0.542158,-0.4792247,Other
835,BRN,Brunei,1993,48,64,-0.8479964,-1.209508,-1.130266,-0.8519876,-0.5667364,-0.4681646,Other
835,BRN,Brunei,1994,49,67,-0.7707488,-1.171244,-1.07928,-0.7610491,-0.4756868,-0.3940712,Other
835,BRN,Brunei,1995,50,66,-0.936474,-1.290892,-1.205326,-0.9372137,-0.6880038,-0.5957475,Other
835,BRN,Brunei,1996,51,74,-0.7040801,-1.007717,-0.9417956,-0.7043596,-0.4684858,-0.3876375,Other
835,BRN,Brunei,1997,52,73,-0.8546151,-1.156233,-1.090871,-0.8606353,-0.6118457,-0.5357408,Other
835,BRN,Brunei,1998,53,63,-0.8148227,-1.207894,-1.119327,-0.8039802,-0.5149061,-0.4307337,Other
835,BRN,Brunei,1999,54,69,-0.9251054,-1.248383,-1.175313,-0.9176618,-0.6803656,-0.6200984,Other
835,BRN,Brunei,2000,55,67,-0.8317828,-1.180725,-1.097745,-0.8298586,-0.5604034,-0.5116249,Other
835,BRN,Brunei,2001,56,69,-0.9617564,-1.329457,-1.238034,-0.9513114,-0.7031991,-0.6349904,Other
835,BRN,Brunei,2002,57,76,-0.8048023,-1.139362,-1.066844,-0.789837,-0.5600098,-0.5089476,Other
835,BRN,Brunei,2003,58,78,-1.130874,-1.524496,-1.429159,-1.114918,-0.8587154,-0.7875296,Other
835,BRN,Brunei,2004,59,72,-0.6581059,-0.9756965,-0.8862027,-0.6502339,-0.4359097,-0.3729812,Other
835,BRN,Brunei,2005,60,75,-0.8790703,-1.225304,-1.140503,-0.8679747,-0.642894,-0.581471,Other
835,BRN,Brunei,2006,61,87,-0.6176376,-0.8763165,-0.8080848,-0.6167254,-0.4283958,-0.3837931,Other
835,BRN,Brunei,2007,62,79,-0.7104018,-1.012803,-0.9420535,-0.7067059,-0.4893942,-0.4315732,Other
835,BRN,Brunei,2008,63,77,-0.5335583,-0.760279,-0.7138486,-0.5294186,-0.3656805,-0.325841,Other
835,BRN,Brunei,2009,64,66,-0.8617597,-1.160475,-1.080708,-0.8581206,-0.6395053,-0.5795198,Other
835,BRN,Brunei,2010,65,72,-0.9751627,-1.312562,-1.237165,-0.9688186,-0.7270383,-0.6696681,Other
835,BRN,Brunei,2011,66,68,-0.9633044,-1.269007,-1.188755,-0.9634319,-0.7248794,-0.6727628,Other
835,BRN,Brunei,2012,67,74,-0.7351232,-1.022018,-0.9523439,-0.7278677,-0.5206563,-0.473366,Other
835,BRN,Brunei,2013,68,64,-0.7928617,-1.107258,-1.030449,-0.7963945,-0.5531692,-0.4883598,Other
835,BRN,Brunei,2014,69,77,-0.9717086,-1.2807,-1.209214,-0.9639501,-0.7412487,-0.6770338,Other
835,BRN,Brunei,2015,70,78,-0.9363402,-1.2729,-1.206043,-0.9340093,-0.6715783,-0.6127703,Other
835,BRN,Brunei,2016,71,79,-0.9309119,-1.294242,-1.19476,-0.9240256,-0.6793256,-0.6078926,Other
835,BRN,Brunei,2017,72,93,-0.8244661,-1.173957,-1.078239,-0.8097544,-0.5895701,-0.5107296,Other
835,BRN,Brunei,2018,73,108,-0.8226821,-1.072258,-1.016239,-0.8273259,-0.6176178,-0.5730541,Other
835,BRN,Brunei,2019,74,100,-0.6342934,-0.8882451,-0.8272482,-0.635426,-0.4458438,-0.3974484,Other
835,BRN,Brunei,2020,75,97,-0.7319191,-0.9917453,-0.9353697,-0.7303699,-0.5274967,-0.482647,Other
835,BRN,Brunei,2021,76,86,-0.737588,-1.009705,-0.9361318,-0.7373521,-0.5369587,-0.4880098,Other
835,BRN,Brunei,2022,77,88,-0.649841,-0.8372748,-0.7955749,-0.646117,-0.5071781,-0.4636489,Other
835,BRN,Brunei,2023,78,88,-0.7178594,-0.919057,-0.869188,-0.7153385,-0.5661359,-0.5244103,Other
835,BRN,Brunei,2024,79,108,-0.6946986,-0.8689365,-0.8355495,-0.6974981,-0.5554075,-0.5201895,Other
355,BGR,Bulgaria,1991,46,72,1.364808,1.192943,1.238819,1.361999,1.498927,1.530382,Other
355,BGR,Bulgaria,1992,47,73,1.403993,1.221412,1.258795,1.407199,1.541267,1.596344,Other
355,BGR,Bulgaria,1993,48,63,1.488423,1.278915,1.318708,1.486223,1.666944,1.703024,Other
355,BGR,Bulgaria,1994,49,67,1.268395,1.060372,1.097738,1.263814,1.44598,1.498848,Other
355,BGR,Bulgaria,1995,50,67,1.27518,1.041752,1.090754,1.259233,1.476469,1.546739,Other
355,BGR,Bulgaria,1996,51,74,1.353937,1.117571,1.167955,1.354729,1.53349,1.581425,Other
355,BGR,Bulgaria,1997,52,72,1.531948,1.281717,1.338682,1.532597,1.730446,1.776781,Other
355,BGR,Bulgaria,1998,53,62,1.222721,0.9952949,1.044844,1.222457,1.397004,1.440167,Other
355,BGR,Bulgaria,1999,54,67,1.107367,0.8777983,0.9392372,1.108487,1.282515,1.327047,Other
355,BGR,Bulgaria,2000,55,68,1.008579,0.7959511,0.8315051,1.006514,1.189745,1.235912,Other
355,BGR,Bulgaria,2001,56,68,1.098253,0.8935277,0.9346314,1.095718,1.267355,1.321253,Other
355,BGR,Bulgaria,2002,57,75,1.135891,0.9319103,0.9750743,1.135853,1.303857,1.336966,Other
355,BGR,Bulgaria,2003,58,78,1.127283,0.9238682,0.9714677,1.12702,1.279184,1.333048,Other
355,BGR,Bulgaria,2004,59,72,0.9644022,0.7797929,0.8196203,0.9597637,1.121398,1.169804,Other
355,BGR,Bulgaria,2005,60,75,0.9431744,0.7626705,0.7949516,0.9403778,1.089106,1.152955,Other
355,BGR,Bulgaria,2006,61,88,0.9435303,0.7633887,0.7982651,0.9400412,1.09505,1.13165,Other
355,BGR,Bulgaria,2007,62,79,0.9423345,0.739976,0.7899864,0.9362878,1.095292,1.136228,Other
355,BGR,Bulgaria,2008,63,76,0.916205,0.7238135,0.7651106,0.9185536,1.056756,1.113465,Other
355,BGR,Bulgaria,2009,64,65,0.9618112,0.7855657,0.8237196,0.9600261,1.105793,1.139149,Other
355,BGR,Bulgaria,2010,65,71,1.062232,0.8829,0.9185032,1.06138,1.210672,1.248735,Other
355,BGR,Bulgaria,2011,66,69,0.9745321,0.7758483,0.80704,0.9728462,1.146539,1.186325,Other
355,BGR,Bulgaria,2012,67,59,0.8961875,0.678946,0.7242499,0.8937406,1.066451,1.118246,Other
355,BGR,Bulgaria,2013,68,64,0.8916196,0.6918366,0.7354288,0.8928476,1.047555,1.093259,Other
355,BGR,Bulgaria,2014,69,77,0.9314152,0.7631781,0.8002541,0.9281267,1.066497,1.105792,Other
355,BGR,Bulgaria,2015,70,78,0.9225542,0.7466863,0.7822206,0.9186027,1.063426,1.09898,Other
355,BGR,Bulgaria,2016,71,80,0.9556027,0.7677534,0.8096235,0.9589144,1.092279,1.130459,Other
355,BGR,Bulgaria,2017,72,93,0.9595208,0.8056834,0.8376485,0.9595216,1.085851,1.117802,Other
355,BGR,Bulgaria,2018,73,109,0.9225383,0.7691851,0.809161,0.9213856,1.04605,1.085407,Other
355,BGR,Bulgaria,2019,74,100,1.03014,0.8696908,0.9087804,1.030041,1.152179,1.187732,Other
355,BGR,Bulgaria,2020,75,97,1.106967,0.9413822,0.9726136,1.105708,1.247877,1.276295,Other
355,BGR,Bulgaria,2021,76,86,1.012461,0.8493554,0.8784917,1.013555,1.138866,1.174157,Other
355,BGR,Bulgaria,2022,77,88,1.095926,0.9245237,0.9575967,1.090312,1.237384,1.273344,Other
355,BGR,Bulgaria,2023,78,88,1.035081,0.8744472,0.9081969,1.03034,1.169127,1.204197,Other
355,BGR,Bulgaria,2024,79,108,1.092075,0.9314781,0.9656909,1.09051,1.222687,1.266381,Other
439,BFA,Burkina Faso,1991,46,68,-0.6998401,-1.071539,-1.000411,-0.7000858,-0.4137116,-0.3469956,Sub-Saharan Africa
439,BFA,Burkina Faso,1992,47,74,-0.5507825,-0.8510367,-0.7963435,-0.5428325,-0.3103933,-0.2510107,Sub-Saharan Africa
439,BFA,Burkina Faso,1993,48,62,-0.7639578,-1.142017,-1.03895,-0.7504806,-0.5032822,-0.440936,Sub-Saharan Africa
439,BFA,Burkina Faso,1994,49,66,-0.7766825,-1.152584,-1.067419,-0.7681979,-0.4997038,-0.4058794,Sub-Saharan Africa
439,BFA,Burkina Faso,1995,50,64,-0.7649976,-1.104303,-1.033839,-0.7623199,-0.4983296,-0.4248439,Sub-Saharan Africa
439,BFA,Burkina Faso,1996,51,72,-0.7965626,-1.171142,-1.06638,-0.7887817,-0.5325778,-0.4745571,Sub-Saharan Africa
439,BFA,Burkina Faso,1997,52,71,-0.7407695,-1.087436,-0.9930689,-0.7388831,-0.5055525,-0.4449798,Sub-Saharan Africa
439,BFA,Burkina Faso,1998,53,54,-0.7274696,-1.193575,-1.095175,-0.7075237,-0.3952117,-0.3221312,Sub-Saharan Africa
439,BFA,Burkina Faso,1999,54,67,-0.9075592,-1.255134,-1.176189,-0.8988685,-0.6564077,-0.5860357,Sub-Saharan Africa
439,BFA,Burkina Faso,2000,55,66,-0.6864577,-1.022751,-0.9417955,-0.6730443,-0.4367677,-0.3697366,Sub-Saharan Africa
439,BFA,Burkina Faso,2001,56,67,-0.8211043,-1.154523,-1.083676,-0.8216419,-0.5733806,-0.4957589,Sub-Saharan Africa
439,BFA,Burkina Faso,2002,57,76,-0.8705535,-1.242187,-1.148428,-0.8514468,-0.6122965,-0.545214,Sub-Saharan Africa
439,BFA,Burkina Faso,2003,58,75,-0.7565405,-1.101738,-1.019789,-0.7532351,-0.5019568,-0.4438561,Sub-Saharan Africa
439,BFA,Burkina Faso,2004,59,70,-0.5432848,-0.8308784,-0.7638083,-0.5338675,-0.3295235,-0.2876053,Sub-Saharan Africa
439,BFA,Burkina Faso,2005,60,73,-0.4168135,-0.6408518,-0.5911657,-0.41351,-0.2541344,-0.2018957,Sub-Saharan Africa
439,BFA,Burkina Faso,2006,61,84,-0.5412316,-0.8076909,-0.738659,-0.5368975,-0.3495244,-0.308798,Sub-Saharan Africa
439,BFA,Burkina Faso,2007,62,76,-0.5841028,-0.8531798,-0.7887812,-0.5814069,-0.3857549,-0.323132,Sub-Saharan Africa
439,BFA,Burkina Faso,2008,63,71,-0.461952,-0.7149675,-0.6588598,-0.4526972,-0.2860132,-0.2526898,Sub-Saharan Africa
439,BFA,Burkina Faso,2009,64,62,-0.4052695,-0.648354,-0.5835171,-0.3981069,-0.2326488,-0.1762318,Sub-Saharan Africa
439,BFA,Burkina Faso,2010,65,67,-0.5408586,-0.8061046,-0.7516808,-0.5334227,-0.3469477,-0.3081749,Sub-Saharan Africa
439,BFA,Burkina Faso,2011,66,65,-0.5252466,-0.8029425,-0.7281198,-0.517086,-0.3245822,-0.2725664,Sub-Saharan Africa
439,BFA,Burkina Faso,2012,67,72,-0.3560651,-0.6038153,-0.5510896,-0.3436604,-0.181716,-0.1446232,Sub-Saharan Africa
439,BFA,Burkina Faso,2013,68,59,-0.4944297,-0.7742702,-0.7013861,-0.4858028,-0.3065513,-0.255777,Sub-Saharan Africa
439,BFA,Burkina Faso,2014,69,74,-0.5166938,-0.7732758,-0.7073145,-0.5176736,-0.3140326,-0.262575,Sub-Saharan Africa
439,BFA,Burkina Faso,2015,70,72,-0.5520748,-0.8409412,-0.7840343,-0.542106,-0.3436829,-0.2991417,Sub-Saharan Africa
439,BFA,Burkina Faso,2016,71,73,-0.527076,-0.8225887,-0.749973,-0.5143274,-0.3181276,-0.26266,Sub-Saharan Africa
439,BFA,Burkina Faso,2017,72,85,-0.6008925,-0.9379739,-0.8669616,-0.5790632,-0.3712708,-0.3273399,Sub-Saharan Africa
439,BFA,Burkina Faso,2018,73,95,-0.4881651,-0.7306664,-0.6755505,-0.4803615,-0.310784,-0.2591858,Sub-Saharan Africa
439,BFA,Burkina Faso,2019,74,84,-0.4635106,-0.7295135,-0.6736607,-0.4576536,-0.2702321,-0.2160912,Sub-Saharan Africa
439,BFA,Burkina Faso,2020,75,78,-0.4442444,-0.7842578,-0.7142761,-0.4319623,-0.212585,-0.1451878,Sub-Saharan Africa
439,BFA,Burkina Faso,2021,76,73,-0.601245,-0.9267486,-0.8468835,-0.5897824,-0.362059,-0.3170485,Sub-Saharan Africa
439,BFA,Burkina Faso,2022,77,66,-0.4257102,-0.6972143,-0.6367725,-0.4184069,-0.224271,-0.1762301,Sub-Saharan Africa
439,BFA,Burkina Faso,2023,78,62,-0.5494598,-0.8545286,-0.7776888,-0.5399715,-0.3291323,-0.2669334,Sub-Saharan Africa
439,BFA,Burkina Faso,2024,79,87,-0.9613885,-1.24422,-1.190855,-0.9621986,-0.7391643,-0.6738591,Sub-Saharan Africa
516,BDI,Burundi,1991,46,73,-0.5863733,-0.9611544,-0.8489606,-0.5748083,-0.3266969,-0.2668375,Sub-Saharan Africa
516,BDI,Burundi,1992,47,51,-0.2924472,-0.556132,-0.4899235,-0.2895849,-0.1023893,-0.03562766,Sub-Saharan Africa
516,BDI,Burundi,1993,48,41,-0.6373036,-1.012236,-0.9424452,-0.6283411,-0.3547962,-0.283559,Sub-Saharan Africa
516,BDI,Burundi,1994,49,64,-0.7456232,-1.122081,-1.037438,-0.7395878,-0.4554765,-0.3861046,Sub-Saharan Africa
516,BDI,Burundi,1995,50,53,-0.8623138,-1.213533,-1.139754,-0.8678034,-0.5821755,-0.4933599,Sub-Saharan Africa
516,BDI,Burundi,1996,51,67,-0.6534923,-0.9653901,-0.8959677,-0.6491113,-0.4111729,-0.3588121,Sub-Saharan Africa
516,BDI,Burundi,1997,52,26,-0.6393437,-0.9783172,-0.9052079,-0.6284064,-0.3837472,-0.3186384,Sub-Saharan Africa
516,BDI,Burundi,1998,53,39,-0.3562578,-0.7198224,-0.6358366,-0.350579,-0.07987103,-0.01042241,Sub-Saharan Africa
516,BDI,Burundi,2000,55,62,-0.627198,-0.9643635,-0.8932591,-0.6196874,-0.3759279,-0.3294706,Sub-Saharan Africa
516,BDI,Burundi,2001,56,60,-0.5853023,-0.8948505,-0.8191804,-0.573698,-0.3723849,-0.3017752,Sub-Saharan Africa
516,BDI,Burundi,2002,57,54,-0.7803497,-1.160232,-1.078087,-0.7686011,-0.5004613,-0.4482281,Sub-Saharan Africa
516,BDI,Burundi,2003,58,68,-0.3339155,-0.5558592,-0.505621,-0.3302537,-0.1660499,-0.123129,Sub-Saharan Africa
516,BDI,Burundi,2004,59,68,-0.1521762,-0.3373664,-0.292888,-0.1457672,-0.02543651,0.01866263,Sub-Saharan Africa
516,BDI,Burundi,2005,60,60,-0.4119548,-0.6534097,-0.5934177,-0.4084811,-0.2357579,-0.1942748,Sub-Saharan Africa
516,BDI,Burundi,2006,61,81,-0.009098713,-0.1594556,-0.123009,-0.005611227,0.1043627,0.1307451,Sub-Saharan Africa
516,BDI,Burundi,2007,62,64,-0.08763084,-0.2949098,-0.2440495,-0.08483119,0.05980921,0.105668,Sub-Saharan Africa
516,BDI,Burundi,2008,63,67,-0.2338008,-0.4416333,-0.3878689,-0.2281626,-0.079161,-0.03797674,Sub-Saharan Africa
516,BDI,Burundi,2009,64,63,-0.2510829,-0.4671735,-0.4059529,-0.2429402,-0.09826325,-0.06533263,Sub-Saharan Africa
516,BDI,Burundi,2010,65,20,-0.2097615,-0.4701086,-0.4086675,-0.2053818,-0.02114068,0.03734765,Sub-Saharan Africa
516,BDI,Burundi,2011,66,35,-0.2126919,-0.4777655,-0.4226653,-0.2105182,-0.009402633,0.04557532,Sub-Saharan Africa
516,BDI,Burundi,2012,67,46,-0.1807152,-0.3968499,-0.3410473,-0.1714469,-0.02107778,0.01747902,Sub-Saharan Africa
516,BDI,Burundi,2013,68,52,-0.4901046,-0.7904748,-0.7177491,-0.4812744,-0.2780073,-0.2057012,Sub-Saharan Africa
516,BDI,Burundi,2014,69,32,-0.4753817,-0.7755718,-0.7149392,-0.4731389,-0.2428494,-0.1773163,Sub-Saharan Africa
516,BDI,Burundi,2015,70,66,-1.251134,-1.665606,-1.56493,-1.250053,-0.9319007,-0.8524754,Sub-Saharan Africa
516,BDI,Burundi,2016,71,74,-1.378231,-1.754137,-1.66868,-1.372791,-1.096303,-1.013509,Sub-Saharan Africa
516,BDI,Burundi,2017,72,84,-1.460701,-1.89859,-1.786502,-1.445189,-1.147815,-1.071833,Sub-Saharan Africa
516,BDI,Burundi,2018,73,92,-1.160811,-1.449166,-1.392949,-1.157932,-0.9361224,-0.867437,Sub-Saharan Africa
516,BDI,Burundi,2019,74,85,-1.068442,-1.385848,-1.311551,-1.06701,-0.8200599,-0.7477945,Sub-Saharan Africa
516,BDI,Burundi,2020,75,88,-1.235433,-1.58102,-1.496895,-1.230424,-0.9837685,-0.9263197,Sub-Saharan Africa
516,BDI,Burundi,2021,76,59,-0.5818409,-0.8324927,-0.7683572,-0.579734,-0.3943455,-0.3471639,Sub-Saharan Africa
516,BDI,Burundi,2022,77,71,-0.6329998,-0.8298035,-0.7885007,-0.6271625,-0.4902673,-0.4486825,Sub-Saharan Africa
516,BDI,Burundi,2023,78,76,-1.128137,-1.366475,-1.307236,-1.124551,-0.9605463,-0.9100789,Sub-Saharan Africa
516,BDI,Burundi,2024,79,94,-1.173942,-1.432554,-1.377339,-1.16558,-0.9752474,-0.9313124,Sub-Saharan Africa
811,KHM,Cambodia,1991,46,29,-0.4916491,-0.8771081,-0.7849635,-0.485706,-0.2119197,-0.1492386,Other
811,KHM,Cambodia,1993,48,44,-0.527851,-0.9140954,-0.8073422,-0.5135541,-0.2466849,-0.1767478,Other
811,KHM,Cambodia,1994,49,56,-0.04957873,-0.3581118,-0.2847459,-0.03938699,0.1594293,0.2154664,Other
811,KHM,Cambodia,1995,50,55,0.005642708,-0.2346935,-0.1897657,0.007087665,0.1967125,0.2488352,Other
811,KHM,Cambodia,1996,51,70,-0.1068113,-0.3348548,-0.2845297,-0.1050036,0.06062692,0.1098226,Other
811,KHM,Cambodia,1997,52,5,-0.1173483,-0.5104779,-0.4224082,-0.1151465,0.1946949,0.2969299,Other
811,KHM,Cambodia,1999,54,64,-0.9271088,-1.298195,-1.21027,-0.9299524,-0.6503396,-0.5802684,Other
811,KHM,Cambodia,2000,55,64,-0.7554979,-1.142366,-1.044005,-0.7397631,-0.4774181,-0.4070937,Other
811,KHM,Cambodia,2001,56,65,-0.7638382,-1.13597,-1.055042,-0.7594637,-0.5011382,-0.4204825,Other
811,KHM,Cambodia,2002,57,74,-0.7352146,-1.111472,-1.0201,-0.7313765,-0.4702149,-0.410934,Other
811,KHM,Cambodia,2003,58,77,-0.6076167,-0.8910864,-0.8275916,-0.5954228,-0.4011237,-0.3553197,Other
811,KHM,Cambodia,2004,59,69,-0.5749963,-0.8831383,-0.8229997,-0.5648779,-0.3553437,-0.3010958,Other
811,KHM,Cambodia,2005,60,67,-0.6678662,-1.035043,-0.9423488,-0.6530614,-0.4023918,-0.3317175,Other
811,KHM,Cambodia,2006,61,81,-0.7733706,-1.125914,-1.044368,-0.7617216,-0.5051902,-0.436065,Other
811,KHM,Cambodia,2007,62,77,-0.5292538,-0.8140807,-0.7517485,-0.5226772,-0.3247233,-0.2624489,Other
811,KHM,Cambodia,2008,63,73,-0.6201042,-0.9254042,-0.8515395,-0.6125616,-0.3936812,-0.3392271,Other
811,KHM,Cambodia,2009,64,63,-0.5934485,-0.8681755,-0.8051641,-0.5858844,-0.3839292,-0.3257485,Other
811,KHM,Cambodia,2010,65,70,-0.8509984,-1.184743,-1.102459,-0.8399373,-0.6054437,-0.5477875,Other
811,KHM,Cambodia,2011,66,62,-0.7132881,-1.036065,-0.9557547,-0.704127,-0.4811563,-0.4271788,Other
811,KHM,Cambodia,2012,67,69,-0.6073241,-0.9216608,-0.8533446,-0.6061706,-0.3843349,-0.3220312,Other
811,KHM,Cambodia,2013,68,61,-0.7069875,-1.030038,-0.962864,-0.6983049,-0.4769774,-0.4016085,Other
811,KHM,Cambodia,2014,69,74,-0.7154122,-1.03177,-0.9556147,-0.7097154,-0.48309,-0.4252938,Other
811,KHM,Cambodia,2015,70,75,-0.9083336,-1.269155,-1.186127,-0.9027858,-0.6497334,-0.5799092,Other
811,KHM,Cambodia,2016,71,77,-0.8086288,-1.154866,-1.063771,-0.7958392,-0.5560184,-0.5030729,Other
811,KHM,Cambodia,2017,72,89,-0.9993273,-1.386053,-1.293422,-0.9870579,-0.7124249,-0.6644477,Other
811,KHM,Cambodia,2018,73,103,-1.226325,-1.542903,-1.481425,-1.226238,-0.9779686,-0.9114525,Other
811,KHM,Cambodia,2019,74,98,-1.159553,-1.481683,-1.393792,-1.162985,-0.9242128,-0.8359073,Other
811,KHM,Cambodia,2020,75,94,-1.019015,-1.329941,-1.249108,-1.017968,-0.7824996,-0.7134073,Other
811,KHM,Cambodia,2021,76,82,-1.10973,-1.409371,-1.34532,-1.118546,-0.8730561,-0.8028483,Other
811,KHM,Cambodia,2022,77,86,-0.4801162,-0.6787413,-0.6253978,-0.4824937,-0.3261455,-0.2847083,Other
811,KHM,Cambodia,2023,78,86,-0.4960879,-0.693188,-0.6382378,-0.4955507,-0.3484812,-0.3153996,Other
811,KHM,Cambodia,2024,79,99,-0.4511926,-0.6442354,-0.603336,-0.4473184,-0.3074155,-0.2675884,Other
471,CMR,Cameroon,1991,46,73,-0.2650851,-0.5310505,-0.4625081,-0.262276,-0.07598053,-0.02704682,Sub-Saharan Africa
471,CMR,Cameroon,1992,47,74,-0.2626534,-0.5148838,-0.4505059,-0.2602729,-0.07889395,-0.04006641,Sub-Saharan Africa
471,CMR,Cameroon,1993,48,61,-0.5495488,-0.8511273,-0.7796629,-0.5526191,-0.3175283,-0.2587433,Sub-Saharan Africa
471,CMR,Cameroon,1994,49,68,-0.3471884,-0.6356264,-0.5765006,-0.3510959,-0.1109322,-0.04989389,Sub-Saharan Africa
471,CMR,Cameroon,1995,50,66,-0.4281904,-0.7158141,-0.6574945,-0.4282154,-0.1941463,-0.1540198,Sub-Saharan Africa
471,CMR,Cameroon,1996,51,72,-0.4120518,-0.6787052,-0.6206877,-0.4077483,-0.2095005,-0.1486047,Sub-Saharan Africa
471,CMR,Cameroon,1997,52,68,-0.5357159,-0.8165822,-0.7453098,-0.5403396,-0.3187074,-0.2724354,Sub-Saharan Africa
471,CMR,Cameroon,1998,53,60,-0.2977608,-0.5536293,-0.5002551,-0.2892373,-0.1071026,-0.06771889,Sub-Saharan Africa
471,CMR,Cameroon,1999,54,65,-0.4754054,-0.7482482,-0.6829654,-0.4706829,-0.2865249,-0.2340082,Sub-Saharan Africa
471,CMR,Cameroon,2000,55,58,-0.5975815,-0.9194511,-0.8421658,-0.5895092,-0.3599086,-0.2931768,Sub-Saharan Africa
471,CMR,Cameroon,2001,56,53,-0.432436,-0.6975761,-0.6396287,-0.4239857,-0.2363736,-0.1864114,Sub-Saharan Africa
471,CMR,Cameroon,2002,57,62,-0.2852372,-0.4991664,-0.4506491,-0.284862,-0.1214198,-0.08045858,Sub-Saharan Africa
471,CMR,Cameroon,2003,58,68,-0.02476568,-0.195786,-0.1585,-0.02470323,0.1147277,0.1470258,Sub-Saharan Africa
471,CMR,Cameroon,2004,59,69,0.1138742,-0.03916651,-0.005746034,0.1178063,0.2279065,0.2579057,Sub-Saharan Africa
471,CMR,Cameroon,2005,60,69,0.03336487,-0.1262324,-0.09041202,0.03750736,0.151476,0.1841535,Sub-Saharan Africa
471,CMR,Cameroon,2006,61,79,0.07687071,-0.06996947,-0.02862111,0.07971181,0.18173,0.214873,Sub-Saharan Africa
471,CMR,Cameroon,2007,62,70,0.1224197,-0.009188779,0.01333636,0.1240853,0.2325263,0.2554013,Sub-Saharan Africa
471,CMR,Cameroon,2008,63,73,0.1659803,0.02745791,0.06241518,0.1638471,0.2775427,0.3041282,Sub-Saharan Africa
471,CMR,Cameroon,2009,64,65,0.1650315,0.02497351,0.05924492,0.1673346,0.2724812,0.297421,Sub-Saharan Africa
471,CMR,Cameroon,2010,65,68,0.1788935,0.03928615,0.06684598,0.1779706,0.2914508,0.32488,Sub-Saharan Africa
471,CMR,Cameroon,2011,66,65,0.1453846,0.0174228,0.04148799,0.1457616,0.2507638,0.2849339,Sub-Saharan Africa
471,CMR,Cameroon,2012,67,72,0.1692142,0.02249865,0.06181921,0.1685484,0.2768728,0.3128116,Sub-Saharan Africa
471,CMR,Cameroon,2013,68,58,0.1439974,-0.007295753,0.02776854,0.1451663,0.2512501,0.2861919,Sub-Saharan Africa
471,CMR,Cameroon,2014,69,76,0.02928831,-0.1246882,-0.09355199,0.03130701,0.1483665,0.1785978,Sub-Saharan Africa
471,CMR,Cameroon,2015,70,74,-0.04200837,-0.1814458,-0.1565465,-0.0445569,0.07544426,0.1046336,Sub-Saharan Africa
471,CMR,Cameroon,2016,71,77,0.05140403,-0.1033518,-0.06558746,0.05362088,0.1686757,0.2021676,Sub-Saharan Africa
471,CMR,Cameroon,2017,72,73,0.06084749,-0.1058882,-0.0677594,0.06234667,0.1842338,0.2191151,Sub-Saharan Africa
471,CMR,Cameroon,2018,73,99,-0.04958311,-0.2004488,-0.1627201,-0.04967914,0.06499053,0.09556457,Sub-Saharan Africa
471,CMR,Cameroon,2019,74,94,-0.0197034,-0.1478592,-0.120964,-0.01896303,0.07863673,0.1076058,Sub-Saharan Africa
471,CMR,Cameroon,2020,75,92,-0.02486348,-0.1732428,-0.1386728,-0.02409544,0.08973905,0.121118,Sub-Saharan Africa
471,CMR,Cameroon,2021,76,80,-0.07476252,-0.2238426,-0.1937842,-0.06760099,0.03619327,0.06293152,Sub-Saharan Africa
471,CMR,Cameroon,2022,77,78,-0.1688994,-0.3262252,-0.2939265,-0.1666576,-0.05184248,-0.01566844,Sub-Saharan Africa
471,CMR,Cameroon,2023,78,81,-0.1861441,-0.3391455,-0.3081979,-0.1858169,-0.06860176,-0.02908571,Sub-Saharan Africa
471,CMR,Cameroon,2024,79,96,-0.2142134,-0.3632879,-0.3321518,-0.2100846,-0.09768599,-0.0679756,Sub-Saharan Africa
20,CAN,Canada,1991,46,72,1.425468,1.247061,1.283718,1.426869,1.560469,1.596404,Western Europe & North America
20,CAN,Canada,1992,47,74,1.41561,1.228186,1.267712,1.411493,1.560349,1.612663,Western Europe & North America
20,CAN,Canada,1993,48,64,1.277752,1.08934,1.13388,1.273234,1.429031,1.475626,Western Europe & North America
20,CAN,Canada,1994,49,68,1.37909,1.156167,1.196754,1.378793,1.564492,1.622351,Western Europe & North America
20,CAN,Canada,1995,50,67,1.467781,1.213458,1.278038,1.466598,1.664493,1.718043,Western Europe & North America
20,CAN,Canada,1996,51,74,1.339472,1.12463,1.178205,1.336269,1.51235,1.556176,Western Europe & North America
20,CAN,Canada,1997,52,73,1.157666,0.9529663,0.9960372,1.159366,1.321739,1.361776,Western Europe & North America
20,CAN,Canada,1998,53,63,1.190162,0.9599698,1.008608,1.184706,1.374283,1.423547,Western Europe & North America
20,CAN,Canada,1999,54,70,1.163109,0.9352452,0.9828917,1.163445,1.337251,1.381796,Western Europe & North America
20,CAN,Canada,2000,55,68,1.1133,0.9015833,0.9477424,1.110685,1.27931,1.334567,Western Europe & North America
20,CAN,Canada,2001,56,69,1.162278,0.9447682,1.00159,1.16566,1.319261,1.375072,Western Europe & North America
20,CAN,Canada,2002,57,76,1.186329,0.9907357,1.042458,1.185612,1.332798,1.378465,Western Europe & North America
20,CAN,Canada,2003,58,78,1.129788,0.9451666,0.9819642,1.123291,1.277811,1.32534,Western Europe & North America
20,CAN,Canada,2004,59,71,1.225118,1.034428,1.073142,1.225809,1.37798,1.408297,Western Europe & North America
20,CAN,Canada,2005,60,75,1.312576,1.132617,1.167867,1.315417,1.458437,1.494031,Western Europe & North America
20,CAN,Canada,2006,61,88,1.390051,1.215981,1.25983,1.388729,1.522777,1.550119,Western Europe & North America
20,CAN,Canada,2007,62,79,1.514582,1.352635,1.380798,1.513416,1.64545,1.676523,Western Europe & North America
20,CAN,Canada,2008,63,76,1.448873,1.286283,1.328748,1.448527,1.572268,1.596158,Western Europe & North America
20,CAN,Canada,2009,64,66,1.504104,1.323789,1.361041,1.506684,1.641619,1.680986,Western Europe & North America
20,CAN,Canada,2010,65,72,1.455374,1.290961,1.325239,1.453091,1.597874,1.637604,Western Europe & North America
20,CAN,Canada,2011,66,69,1.809243,1.61547,1.665637,1.813092,1.951622,1.99503,Western Europe & North America
20,CAN,Canada,2012,67,73,1.848789,1.666419,1.707328,1.848209,1.993149,2.03268,Western Europe & North America
20,CAN,Canada,2013,68,64,1.798837,1.606061,1.65107,1.799338,1.944106,1.997201,Western Europe & North America
20,CAN,Canada,2014,69,77,1.756407,1.576795,1.614291,1.755682,1.903983,1.935297,Western Europe & North America
20,CAN,Canada,2015,70,78,1.720326,1.53833,1.57721,1.719745,1.867932,1.90177,Western Europe & North America
20,CAN,Canada,2016,71,80,1.519588,1.334936,1.375007,1.513975,1.666923,1.716654,Western Europe & North America
20,CAN,Canada,2017,72,93,1.368318,1.188144,1.225241,1.369955,1.503057,1.544178,Western Europe & North America
20,CAN,Canada,2018,73,109,1.284975,1.130584,1.162699,1.286105,1.403763,1.442037,Western Europe & North America
20,CAN,Canada,2019,74,100,1.185038,1.050517,1.079309,1.184712,1.290667,1.322769,Western Europe & North America
20,CAN,Canada,2020,75,97,1.230722,1.075922,1.104715,1.2254,1.356522,1.40429,Western Europe & North America
20,CAN,Canada,2021,76,85,1.235718,1.075799,1.106808,1.236118,1.365659,1.406058,Western Europe & North America
20,CAN,Canada,2022,77,88,1.333372,1.142682,1.182122,1.333433,1.480653,1.532518,Western Europe & North America
20,CAN,Canada,2023,78,88,1.268699,1.093377,1.130109,1.267897,1.401023,1.446386,Western Europe & North America
20,CAN,Canada,2024,79,108,1.121026,0.970244,1.008254,1.11552,1.240537,1.285986,Western Europe & North America
402,CPV,Cape Verde,1991,46,71,-0.5038456,-0.8528057,-0.7714311,-0.4901663,-0.2446157,-0.1871189,Sub-Saharan Africa
402,CPV,Cape Verde,1992,47,54,-0.286358,-0.585175,-0.5176505,-0.2695683,-0.07236572,-0.01185151,Sub-Saharan Africa
402,CPV,Cape Verde,1993,48,61,-0.1979628,-0.4811572,-0.3958895,-0.1944791,-0.002088963,0.05712769,Sub-Saharan Africa
402,CPV,Cape Verde,1994,49,57,-0.3392093,-0.7131869,-0.6200132,-0.3279296,-0.06347575,0.005519256,Sub-Saharan Africa
402,CPV,Cape Verde,1995,50,61,-0.6395975,-1.003269,-0.9237487,-0.63411,-0.3788091,-0.3074853,Sub-Saharan Africa
402,CPV,Cape Verde,1996,51,65,-0.5349844,-0.8644225,-0.7851899,-0.526425,-0.2910046,-0.2075444,Sub-Saharan Africa
402,CPV,Cape Verde,1997,52,45,-0.5058328,-0.8109136,-0.7554308,-0.496428,-0.2708267,-0.2129715,Sub-Saharan Africa
402,CPV,Cape Verde,1998,53,55,-0.6733868,-1.061748,-0.9822589,-0.6652499,-0.3891297,-0.3146268,Sub-Saharan Africa
402,CPV,Cape Verde,1999,54,65,-0.7098932,-1.041409,-0.9586719,-0.7039068,-0.4666065,-0.4161495,Sub-Saharan Africa
402,CPV,Cape Verde,2000,55,61,-0.4432741,-0.7002217,-0.6345107,-0.4419674,-0.2543452,-0.1983129,Sub-Saharan Africa
402,CPV,Cape Verde,2001,56,64,-0.6639924,-0.990513,-0.9338364,-0.657236,-0.4247714,-0.3683634,Sub-Saharan Africa
402,CPV,Cape Verde,2002,57,72,-0.6016936,-0.9217615,-0.8489374,-0.5916498,-0.3773983,-0.3197915,Sub-Saharan Africa
402,CPV,Cape Verde,2003,58,75,-0.613693,-0.9139055,-0.83671,-0.6084083,-0.4107492,-0.3474589,Sub-Saharan Africa
402,CPV,Cape Verde,2004,59,66,-0.5562599,-0.8819423,-0.7907657,-0.5375894,-0.3279146,-0.2816301,Sub-Saharan Africa
402,CPV,Cape Verde,2005,60,69,-0.4596854,-0.6854014,-0.640703,-0.4590285,-0.2831993,-0.2417694,Sub-Saharan Africa
402,CPV,Cape Verde,2006,61,85,-0.2336747,-0.4190242,-0.3769194,-0.2296871,-0.09376587,-0.05496361,Sub-Saharan Africa
402,CPV,Cape Verde,2007,62,70,-0.5274448,-0.8121496,-0.7472996,-0.5196621,-0.3280826,-0.282319,Sub-Saharan Africa
402,CPV,Cape Verde,2008,63,66,-0.2847142,-0.4991127,-0.446726,-0.2788873,-0.1256184,-0.08060045,Sub-Saharan Africa
402,CPV,Cape Verde,2009,64,61,-0.4491304,-0.7099964,-0.6588116,-0.4432374,-0.2592793,-0.2129462,Sub-Saharan Africa
402,CPV,Cape Verde,2010,65,59,-0.344714,-0.6029959,-0.5306454,-0.3375689,-0.1672676,-0.1129254,Sub-Saharan Africa
402,CPV,Cape Verde,2011,66,60,-0.354828,-0.6074585,-0.5559736,-0.3486316,-0.1715965,-0.1247552,Sub-Saharan Africa
402,CPV,Cape Verde,2012,67,65,-0.3790854,-0.6492292,-0.5720963,-0.3673634,-0.1986016,-0.1510504,Sub-Saharan Africa
402,CPV,Cape Verde,2013,68,61,-0.5504571,-0.8278524,-0.7597402,-0.5447932,-0.3458354,-0.2766058,Sub-Saharan Africa
402,CPV,Cape Verde,2014,69,68,-0.3536496,-0.6019324,-0.5402387,-0.3469985,-0.1748701,-0.1304207,Sub-Saharan Africa
402,CPV,Cape Verde,2015,70,74,-0.4795985,-0.7504103,-0.6727801,-0.4704057,-0.2959325,-0.2531261,Sub-Saharan Africa
402,CPV,Cape Verde,2016,71,76,-0.4200352,-0.67469,-0.6198953,-0.4110675,-0.2346474,-0.1859924,Sub-Saharan Africa
402,CPV,Cape Verde,2017,72,88,-0.5416846,-0.832308,-0.7623238,-0.5340207,-0.3483092,-0.2997109,Sub-Saharan Africa
402,CPV,Cape Verde,2018,73,97,-0.3631266,-0.5706272,-0.5148054,-0.3557701,-0.2214086,-0.1870016,Sub-Saharan Africa
402,CPV,Cape Verde,2019,74,95,-0.2842754,-0.4957645,-0.4424026,-0.2734151,-0.1406792,-0.1127997,Sub-Saharan Africa
402,CPV,Cape Verde,2020,75,91,-0.2820667,-0.4898382,-0.439723,-0.2793886,-0.1291063,-0.079893,Sub-Saharan Africa
402,CPV,Cape Verde,2021,76,71,-0.4477651,-0.7283121,-0.6614818,-0.4392813,-0.255134,-0.2076785,Sub-Saharan Africa
402,CPV,Cape Verde,2022,77,68,-0.1970507,-0.3756671,-0.338702,-0.1910744,-0.06793788,-0.02418154,Sub-Saharan Africa
402,CPV,Cape Verde,2023,78,78,-0.1149303,-0.2664148,-0.2339651,-0.1119706,0.004632019,0.04424094,Sub-Saharan Africa
402,CPV,Cape Verde,2024,79,89,-0.1781525,-0.3287706,-0.2895304,-0.1777207,-0.06199594,-0.03160586,Sub-Saharan Africa
482,CAF,Central African Republic,1991,46,64,-0.04559865,-0.2766514,-0.2244122,-0.04320553,0.1174999,0.1569176,Other
482,CAF,Central African Republic,1992,47,47,-0.2541581,-0.5428421,-0.4768899,-0.2533446,-0.03290103,0.03649281,Other
482,CAF,Central African Republic,1993,48,56,-0.004012512,-0.2075903,-0.1753145,-0.004138836,0.1573433,0.2117198,Other
482,CAF,Central African Republic,1994,49,51,0.006555891,-0.3183499,-0.2460477,0.01897324,0.2338649,0.2862903,Other
482,CAF,Central African Republic,1998,53,50,-0.5281547,-0.8690431,-0.7711474,-0.516607,-0.3008344,-0.2403381,Other
482,CAF,Central African Republic,2003,58,67,-0.4449828,-0.7171688,-0.6537627,-0.4369342,-0.2506485,-0.2051445,Other
482,CAF,Central African Republic,2004,59,60,-0.4316044,-0.7224065,-0.6612132,-0.417142,-0.2401084,-0.1921301,Other
482,CAF,Central African Republic,2005,60,49,-0.2064829,-0.463524,-0.4048134,-0.1978038,-0.01390761,0.03329643,Other
482,CAF,Central African Republic,2006,61,81,-0.4488054,-0.683068,-0.6284258,-0.4421092,-0.2843807,-0.2348798,Other
482,CAF,Central African Republic,2007,62,69,-0.5771154,-0.8886076,-0.7984135,-0.5657966,-0.3731539,-0.3216856,Other
482,CAF,Central African Republic,2008,63,37,-0.5074022,-0.8147391,-0.7376968,-0.498525,-0.2908076,-0.2306609,Other
482,CAF,Central African Republic,2009,64,20,-0.5111895,-0.8807535,-0.7904582,-0.5094862,-0.2297863,-0.1632141,Other
482,CAF,Central African Republic,2010,65,53,-0.5133339,-0.8444607,-0.7568926,-0.5009697,-0.2793665,-0.2334918,Other
482,CAF,Central African Republic,2011,66,21,-0.2121226,-0.4890142,-0.4305626,-0.2013102,-0.002666889,0.04898606,Other
482,CAF,Central African Republic,2012,67,47,-0.4442725,-0.7271572,-0.6724392,-0.4373425,-0.2260897,-0.1740926,Other
482,CAF,Central African Republic,2013,68,4,-0.2792494,-0.6907855,-0.5893302,-0.2798549,0.04376346,0.1333615,Other
482,CAF,Central African Republic,2014,69,74,0.01552021,-0.1335053,-0.1031925,0.01620569,0.1287192,0.1631081,Other
482,CAF,Central African Republic,2015,70,69,-0.1576022,-0.344321,-0.2912142,-0.1582173,-0.01949462,0.01962696,Other
482,CAF,Central African Republic,2016,71,70,-0.265247,-0.5161066,-0.4448203,-0.2579635,-0.091678,-0.05080146,Other
482,CAF,Central African Republic,2017,72,72,-0.09016121,-0.2671483,-0.2347157,-0.08947099,0.04104488,0.07895131,Other
482,CAF,Central African Republic,2018,73,94,-0.159901,-0.3473097,-0.3031951,-0.1536508,-0.02041787,0.01495165,Other
482,CAF,Central African Republic,2019,74,84,-0.0323462,-0.1862133,-0.1466904,-0.03034247,0.07707104,0.1065863,Other
482,CAF,Central African Republic,2020,75,52,-0.06629923,-0.2805515,-0.2185188,-0.06456844,0.09172025,0.1367071,Other
482,CAF,Central African Republic,2021,76,45,-0.5404674,-0.8384031,-0.7641744,-0.5360759,-0.3348106,-0.2864251,Other
482,CAF,Central African Republic,2022,77,66,-0.6954009,-0.8848886,-0.8318889,-0.6921923,-0.5597379,-0.5169145,Other
482,CAF,Central African Republic,2023,78,68,-0.3594607,-0.5463902,-0.5062685,-0.3521184,-0.2185745,-0.1832439,Other
482,CAF,Central African Republic,2024,79,69,-0.4593371,-0.6855938,-0.6313736,-0.4511752,-0.2945435,-0.2501153,Other
483,TCD,Chad,1991,46,73,-0.6101453,-1.00313,-0.9131715,-0.5998697,-0.3370898,-0.2590574,Sub-Saharan Africa
483,TCD,Chad,1992,47,66,-0.5450471,-0.8979893,-0.8224482,-0.5333472,-0.2910147,-0.225761,Sub-Saharan Africa
483,TCD,Chad,1993,48,62,-0.6840632,-1.023041,-0.9621497,-0.6832952,-0.4008185,-0.3368055,Sub-Saharan Africa
483,TCD,Chad,1995,50,60,-0.8419628,-1.185086,-1.110669,-0.8408512,-0.5772165,-0.5052926,Sub-Saharan Africa
483,TCD,Chad,1996,51,67,-0.8396282,-1.220091,-1.130609,-0.8406157,-0.5555819,-0.4922445,Sub-Saharan Africa
483,TCD,Chad,1997,52,21,-0.9269963,-1.283168,-1.204049,-0.931736,-0.6530851,-0.5596397,Sub-Saharan Africa
483,TCD,Chad,1998,53,58,-0.5792074,-0.9482114,-0.8540008,-0.5637228,-0.3232144,-0.2686659,Sub-Saharan Africa
483,TCD,Chad,1999,54,56,-1.132659,-1.500747,-1.42186,-1.133798,-0.8366573,-0.7574067,Sub-Saharan Africa
483,TCD,Chad,2000,55,42,-0.9893675,-1.43098,-1.325424,-0.9890797,-0.6590759,-0.570428,Sub-Saharan Africa
483,TCD,Chad,2001,56,21,-1.100111,-1.601157,-1.496364,-1.095983,-0.725074,-0.6170703,Sub-Saharan Africa
483,TCD,Chad,2002,57,31,-0.9994779,-1.567683,-1.408717,-0.9854183,-0.6017699,-0.5001919,Sub-Saharan Africa
483,TCD,Chad,2003,58,3,-1.004672,-1.668335,-1.499106,-0.9970579,-0.5260443,-0.3977539,Sub-Saharan Africa
483,TCD,Chad,2004,59,18,-1.053198,-1.603105,-1.48088,-1.039341,-0.6414289,-0.5522416,Sub-Saharan Africa
483,TCD,Chad,2005,60,6,-1.037753,-1.867606,-1.663737,-1.038992,-0.4139696,-0.2185347,Sub-Saharan Africa
483,TCD,Chad,2006,61,38,-0.1953404,-0.5435709,-0.4584098,-0.1880465,0.04405611,0.09594673,Sub-Saharan Africa
483,TCD,Chad,2007,62,23,-0.522714,-0.8563744,-0.7952472,-0.5101993,-0.268729,-0.2099897,Sub-Saharan Africa
483,TCD,Chad,2008,63,21,-0.6522156,-1.019591,-0.9334412,-0.6550172,-0.3709574,-0.3015613,Sub-Saharan Africa
483,TCD,Chad,2009,64,25,-0.5768274,-0.9181603,-0.8574021,-0.5629887,-0.3164594,-0.255341,Sub-Saharan Africa
483,TCD,Chad,2010,65,2,-0.5798539,-1.107187,-0.9545399,-0.5780469,-0.1998963,-0.08931343,Sub-Saharan Africa
483,TCD,Chad,2011,66,61,-0.5711103,-0.8625943,-0.8083821,-0.5633657,-0.3528272,-0.2870228,Sub-Saharan Africa
483,TCD,Chad,2012,67,46,-0.2314325,-0.4590339,-0.4059145,-0.2265947,-0.05763544,-0.01155699,Sub-Saharan Africa
483,TCD,Chad,2013,68,26,-0.4131108,-0.7153592,-0.634546,-0.399493,-0.209488,-0.1546824,Sub-Saharan Africa
483,TCD,Chad,2014,69,55,-0.2514621,-0.4619886,-0.412337,-0.2492726,-0.0946806,-0.05140002,Sub-Saharan Africa
483,TCD,Chad,2015,70,72,-0.6401927,-0.940701,-0.8741318,-0.6245762,-0.4140306,-0.3549253,Sub-Saharan Africa
483,TCD,Chad,2016,71,74,-0.5597535,-0.8555169,-0.7783466,-0.5612287,-0.3319593,-0.2778949,Sub-Saharan Africa
483,TCD,Chad,2017,72,64,-0.6013326,-0.9602213,-0.869521,-0.5934959,-0.3438259,-0.2755817,Sub-Saharan Africa
483,TCD,Chad,2018,73,46,-0.6508406,-1.001957,-0.9256449,-0.6456751,-0.3874953,-0.3236115,Sub-Saharan Africa
483,TCD,Chad,2019,74,86,-0.5449808,-0.8233526,-0.7484479,-0.5324945,-0.3368243,-0.3030172,Sub-Saharan Africa
483,TCD,Chad,2020,75,86,-0.5003929,-0.7821378,-0.7192338,-0.4956759,-0.3030701,-0.2391359,Sub-Saharan Africa
483,TCD,Chad,2021,76,81,-0.5570913,-0.8059657,-0.7504863,-0.5491854,-0.3703983,-0.3125819,Sub-Saharan Africa
483,TCD,Chad,2022,77,80,-0.2297818,-0.3967357,-0.3610469,-0.2255207,-0.1064555,-0.07318844,Sub-Saharan Africa
483,TCD,Chad,2023,78,76,-0.433768,-0.658791,-0.6076417,-0.4313414,-0.2729834,-0.2217825,Sub-Saharan Africa
483,TCD,Chad,2024,79,97,-0.5267722,-0.7315289,-0.6748583,-0.5242206,-0.3755808,-0.3372174,Sub-Saharan Africa
155,CHL,Chile,1991,46,70,-0.2470994,-0.5168635,-0.4546437,-0.2359144,-0.0579963,-0.01436544,Latin America & Caribbean
155,CHL,Chile,1992,47,74,-0.1217316,-0.3449782,-0.2966681,-0.1200768,0.04361685,0.0837839,Latin America & Caribbean
155,CHL,Chile,1993,48,64,-0.114841,-0.3535068,-0.3012904,-0.1138595,0.06345264,0.1126479,Latin America & Caribbean
155,CHL,Chile,1994,49,68,0.02497443,-0.2124666,-0.1604477,0.02865289,0.192736,0.2508327,Latin America & Caribbean
155,CHL,Chile,1995,50,66,-0.1064952,-0.344179,-0.2874374,-0.1061621,0.07957852,0.1276136,Latin America & Caribbean
155,CHL,Chile,1996,51,74,0.04276807,-0.1551702,-0.1183361,0.04655974,0.1993931,0.2428683,Latin America & Caribbean
155,CHL,Chile,1997,52,73,0.02576055,-0.1800329,-0.1315806,0.03257937,0.175548,0.2130394,Latin America & Caribbean
155,CHL,Chile,1998,53,63,-0.1210935,-0.3253576,-0.2864014,-0.1186561,0.03729595,0.07581395,Latin America & Caribbean
155,CHL,Chile,1999,54,67,-0.02384347,-0.2087479,-0.1700574,-0.02476955,0.120895,0.1574558,Latin America & Caribbean
155,CHL,Chile,2000,55,68,-0.01427336,-0.2028087,-0.163466,-0.01348099,0.1415537,0.1766727,Latin America & Caribbean
155,CHL,Chile,2001,56,68,0.151686,-0.01134913,0.02478753,0.1561656,0.2737023,0.3062939,Latin America & Caribbean
155,CHL,Chile,2002,57,76,-0.030322,-0.1888636,-0.1478461,-0.03038158,0.08993269,0.1230651,Latin America & Caribbean
155,CHL,Chile,2003,58,78,0.01190005,-0.1438923,-0.1056983,0.01098227,0.1332709,0.1742597,Latin America & Caribbean
155,CHL,Chile,2004,59,72,0.1110371,-0.02475017,0.001791173,0.1103818,0.2171608,0.2528273,Latin America & Caribbean
155,CHL,Chile,2005,60,75,-0.04149229,-0.194248,-0.1621188,-0.04038391,0.08081407,0.1268685,Latin America & Caribbean
155,CHL,Chile,2006,61,88,-0.09463801,-0.2437161,-0.2132566,-0.0949074,0.0181907,0.0535596,Latin America & Caribbean
155,CHL,Chile,2007,62,79,-0.02690852,-0.1741609,-0.1402274,-0.02554384,0.08738156,0.1140149,Latin America & Caribbean
155,CHL,Chile,2008,63,77,-0.04436205,-0.1839445,-0.1600916,-0.04255006,0.06716044,0.1001573,Latin America & Caribbean
155,CHL,Chile,2009,64,66,-0.08538364,-0.2400354,-0.2037159,-0.08217041,0.02535844,0.05718596,Latin America & Caribbean
155,CHL,Chile,2010,65,72,-0.1267324,-0.2886113,-0.2549549,-0.1298671,0.0007737241,0.03252909,Latin America & Caribbean
155,CHL,Chile,2011,66,69,-0.102155,-0.2641559,-0.2250621,-0.1004841,0.01919648,0.05391242,Latin America & Caribbean
155,CHL,Chile,2012,67,74,-0.2128768,-0.4134378,-0.3634619,-0.2080014,-0.06416324,-0.03002823,Latin America & Caribbean
155,CHL,Chile,2013,68,64,-0.1880831,-0.3679888,-0.3301323,-0.1866815,-0.04416678,-0.01713064,Latin America & Caribbean
155,CHL,Chile,2014,69,77,-0.2713331,-0.4743376,-0.4258422,-0.266218,-0.1213067,-0.08513409,Latin America & Caribbean
155,CHL,Chile,2015,70,78,-0.3502787,-0.5639039,-0.5085111,-0.3453483,-0.1994384,-0.1574333,Latin America & Caribbean
155,CHL,Chile,2016,71,80,-0.2801963,-0.4820455,-0.434787,-0.281671,-0.1289597,-0.09485715,Latin America & Caribbean
155,CHL,Chile,2017,72,93,-0.3374672,-0.5365146,-0.4960494,-0.3358062,-0.184915,-0.1442786,Latin America & Caribbean
155,CHL,Chile,2018,73,107,-0.116565,-0.263857,-0.2313326,-0.1166993,-0.0007912194,0.02854209,Latin America & Caribbean
155,CHL,Chile,2019,74,100,-0.2115084,-0.383897,-0.3391069,-0.208149,-0.08864125,-0.05661814,Latin America & Caribbean
155,CHL,Chile,2020,75,96,-0.1811964,-0.3515546,-0.3153759,-0.1787975,-0.05699841,-0.01333006,Latin America & Caribbean
155,CHL,Chile,2021,76,86,-0.148476,-0.2989292,-0.2670525,-0.1507724,-0.03432911,-0.002895221,Latin America & Caribbean
155,CHL,Chile,2022,77,88,0.0322832,-0.100783,-0.06863076,0.03264001,0.1324817,0.165053,Latin America & Caribbean
155,CHL,Chile,2023,78,88,0.01252424,-0.1205756,-0.08843181,0.01510929,0.1076948,0.1388878,Latin America & Caribbean
155,CHL,Chile,2024,79,108,-0.01080288,-0.1344804,-0.1076969,-0.008850478,0.08393025,0.1098881,Latin America & Caribbean
710,CHN,China,1991,46,69,-0.3882084,-0.6962139,-0.6203942,-0.3790107,-0.1607909,-0.09828461,Other
710,CHN,China,1992,47,71,-0.6342137,-0.9515399,-0.8812265,-0.6265919,-0.3920105,-0.3247955,Other
710,CHN,China,1993,48,62,-1.424572,-1.784458,-1.716287,-1.427704,-1.128523,-1.034439,Other
710,CHN,China,1994,49,66,-1.521917,-1.902417,-1.807649,-1.51376,-1.225103,-1.14335,Other
710,CHN,China,1995,50,64,-1.651982,-2.008919,-1.93975,-1.652267,-1.378481,-1.295797,Other
710,CHN,China,1996,51,74,-1.215413,-1.572607,-1.492368,-1.219533,-0.9387183,-0.8568974,Other
710,CHN,China,1997,52,73,-1.211518,-1.535824,-1.45632,-1.210469,-0.9679453,-0.8874931,Other
710,CHN,China,1998,53,63,-0.3894404,-0.6242371,-0.5792107,-0.3839007,-0.2085464,-0.1590041,Other
710,CHN,China,1999,54,70,-0.5995099,-0.8486023,-0.7921641,-0.6012193,-0.4089001,-0.3408308,Other
710,CHN,China,2000,55,68,-0.7333894,-1.020798,-0.9500957,-0.731722,-0.507889,-0.4628728,Other
710,CHN,China,2001,56,69,-0.5519044,-0.8090221,-0.7327106,-0.5494234,-0.3662735,-0.3080374,Other
710,CHN,China,2002,57,75,-0.6375428,-0.9336688,-0.8643446,-0.6281775,-0.4227148,-0.3612988,Other
710,CHN,China,2003,58,77,-0.9177414,-1.238518,-1.155804,-0.9108277,-0.6869133,-0.6359801,Other
710,CHN,China,2004,59,71,-0.7499976,-1.104016,-1.0112,-0.7357877,-0.5039104,-0.4386327,Other
710,CHN,China,2005,60,74,-0.6796208,-0.9358797,-0.8734749,-0.6727847,-0.4888027,-0.4422344,Other
710,CHN,China,2006,61,86,-0.7321907,-1.012616,-0.9608053,-0.7245947,-0.5308626,-0.4703989,Other
710,CHN,China,2007,62,78,-0.4998133,-0.728111,-0.6743155,-0.492072,-0.331892,-0.2874375,Other
710,CHN,China,2008,63,75,-0.5982676,-0.8628174,-0.7970698,-0.5930667,-0.4069338,-0.3560743,Other
710,CHN,China,2009,64,66,-0.5714672,-0.8032983,-0.7518261,-0.5678768,-0.3847453,-0.3495696,Other
710,CHN,China,2010,65,71,-0.8481008,-1.137295,-1.079887,-0.8461683,-0.631321,-0.5691207,Other
710,CHN,China,2011,66,69,-0.5703199,-0.8051673,-0.7455678,-0.572529,-0.3843934,-0.3386957,Other
710,CHN,China,2012,67,72,-0.8959262,-1.149772,-1.093669,-0.8947398,-0.7030274,-0.6491678,Other
710,CHN,China,2013,68,64,-0.5951308,-0.8186837,-0.7760496,-0.5922119,-0.4195559,-0.3701564,Other
710,CHN,China,2014,69,76,-0.8076459,-1.059281,-1.009247,-0.8051046,-0.6127066,-0.5601513,Other
710,CHN,China,2015,70,78,-0.2648051,-0.4460987,-0.4035747,-0.2602548,-0.1373422,-0.1100778,Other
710,CHN,China,2016,71,79,-0.4862534,-0.6937036,-0.6406368,-0.4857775,-0.3282065,-0.2854577,Other
710,CHN,China,2017,72,93,-0.3105164,-0.4917857,-0.4507334,-0.3066948,-0.1765559,-0.1432861,Other
710,CHN,China,2018,73,108,-0.5113014,-0.6922177,-0.6553407,-0.5097456,-0.3757966,-0.3414433,Other
710,CHN,China,2019,74,99,-0.4483292,-0.6337717,-0.5857373,-0.445464,-0.3125166,-0.2723376,Other
710,CHN,China,2020,75,95,-0.5863417,-0.7879825,-0.7425477,-0.5903119,-0.4191966,-0.3751299,Other
710,CHN,China,2021,76,86,-0.4082877,-0.5808232,-0.5467542,-0.4042149,-0.2721584,-0.2392791,Other
710,CHN,China,2022,77,87,-1.068005,-1.257401,-1.214433,-1.067625,-0.9238997,-0.883844,Other
710,CHN,China,2023,78,87,-0.8498312,-1.021787,-0.9774,-0.8505774,-0.7197221,-0.677961,Other
710,CHN,China,2024,79,107,-0.8553173,-1.015836,-0.9821858,-0.8543076,-0.7359631,-0.6966638,Other
100,COL,Colombia,1991,46,73,-0.5490939,-0.8782936,-0.8059343,-0.5530574,-0.294368,-0.2238115,Latin America & Caribbean
100,COL,Colombia,1992,47,74,-0.3884877,-0.6421395,-0.5825951,-0.3906031,-0.1929356,-0.1404014,Latin America & Caribbean
100,COL,Colombia,1993,48,64,-0.4762199,-0.7692259,-0.7077294,-0.4695337,-0.2524153,-0.1810624,Latin America & Caribbean
100,COL,Colombia,1994,49,67,-0.6091599,-0.9695679,-0.8748752,-0.6062068,-0.3435319,-0.2851764,Latin America & Caribbean
100,COL,Colombia,1995,50,66,-0.5212304,-0.8151217,-0.7410699,-0.5227669,-0.2990062,-0.2402248,Latin America & Caribbean
100,COL,Colombia,1996,51,73,-0.61179,-0.9189595,-0.8521886,-0.6121171,-0.3811128,-0.3167944,Latin America & Caribbean
100,COL,Colombia,1997,52,73,-0.6927726,-1.000846,-0.9292087,-0.689486,-0.4650264,-0.410629,Latin America & Caribbean
100,COL,Colombia,1998,53,63,-0.6282855,-0.9721495,-0.8927064,-0.6154184,-0.3696903,-0.3008578,Latin America & Caribbean
100,COL,Colombia,1999,54,70,-0.3579107,-0.6018841,-0.536505,-0.3493776,-0.1902361,-0.1416852,Latin America & Caribbean
100,COL,Colombia,2000,55,68,-0.2999872,-0.5401441,-0.4907033,-0.2891568,-0.1186054,-0.08174645,Latin America & Caribbean
100,COL,Colombia,2001,56,69,-0.3000317,-0.5322412,-0.4689879,-0.2876148,-0.137454,-0.07901581,Latin America & Caribbean
100,COL,Colombia,2002,57,74,-0.2259234,-0.4242627,-0.3760573,-0.2208591,-0.08528915,-0.04591843,Latin America & Caribbean
100,COL,Colombia,2003,58,76,-0.2288139,-0.4323066,-0.3868082,-0.2254323,-0.07675535,-0.04098839,Latin America & Caribbean
100,COL,Colombia,2004,59,72,-0.4437832,-0.7097001,-0.6462457,-0.4374772,-0.2414312,-0.1948196,Latin America & Caribbean
100,COL,Colombia,2005,60,74,-0.4685227,-0.6967802,-0.6474154,-0.4598703,-0.3052243,-0.2668088,Latin America & Caribbean
100,COL,Colombia,2006,61,86,-0.2539873,-0.4229432,-0.3844995,-0.2506983,-0.1306025,-0.09749494,Latin America & Caribbean
100,COL,Colombia,2007,62,79,-0.1346022,-0.2982308,-0.2662862,-0.1340565,-0.007494574,0.02247682,Latin America & Caribbean
100,COL,Colombia,2008,63,76,-0.1929702,-0.3733119,-0.3321752,-0.1913228,-0.06493769,-0.02982019,Latin America & Caribbean
100,COL,Colombia,2009,64,66,-0.1392911,-0.3026775,-0.2658299,-0.1366581,-0.01298796,0.02704583,Latin America & Caribbean
100,COL,Colombia,2010,65,72,-0.1347357,-0.3160826,-0.2682731,-0.134298,-0.00442795,0.0304229,Latin America & Caribbean
100,COL,Colombia,2011,66,69,-0.05888414,-0.224978,-0.1845375,-0.05206529,0.06263992,0.09317209,Latin America & Caribbean
100,COL,Colombia,2012,67,74,-0.06443469,-0.2314192,-0.1926482,-0.06510408,0.07317153,0.1056635,Latin America & Caribbean
100,COL,Colombia,2013,68,64,-0.1053748,-0.2854818,-0.2385017,-0.1021991,0.03082855,0.06293318,Latin America & Caribbean
100,COL,Colombia,2014,69,77,-0.1733481,-0.3467372,-0.3106054,-0.1770814,-0.03022249,0.004774096,Latin America & Caribbean
100,COL,Colombia,2015,70,78,-0.1414825,-0.3096816,-0.2757665,-0.1369837,-0.02421844,0.01126867,Latin America & Caribbean
100,COL,Colombia,2016,71,78,-0.1813287,-0.3658312,-0.3339269,-0.172656,-0.04355382,-0.01186729,Latin America & Caribbean
100,COL,Colombia,2017,72,92,-0.2326324,-0.4054276,-0.3653607,-0.2285462,-0.09994577,-0.0672058,Latin America & Caribbean
100,COL,Colombia,2018,73,108,-0.08657658,-0.2300816,-0.200829,-0.08431727,0.01690471,0.04228161,Latin America & Caribbean
100,COL,Colombia,2019,74,99,0.03902217,-0.08922662,-0.06001086,0.04308107,0.1394981,0.1659062,Latin America & Caribbean
100,COL,Colombia,2020,75,97,0.02213772,-0.1096095,-0.08082224,0.02496972,0.1256816,0.1471497,Latin America & Caribbean
100,COL,Colombia,2021,76,86,-0.02173909,-0.1630514,-0.1301981,-0.02288143,0.08764616,0.1134976,Latin America & Caribbean
100,COL,Colombia,2022,77,88,-0.02257013,-0.1580683,-0.1315399,-0.02182028,0.0799559,0.1058857,Latin America & Caribbean
100,COL,Colombia,2023,78,88,-0.1578533,-0.315244,-0.2747792,-0.1587483,-0.04156302,-0.009527918,Latin America & Caribbean
100,COL,Colombia,2024,79,108,-0.2344727,-0.3787664,-0.3447319,-0.2323621,-0.1286447,-0.1005156,Latin America & Caribbean
581,COM,Comoros,1991,46,59,-0.6353041,-1.017163,-0.9477757,-0.6149825,-0.3488136,-0.2888606,Sub-Saharan Africa
581,COM,Comoros,1992,47,60,-0.4163653,-0.7175243,-0.6455042,-0.4114283,-0.1777695,-0.1254994,Sub-Saharan Africa
581,COM,Comoros,1993,48,60,-0.7093663,-1.038182,-0.9637539,-0.695444,-0.4641855,-0.3967498,Sub-Saharan Africa
581,COM,Comoros,1994,49,58,-0.4392274,-0.7607713,-0.6837757,-0.4397718,-0.1980092,-0.1215504,Sub-Saharan Africa
581,COM,Comoros,1996,51,13,-0.2278426,-0.6296882,-0.5396906,-0.2235965,0.08557701,0.1756047,Sub-Saharan Africa
581,COM,Comoros,1997,52,25,-0.9015596,-1.303262,-1.209408,-0.8963372,-0.5961896,-0.5134237,Sub-Saharan Africa
581,COM,Comoros,1998,53,38,-0.272978,-0.5574542,-0.4949783,-0.2670545,-0.05750292,-0.01251122,Sub-Saharan Africa
581,COM,Comoros,1999,54,22,-0.7457812,-1.257084,-1.11773,-0.7244762,-0.3915441,-0.3136938,Sub-Saharan Africa
581,COM,Comoros,2000,55,46,-0.7608823,-1.161736,-1.055328,-0.7541945,-0.4810453,-0.4024714,Sub-Saharan Africa
581,COM,Comoros,2001,56,57,-0.9204231,-1.264312,-1.176995,-0.9138742,-0.6515603,-0.5784088,Sub-Saharan Africa
581,COM,Comoros,2002,57,50,-0.9325202,-1.373112,-1.24415,-0.9240695,-0.6186482,-0.5392383,Sub-Saharan Africa
581,COM,Comoros,2003,58,74,-1.037421,-1.446554,-1.347623,-1.029416,-0.7431887,-0.6530867,Sub-Saharan Africa
581,COM,Comoros,2004,59,60,-0.9470575,-1.352372,-1.273445,-0.9366066,-0.6280635,-0.5610175,Sub-Saharan Africa
581,COM,Comoros,2005,60,44,-1.006648,-1.505213,-1.402375,-0.9902965,-0.6114298,-0.5227042,Sub-Saharan Africa
581,COM,Comoros,2006,61,86,-0.7132288,-1.001755,-0.9297497,-0.7093029,-0.4913087,-0.4496026,Sub-Saharan Africa
581,COM,Comoros,2007,62,70,-0.9095287,-1.309323,-1.213557,-0.8953181,-0.6335241,-0.5692375,Sub-Saharan Africa
581,COM,Comoros,2008,63,68,-0.8130213,-1.14927,-1.074035,-0.8024295,-0.5672973,-0.5117303,Sub-Saharan Africa
581,COM,Comoros,2009,64,59,-0.411364,-0.6324527,-0.5782265,-0.4060061,-0.2455565,-0.2126855,Sub-Saharan Africa
581,COM,Comoros,2010,65,66,-0.8195369,-1.196931,-1.10083,-0.8068314,-0.5607767,-0.4971397,Sub-Saharan Africa
581,COM,Comoros,2011,66,57,-0.7059603,-0.991699,-0.9315464,-0.7026628,-0.4834152,-0.4229359,Sub-Saharan Africa
581,COM,Comoros,2012,67,69,-0.6470408,-0.9338326,-0.8661246,-0.6403637,-0.424679,-0.3687729,Sub-Saharan Africa
581,COM,Comoros,2013,68,39,-0.4419805,-0.7141404,-0.653935,-0.4388442,-0.2337955,-0.1756903,Sub-Saharan Africa
581,COM,Comoros,2014,69,33,-0.8237992,-1.179282,-1.106394,-0.8165635,-0.5455888,-0.4964067,Sub-Saharan Africa
581,COM,Comoros,2015,70,62,-0.81129,-1.170051,-1.082419,-0.8042746,-0.5427074,-0.4702565,Sub-Saharan Africa
581,COM,Comoros,2016,71,75,-0.6753579,-0.9753767,-0.9138944,-0.665083,-0.4497687,-0.3899525,Sub-Saharan Africa
581,COM,Comoros,2017,72,66,-0.5916695,-0.9229284,-0.8378907,-0.582108,-0.3621306,-0.3038738,Sub-Saharan Africa
581,COM,Comoros,2018,73,88,-0.7744715,-1.038292,-0.9736222,-0.7707749,-0.5771113,-0.5374392,Sub-Saharan Africa
581,COM,Comoros,2019,74,80,-0.5794954,-0.8752315,-0.8067403,-0.5700026,-0.3670431,-0.3189537,Sub-Saharan Africa
581,COM,Comoros,2020,75,53,-0.3295977,-0.5610058,-0.5122025,-0.3210271,-0.1576905,-0.1170288,Sub-Saharan Africa
581,COM,Comoros,2021,76,71,-0.9650789,-1.315543,-1.238816,-0.9553857,-0.7074164,-0.6391669,Sub-Saharan Africa
581,COM,Comoros,2022,77,12,-0.2777729,-0.5674306,-0.5090023,-0.2703258,-0.06127553,0.01113447,Sub-Saharan Africa
581,COM,Comoros,2023,78,70,-0.5302089,-0.7689814,-0.7142725,-0.5240898,-0.3444732,-0.2942202,Sub-Saharan Africa
581,COM,Comoros,2024,79,78,-0.442425,-0.6424972,-0.5905279,-0.4381013,-0.2973873,-0.2602545,Sub-Saharan Africa
484,COG,Congo - Brazzaville,1991,46,56,-0.03552751,-0.2610588,-0.2105709,-0.0331326,0.1350929,0.174654,Sub-Saharan Africa
484,COG,Congo - Brazzaville,1992,47,42,0.01152527,-0.1964102,-0.1564068,0.01133881,0.1706283,0.2088216,Sub-Saharan Africa
484,COG,Congo - Brazzaville,1993,48,56,-0.2784408,-0.5554793,-0.4951272,-0.2750337,-0.06962932,-0.01872816,Sub-Saharan Africa
484,COG,Congo - Brazzaville,1994,49,65,-0.4819955,-0.7988702,-0.7370498,-0.4636297,-0.243842,-0.1933483,Sub-Saharan Africa
484,COG,Congo - Brazzaville,1995,50,50,-0.2264668,-0.5156423,-0.4540035,-0.2261135,0.004706758,0.06279044,Sub-Saharan Africa
484,COG,Congo - Brazzaville,1996,51,59,-0.6136494,-0.9608647,-0.8852211,-0.6055261,-0.3543694,-0.2729722,Sub-Saharan Africa
484,COG,Congo - Brazzaville,1997,52,44,-0.5968299,-0.9681712,-0.8740396,-0.5940828,-0.3197335,-0.2453783,Sub-Saharan Africa
484,COG,Congo - Brazzaville,1999,54,61,-0.7591099,-1.103916,-1.001818,-0.7538747,-0.5169181,-0.4497366,Sub-Saharan Africa
484,COG,Congo - Brazzaville,2000,55,17,-0.8275958,-1.225592,-1.14123,-0.8212847,-0.5078966,-0.4360714,Sub-Saharan Africa
484,COG,Congo - Brazzaville,2001,56,46,-0.880919,-1.312094,-1.21344,-0.874488,-0.5381139,-0.4676632,Sub-Saharan Africa
484,COG,Congo - Brazzaville,2002,57,67,-0.7008192,-1.023081,-0.9456626,-0.694581,-0.4540016,-0.3870732,Sub-Saharan Africa
484,COG,Congo - Brazzaville,2003,58,59,-0.6605965,-0.9996385,-0.9212353,-0.6458622,-0.4288236,-0.3524689,Sub-Saharan Africa
484,COG,Congo - Brazzaville,2004,59,47,-0.7653473,-1.333281,-1.20164,-0.7356074,-0.3730706,-0.2851291,Sub-Saharan Africa
484,COG,Congo - Brazzaville,2005,60,39,-0.7776555,-1.348876,-1.205877,-0.7469846,-0.3737835,-0.279622,Sub-Saharan Africa
484,COG,Congo - Brazzaville,2006,61,87,-0.7573919,-1.058689,-0.9881348,-0.7486685,-0.5433,-0.4916768,Sub-Saharan Africa
484,COG,Congo - Brazzaville,2007,62,79,-0.5773619,-0.8322049,-0.7888978,-0.5633671,-0.3678463,-0.3160883,Sub-Saharan Africa
484,COG,Congo - Brazzaville,2008,63,77,-0.5274592,-0.7574339,-0.7082452,-0.5252958,-0.3528234,-0.2984178,Sub-Saharan Africa
484,COG,Congo - Brazzaville,2009,64,66,-0.5729286,-0.8245175,-0.7688391,-0.5658246,-0.3875116,-0.3427138,Sub-Saharan Africa
484,COG,Congo - Brazzaville,2010,65,61,-0.5402295,-0.813256,-0.7585704,-0.5357418,-0.3324735,-0.2847278,Sub-Saharan Africa
484,COG,Congo - Brazzaville,2011,66,65,-0.5530727,-0.8501327,-0.7665782,-0.5456186,-0.3429423,-0.2804853,Sub-Saharan Africa
484,COG,Congo - Brazzaville,2012,67,71,-0.5374402,-0.8125038,-0.7622033,-0.5314924,-0.3386081,-0.29067,Sub-Saharan Africa
484,COG,Congo - Brazzaville,2013,68,58,-0.5981537,-0.896529,-0.8283011,-0.5916661,-0.3815727,-0.3146293,Sub-Saharan Africa
484,COG,Congo - Brazzaville,2014,69,75,-0.6661035,-0.9492972,-0.8856453,-0.6646573,-0.4523843,-0.4001597,Sub-Saharan Africa
484,COG,Congo - Brazzaville,2015,70,77,-0.724073,-1.019639,-0.9607961,-0.715534,-0.4934928,-0.4538902,Sub-Saharan Africa
484,COG,Congo - Brazzaville,2016,71,72,-0.7059895,-1.045966,-0.9557137,-0.7030786,-0.4502209,-0.382765,Sub-Saharan Africa
484,COG,Congo - Brazzaville,2017,72,87,-0.7252833,-1.044961,-0.9762982,-0.7219959,-0.4790748,-0.4145426,Sub-Saharan Africa
484,COG,Congo - Brazzaville,2018,73,91,-0.7067403,-0.9937861,-0.9378543,-0.6971191,-0.4882358,-0.4361954,Sub-Saharan Africa
484,COG,Congo - Brazzaville,2019,74,75,-0.7569141,-1.11985,-1.035968,-0.7615972,-0.491692,-0.4153322,Sub-Saharan Africa
484,COG,Congo - Brazzaville,2020,75,66,-0.5284863,-0.8605443,-0.7800175,-0.5141966,-0.2946044,-0.2308729,Sub-Saharan Africa
484,COG,Congo - Brazzaville,2021,76,54,-0.5758397,-0.9405153,-0.867346,-0.5606743,-0.3073161,-0.2613994,Sub-Saharan Africa
484,COG,Congo - Brazzaville,2022,77,68,-0.6914261,-0.9093277,-0.8589022,-0.691934,-0.5325982,-0.4857691,Sub-Saharan Africa
484,COG,Congo - Brazzaville,2023,78,71,-0.5237146,-0.7305623,-0.677854,-0.5187785,-0.3738951,-0.3320768,Sub-Saharan Africa
484,COG,Congo - Brazzaville,2024,79,91,-0.5280435,-0.71858,-0.6709095,-0.5227536,-0.3868911,-0.3408923,Sub-Saharan Africa
490,COD,Congo - Kinshasa,1991,46,29,-0.2289687,-0.5976336,-0.5019314,-0.2111394,0.03195361,0.08331115,Sub-Saharan Africa
490,COD,Congo - Kinshasa,1992,47,29,0.01833222,-0.2904794,-0.227228,0.02258536,0.2534947,0.3116446,Sub-Saharan Africa
490,COD,Congo - Kinshasa,1993,48,33,-0.1828172,-0.5125659,-0.4135391,-0.1782919,0.05170484,0.1049041,Sub-Saharan Africa
490,COD,Congo - Kinshasa,1994,49,1,-0.1908962,-0.5505816,-0.4779783,-0.1745583,0.0864656,0.1549236,Sub-Saharan Africa
490,COD,Congo - Kinshasa,1995,50,35,-0.7784702,-1.183029,-1.103299,-0.7806389,-0.4555992,-0.362029,Sub-Saharan Africa
490,COD,Congo - Kinshasa,1996,51,15,-0.05637031,-0.3470696,-0.2830033,-0.05726038,0.1747683,0.2297594,Sub-Saharan Africa
490,COD,Congo - Kinshasa,1997,52,45,-0.7040673,-1.027804,-0.9489311,-0.6973745,-0.4689365,-0.4005638,Sub-Saharan Africa
490,COD,Congo - Kinshasa,1998,53,39,-0.6157407,-0.9833954,-0.8885634,-0.6096324,-0.3528039,-0.2893613,Sub-Saharan Africa
490,COD,Congo - Kinshasa,1999,54,16,-1.279067,-1.749396,-1.635364,-1.276406,-0.9322162,-0.8147132,Sub-Saharan Africa
490,COD,Congo - Kinshasa,2000,55,16,-1.286346,-1.773798,-1.667598,-1.285223,-0.9128795,-0.830909,Sub-Saharan Africa
490,COD,Congo - Kinshasa,2001,56,17,-1.177321,-1.673912,-1.552486,-1.16963,-0.7964739,-0.6896642,Sub-Saharan Africa
490,COD,Congo - Kinshasa,2002,57,36,-1.089872,-1.651502,-1.534039,-1.077772,-0.6672154,-0.5620133,Sub-Saharan Africa
490,COD,Congo - Kinshasa,2003,58,26,-0.8795952,-1.394102,-1.267653,-0.8630611,-0.504374,-0.4036002,Sub-Saharan Africa
490,COD,Congo - Kinshasa,2004,59,29,-0.5993814,-0.9811217,-0.9019092,-0.5958272,-0.3243816,-0.2476436,Sub-Saharan Africa
490,COD,Congo - Kinshasa,2005,60,40,-0.3871942,-0.6196901,-0.56514,-0.3835447,-0.2084031,-0.1652545,Sub-Saharan Africa
490,COD,Congo - Kinshasa,2006,61,48,-1.112843,-1.587755,-1.47005,-1.102757,-0.7525449,-0.6630497,Sub-Saharan Africa
490,COD,Congo - Kinshasa,2007,62,44,-0.2708757,-0.4791335,-0.4386122,-0.2724992,-0.1054607,-0.06098349,Sub-Saharan Africa
490,COD,Congo - Kinshasa,2008,63,25,-0.4967466,-0.9502571,-0.8251829,-0.4847543,-0.1850538,-0.09946909,Sub-Saharan Africa
490,COD,Congo - Kinshasa,2009,64,39,-0.4102261,-0.6749559,-0.6019134,-0.4011659,-0.2247272,-0.1796711,Sub-Saharan Africa
490,COD,Congo - Kinshasa,2010,65,42,-0.2930086,-0.5306119,-0.4810021,-0.2850334,-0.1156727,-0.06973714,Sub-Saharan Africa
490,COD,Congo - Kinshasa,2011,66,17,-0.6887332,-1.098941,-1.018164,-0.6820165,-0.3958394,-0.3033249,Sub-Saharan Africa
490,COD,Congo - Kinshasa,2012,67,46,-0.5927401,-0.9190407,-0.8506118,-0.5842851,-0.3594763,-0.2990227,Sub-Saharan Africa
490,COD,Congo - Kinshasa,2013,68,44,-0.6728363,-0.9920349,-0.9234387,-0.6667011,-0.4353164,-0.3676122,Sub-Saharan Africa
490,COD,Congo - Kinshasa,2014,69,27,-0.701778,-1.044167,-0.9617229,-0.7093849,-0.4272704,-0.3641528,Sub-Saharan Africa
490,COD,Congo - Kinshasa,2015,70,45,-0.7856793,-1.176312,-1.080724,-0.7724935,-0.5183649,-0.4282788,Sub-Saharan Africa
490,COD,Congo - Kinshasa,2016,71,47,-0.4450548,-0.7523662,-0.6707777,-0.4413465,-0.2262074,-0.1722272,Sub-Saharan Africa
490,COD,Congo - Kinshasa,2017,72,55,-0.5224224,-0.8264036,-0.7614328,-0.5198894,-0.2883124,-0.2381292,Sub-Saharan Africa
490,COD,Congo - Kinshasa,2018,73,60,-0.2334499,-0.4421101,-0.3972587,-0.2269967,-0.08306509,-0.03538468,Sub-Saharan Africa
490,COD,Congo - Kinshasa,2019,74,49,-0.506362,-0.8824674,-0.7919044,-0.4922007,-0.231913,-0.1806834,Sub-Saharan Africa
490,COD,Congo - Kinshasa,2020,75,48,-0.1122517,-0.365698,-0.3065979,-0.1037778,0.07046161,0.1173999,Sub-Saharan Africa
490,COD,Congo - Kinshasa,2021,76,3,-0.1135959,-0.511526,-0.4390627,-0.1149403,0.2069675,0.2798098,Sub-Saharan Africa
490,COD,Congo - Kinshasa,2022,77,51,-0.2288458,-0.4381077,-0.3905133,-0.2209939,-0.07397468,-0.03077034,Sub-Saharan Africa
490,COD,Congo - Kinshasa,2023,78,60,0.02072374,-0.1511209,-0.1176645,0.02484897,0.1466108,0.174041,Sub-Saharan Africa
490,COD,Congo - Kinshasa,2024,79,82,-0.3061056,-0.4870317,-0.4461365,-0.3056759,-0.1702194,-0.131859,Sub-Saharan Africa
94,CRI,Costa Rica,1991,46,71,0.09668149,-0.09791629,-0.04856393,0.09966924,0.2337544,0.275198,Latin America & Caribbean
94,CRI,Costa Rica,1992,47,73,0.2076197,0.03994114,0.07238516,0.2101948,0.3321549,0.3681352,Latin America & Caribbean
94,CRI,Costa Rica,1993,48,63,0.07417164,-0.1251647,-0.08586152,0.07909001,0.2190414,0.2596259,Latin America & Caribbean
94,CRI,Costa Rica,1994,49,63,0.0220134,-0.2238154,-0.1664231,0.02808296,0.2049128,0.2476413,Latin America & Caribbean
94,CRI,Costa Rica,1995,50,47,0.01025606,-0.2478414,-0.1858223,0.01301862,0.2057552,0.256662,Latin America & Caribbean
94,CRI,Costa Rica,1996,51,62,-0.0561094,-0.3006809,-0.2381089,-0.05072287,0.1256041,0.1739371,Latin America & Caribbean
94,CRI,Costa Rica,1997,52,54,-0.02327101,-0.269721,-0.2113858,-0.01597794,0.1531135,0.1922104,Latin America & Caribbean
94,CRI,Costa Rica,1998,53,47,-0.09067774,-0.3346846,-0.2622564,-0.08169718,0.07350409,0.1200242,Latin America & Caribbean
94,CRI,Costa Rica,1999,54,62,-0.2021797,-0.4345308,-0.3676409,-0.1943801,-0.04274755,0.003253738,Latin America & Caribbean
94,CRI,Costa Rica,2000,55,62,-0.03020956,-0.2407666,-0.1920966,-0.02892918,0.1206615,0.1679435,Latin America & Caribbean
94,CRI,Costa Rica,2001,56,62,-0.2536303,-0.4936269,-0.4365082,-0.2461712,-0.08529427,-0.02764247,Latin America & Caribbean
94,CRI,Costa Rica,2002,57,71,-0.1525746,-0.3439021,-0.299284,-0.148009,-0.01324981,0.01432269,Latin America & Caribbean
94,CRI,Costa Rica,2003,58,76,0.08801664,-0.07310468,-0.04125839,0.09031439,0.2157319,0.2446251,Latin America & Caribbean
94,CRI,Costa Rica,2004,59,70,0.03901768,-0.1300034,-0.09251626,0.03942141,0.1670502,0.2053389,Latin America & Caribbean
94,CRI,Costa Rica,2005,60,74,0.01992949,-0.1418986,-0.104572,0.02287839,0.1409776,0.1753374,Latin America & Caribbean
94,CRI,Costa Rica,2006,61,88,-0.2914121,-0.4751322,-0.4301336,-0.2882103,-0.1597535,-0.1210503,Latin America & Caribbean
94,CRI,Costa Rica,2007,62,79,-0.1804224,-0.35318,-0.3042473,-0.1771884,-0.04942192,-0.01947269,Latin America & Caribbean
94,CRI,Costa Rica,2008,63,77,-0.1729176,-0.3510271,-0.3054249,-0.1718254,-0.03630806,0.001906882,Latin America & Caribbean
94,CRI,Costa Rica,2009,64,65,-0.1584845,-0.3444476,-0.2994024,-0.1563463,-0.0254175,0.01269282,Latin America & Caribbean
94,CRI,Costa Rica,2010,65,72,-0.2438036,-0.4417665,-0.3949107,-0.2420733,-0.09794612,-0.05978374,Latin America & Caribbean
94,CRI,Costa Rica,2011,66,69,-0.1216527,-0.3033631,-0.2539817,-0.1202411,0.01090237,0.0422426,Latin America & Caribbean
94,CRI,Costa Rica,2012,67,74,-0.1644795,-0.347236,-0.3054797,-0.1626945,-0.02904444,0.01145241,Latin America & Caribbean
94,CRI,Costa Rica,2013,68,64,-0.2136424,-0.4254595,-0.3730236,-0.2124474,-0.05908084,-0.02868121,Latin America & Caribbean
94,CRI,Costa Rica,2014,69,77,-0.1746483,-0.346986,-0.305414,-0.1720776,-0.04680365,0.00203926,Latin America & Caribbean
94,CRI,Costa Rica,2015,70,78,-0.2413558,-0.4289438,-0.38149,-0.2373073,-0.1011873,-0.05759652,Latin America & Caribbean
94,CRI,Costa Rica,2016,71,79,-0.1850415,-0.3760028,-0.3245761,-0.1863876,-0.0478238,-0.0147139,Latin America & Caribbean
94,CRI,Costa Rica,2017,72,93,-0.221407,-0.4059114,-0.3670221,-0.2161735,-0.08566795,-0.0519783,Latin America & Caribbean
94,CRI,Costa Rica,2018,73,109,-0.0875942,-0.2334242,-0.2037034,-0.08340099,0.02652222,0.05632474,Latin America & Caribbean
94,CRI,Costa Rica,2019,74,99,-0.1162466,-0.2762098,-0.2362835,-0.1130428,0.002930391,0.02589104,Latin America & Caribbean
94,CRI,Costa Rica,2020,75,97,-0.07866878,-0.2292678,-0.2026622,-0.07703295,0.03878333,0.07242464,Latin America & Caribbean
94,CRI,Costa Rica,2021,76,86,-0.1135095,-0.2652591,-0.2358691,-0.1122437,-0.002048618,0.03378419,Latin America & Caribbean
94,CRI,Costa Rica,2022,77,88,-0.0182934,-0.1469058,-0.1239028,-0.01789615,0.08517658,0.1172343,Latin America & Caribbean
94,CRI,Costa Rica,2023,78,88,-0.06258862,-0.1993672,-0.1631809,-0.06327066,0.04281684,0.06854576,Latin America & Caribbean
94,CRI,Costa Rica,2024,79,107,-0.03630417,-0.1633785,-0.13331,-0.03405848,0.05726294,0.08376442,Latin America & Caribbean
344,HRV,Croatia,1992,47,34,1.050337,0.8112392,0.8642269,1.052347,1.232133,1.281406,Other
344,HRV,Croatia,1993,48,42,1.127817,0.9197123,0.953964,1.122235,1.307948,1.361889,Other
344,HRV,Croatia,1994,49,61,0.9233972,0.7164217,0.7650882,0.9251352,1.081768,1.128425,Other
344,HRV,Croatia,1995,50,61,1.033719,0.8197411,0.8703636,1.031894,1.200514,1.261477,Other
344,HRV,Croatia,1996,51,70,1.065408,0.8747021,0.9125338,1.058786,1.23047,1.270644,Other
344,HRV,Croatia,1997,52,69,1.113912,0.9100313,0.9453577,1.118595,1.27634,1.326757,Other
344,HRV,Croatia,1998,53,61,0.9800542,0.771893,0.8248731,0.9790536,1.139217,1.177683,Other
344,HRV,Croatia,1999,54,68,0.8445519,0.6537367,0.6917945,0.8421098,0.997135,1.038723,Other
344,HRV,Croatia,2000,55,68,0.9485687,0.7580748,0.7974163,0.9407736,1.111611,1.147574,Other
344,HRV,Croatia,2001,56,68,0.8459563,0.6728155,0.710091,0.8462587,0.9883576,1.027958,Other
344,HRV,Croatia,2002,57,76,0.9008933,0.7332672,0.7686944,0.8954228,1.049954,1.088606,Other
344,HRV,Croatia,2003,58,78,0.9620119,0.7661592,0.8077777,0.9553227,1.118676,1.155572,Other
344,HRV,Croatia,2004,59,72,0.9055562,0.7270865,0.7685342,0.9044937,1.045858,1.082241,Other
344,HRV,Croatia,2005,60,75,0.9303357,0.7503286,0.7866754,0.9224461,1.090995,1.143497,Other
344,HRV,Croatia,2006,61,88,0.914297,0.7276384,0.7722109,0.9113604,1.05815,1.112772,Other
344,HRV,Croatia,2007,62,79,0.9206817,0.7533368,0.7808323,0.9168946,1.065068,1.109051,Other
344,HRV,Croatia,2008,63,76,0.8624492,0.6822537,0.7255077,0.861775,1.007603,1.047289,Other
344,HRV,Croatia,2009,64,65,0.8698485,0.7011025,0.7345563,0.8692161,1.007519,1.04946,Other
344,HRV,Croatia,2010,65,71,0.9284769,0.743603,0.7855227,0.9236474,1.071363,1.11108,Other
344,HRV,Croatia,2011,66,69,0.8816577,0.6897215,0.7339959,0.8742662,1.039675,1.085203,Other
344,HRV,Croatia,2012,67,73,0.9423936,0.7546759,0.7957939,0.9396714,1.093807,1.139155,Other
344,HRV,Croatia,2013,68,62,0.9123198,0.7228508,0.7598599,0.9125768,1.067394,1.113958,Other
344,HRV,Croatia,2014,69,77,0.9123896,0.7525589,0.7815535,0.9099366,1.046204,1.090981,Other
344,HRV,Croatia,2015,70,77,0.9734631,0.798201,0.8353889,0.9713972,1.107842,1.140024,Other
344,HRV,Croatia,2016,71,80,1.014503,0.839436,0.8753757,1.013574,1.159047,1.201215,Other
344,HRV,Croatia,2017,72,92,0.998648,0.8294585,0.8631608,0.9981577,1.138791,1.171147,Other
344,HRV,Croatia,2018,73,109,0.9755035,0.8179364,0.8516598,0.9736772,1.099547,1.131493,Other
344,HRV,Croatia,2019,74,100,0.9602739,0.8133416,0.8445858,0.9585833,1.079319,1.107616,Other
344,HRV,Croatia,2020,75,97,1.102042,0.9404039,0.9677825,1.09935,1.237833,1.277647,Other
344,HRV,Croatia,2021,76,86,1.069855,0.9009889,0.9396486,1.066815,1.199564,1.238921,Other
344,HRV,Croatia,2022,77,87,1.1933,1.008565,1.046523,1.19068,1.346167,1.394853,Other
344,HRV,Croatia,2023,78,88,1.165134,0.990301,1.025608,1.161728,1.30807,1.343559,Other
344,HRV,Croatia,2024,79,108,1.164336,1.010219,1.039495,1.163043,1.290409,1.330212,Other
40,CUB,Cuba,1991,46,73,-1.814086,-2.230433,-2.139794,-1.823292,-1.476637,-1.390828,Latin America & Caribbean
40,CUB,Cuba,1992,47,74,-1.6089,-2.027587,-1.933524,-1.601794,-1.284119,-1.195475,Latin America & Caribbean
40,CUB,Cuba,1993,48,62,-1.710908,-2.151129,-2.051488,-1.707643,-1.387202,-1.313565,Latin America & Caribbean
40,CUB,Cuba,1994,49,64,-1.5337,-1.946268,-1.821126,-1.534003,-1.247387,-1.177898,Latin America & Caribbean
40,CUB,Cuba,1995,50,64,-1.91452,-2.323485,-2.19104,-1.905817,-1.6333,-1.565208,Latin America & Caribbean
40,CUB,Cuba,1996,51,69,-2.002918,-2.411419,-2.310449,-2.000344,-1.689537,-1.613517,Latin America & Caribbean
40,CUB,Cuba,1997,52,72,-1.922988,-2.312379,-2.215861,-1.922392,-1.643613,-1.550253,Latin America & Caribbean
40,CUB,Cuba,1998,53,61,-1.499805,-1.960722,-1.858202,-1.495486,-1.145971,-1.045252,Latin America & Caribbean
40,CUB,Cuba,1999,54,68,-1.379755,-1.734145,-1.663525,-1.380355,-1.103026,-1.028558,Latin America & Caribbean
40,CUB,Cuba,2000,55,66,-1.115205,-1.491491,-1.414622,-1.125238,-0.8139206,-0.7155453,Latin America & Caribbean
40,CUB,Cuba,2001,56,67,-1.113446,-1.488374,-1.38421,-1.111986,-0.8323219,-0.7668966,Latin America & Caribbean
40,CUB,Cuba,2002,57,74,-0.939421,-1.315397,-1.247408,-0.9226732,-0.6676666,-0.5900796,Latin America & Caribbean
40,CUB,Cuba,2003,58,76,-1.330594,-1.755735,-1.672186,-1.322267,-1.005248,-0.9209832,Latin America & Caribbean
40,CUB,Cuba,2004,59,71,-1.137069,-1.576707,-1.476388,-1.120709,-0.7984463,-0.7165885,Latin America & Caribbean
40,CUB,Cuba,2005,60,73,-1.296673,-1.710049,-1.60491,-1.287598,-1.005964,-0.9242202,Latin America & Caribbean
40,CUB,Cuba,2006,61,87,-1.040469,-1.398278,-1.315255,-1.040435,-0.7619228,-0.6914856,Latin America & Caribbean
40,CUB,Cuba,2007,62,76,-1.191341,-1.593877,-1.505328,-1.186847,-0.8817976,-0.7995496,Latin America & Caribbean
40,CUB,Cuba,2008,63,74,-1.191935,-1.562439,-1.483325,-1.19285,-0.9101199,-0.8298507,Latin America & Caribbean
40,CUB,Cuba,2009,64,65,-1.434911,-1.805978,-1.716824,-1.436766,-1.146307,-1.073386,Latin America & Caribbean
40,CUB,Cuba,2010,65,71,-1.37946,-1.757861,-1.673089,-1.370973,-1.089025,-0.9926072,Latin America & Caribbean
40,CUB,Cuba,2011,66,68,-1.713865,-2.048763,-1.974289,-1.71516,-1.448213,-1.360463,Latin America & Caribbean
40,CUB,Cuba,2012,67,74,-1.621226,-1.946497,-1.868564,-1.61678,-1.366774,-1.303613,Latin America & Caribbean
40,CUB,Cuba,2013,68,63,-1.620782,-2.025666,-1.918773,-1.614628,-1.322394,-1.226304,Latin America & Caribbean
40,CUB,Cuba,2014,69,76,-1.675905,-2.028307,-1.962448,-1.675032,-1.40021,-1.336654,Latin America & Caribbean
40,CUB,Cuba,2015,70,78,-1.709546,-2.114106,-2.008236,-1.70256,-1.410873,-1.312738,Latin America & Caribbean
40,CUB,Cuba,2016,71,79,-1.768696,-2.129902,-2.048423,-1.766715,-1.503965,-1.422339,Latin America & Caribbean
40,CUB,Cuba,2017,72,92,-1.72259,-2.089364,-2.018154,-1.734873,-1.405325,-1.33025,Latin America & Caribbean
40,CUB,Cuba,2018,73,108,-1.597129,-1.929763,-1.869626,-1.591391,-1.347041,-1.273449,Latin America & Caribbean
40,CUB,Cuba,2019,74,97,-1.466572,-1.82737,-1.747965,-1.463406,-1.213032,-1.151603,Latin America & Caribbean
40,CUB,Cuba,2020,75,96,-1.51511,-1.862802,-1.783952,-1.515124,-1.25632,-1.184646,Latin America & Caribbean
40,CUB,Cuba,2021,76,86,-1.536232,-1.84891,-1.777488,-1.535024,-1.302389,-1.228637,Latin America & Caribbean
40,CUB,Cuba,2022,77,88,-1.284638,-1.50371,-1.448737,-1.279608,-1.13006,-1.080339,Latin America & Caribbean
40,CUB,Cuba,2023,78,88,-1.113353,-1.310408,-1.273081,-1.113859,-0.9533281,-0.9073888,Latin America & Caribbean
40,CUB,Cuba,2024,79,107,-1.366578,-1.604374,-1.557226,-1.361687,-1.180518,-1.13079,Latin America & Caribbean
352,CYP,Cyprus,1991,46,74,-0.2631527,-0.5140437,-0.4462801,-0.2511548,-0.08319901,-0.0400057,Other
352,CYP,Cyprus,1992,47,74,-0.4579007,-0.7369628,-0.6733678,-0.4556731,-0.2375108,-0.1866233,Other
352,CYP,Cyprus,1993,48,65,-0.02239631,-0.2232396,-0.172595,-0.0229763,0.1341991,0.1682393,Other
352,CYP,Cyprus,1994,49,68,-0.1238283,-0.379794,-0.3247036,-0.1249216,0.0697051,0.1299211,Other
352,CYP,Cyprus,1995,50,67,0.1297156,-0.07315102,-0.02891513,0.1351751,0.2880443,0.323834,Other
352,CYP,Cyprus,1996,51,74,0.6931995,0.5154594,0.553598,0.6967705,0.8297422,0.8647975,Other
352,CYP,Cyprus,1997,52,73,0.7034289,0.5304751,0.5701199,0.6962117,0.8445766,0.8845828,Other
352,CYP,Cyprus,1998,53,63,0.5017793,0.3266571,0.3697087,0.5013611,0.6371338,0.6787831,Other
352,CYP,Cyprus,1999,54,70,0.6233098,0.4659141,0.4948719,0.6253582,0.7493406,0.7852742,Other
352,CYP,Cyprus,2000,55,68,0.5466891,0.378219,0.413403,0.5437688,0.6858774,0.7240721,Other
352,CYP,Cyprus,2001,56,69,0.6380771,0.4834582,0.5137012,0.6352127,0.7581158,0.7932167,Other
352,CYP,Cyprus,2002,57,76,0.5633924,0.4201754,0.4531494,0.5557936,0.6781872,0.7140396,Other
352,CYP,Cyprus,2003,58,78,0.6568532,0.5086485,0.5427182,0.6530538,0.77737,0.8163392,Other
352,CYP,Cyprus,2004,59,72,0.7524711,0.5972994,0.6281361,0.7493671,0.8835882,0.917138,Other
352,CYP,Cyprus,2005,60,75,0.7029323,0.5396229,0.5703206,0.7014771,0.834186,0.8744481,Other
352,CYP,Cyprus,2006,61,87,0.7274377,0.5853247,0.6103598,0.7249469,0.8475088,0.8857781,Other
352,CYP,Cyprus,2007,62,79,0.7021995,0.5461261,0.5743088,0.699029,0.832373,0.8685523,Other
352,CYP,Cyprus,2008,63,77,0.5608185,0.4114987,0.4430495,0.5617408,0.6840742,0.7160172,Other
352,CYP,Cyprus,2009,64,66,0.6295088,0.4766781,0.5164097,0.6339106,0.7393467,0.7736319,Other
352,CYP,Cyprus,2010,65,72,0.5766536,0.4296995,0.4658198,0.5782831,0.6913391,0.7250181,Other
352,CYP,Cyprus,2011,66,69,0.605651,0.4547221,0.4805075,0.6046046,0.7252233,0.7615052,Other
352,CYP,Cyprus,2012,67,74,0.5647531,0.4151437,0.4464664,0.562303,0.6841873,0.7159016,Other
352,CYP,Cyprus,2013,68,64,0.6281888,0.4704669,0.504844,0.6266895,0.755899,0.7840129,Other
352,CYP,Cyprus,2014,69,77,0.690244,0.5364943,0.569365,0.6920106,0.8156914,0.8487697,Other
352,CYP,Cyprus,2015,70,77,0.5903461,0.4548597,0.4865483,0.5894419,0.6935842,0.7273879,Other
352,CYP,Cyprus,2016,71,80,0.5626255,0.4281571,0.4576664,0.5633614,0.6710718,0.7034474,Other
352,CYP,Cyprus,2017,72,93,0.610057,0.4745597,0.5047626,0.6102218,0.7190986,0.7452203,Other
352,CYP,Cyprus,2018,73,109,0.571284,0.4445702,0.4714996,0.5696683,0.6662477,0.6956089,Other
352,CYP,Cyprus,2019,74,100,0.6629364,0.5381643,0.5659394,0.6614523,0.7666751,0.7911974,Other
352,CYP,Cyprus,2020,75,97,0.5905256,0.462871,0.4920284,0.5906588,0.6889412,0.7100786,Other
352,CYP,Cyprus,2021,76,85,0.6093553,0.4894273,0.5140995,0.6079806,0.7058004,0.7420903,Other
352,CYP,Cyprus,2022,77,88,0.6800924,0.5368748,0.5735781,0.6807849,0.7852678,0.8162606,Other
352,CYP,Cyprus,2023,78,88,0.728016,0.5896936,0.6159765,0.729064,0.8300936,0.8625333,Other
352,CYP,Cyprus,2024,79,108,0.6668351,0.5478806,0.5676619,0.6654414,0.764887,0.7860939,Other
316,CZE,Czechia,1993,48,64,1.478231,1.266408,1.31352,1.480116,1.648828,1.69231,Other
316,CZE,Czechia,1994,49,68,1.461627,1.23058,1.290601,1.465015,1.638133,1.691956,Other
316,CZE,Czechia,1995,50,66,1.393097,1.146166,1.194739,1.390483,1.592152,1.659907,Other
316,CZE,Czechia,1996,51,73,1.409703,1.174704,1.227359,1.399314,1.60993,1.664121,Other
316,CZE,Czechia,1997,52,73,1.362839,1.121987,1.179496,1.358522,1.550793,1.607213,Other
316,CZE,Czechia,1998,53,63,1.155237,0.9352588,0.9737151,1.151349,1.328595,1.390069,Other
316,CZE,Czechia,1999,54,70,1.070988,0.8469931,0.8979129,1.070594,1.245968,1.303861,Other
316,CZE,Czechia,2000,55,68,1.151455,0.9282724,0.9718503,1.148389,1.333897,1.39946,Other
316,CZE,Czechia,2001,56,69,1.114107,0.9135189,0.9508946,1.113161,1.278356,1.339476,Other
316,CZE,Czechia,2002,57,75,1.031199,0.8404124,0.8802872,1.026439,1.180646,1.237429,Other
316,CZE,Czechia,2003,58,78,1.10101,0.9062854,0.9526226,1.101984,1.251148,1.30049,Other
316,CZE,Czechia,2004,59,72,0.9724382,0.7724723,0.8147739,0.9691374,1.126976,1.173127,Other
316,CZE,Czechia,2005,60,75,0.9682256,0.7779959,0.8124425,0.9627344,1.129972,1.178163,Other
316,CZE,Czechia,2006,61,88,0.9401587,0.7567525,0.793452,0.9402294,1.092021,1.131771,Other
316,CZE,Czechia,2007,62,79,0.9924899,0.7940683,0.8332701,0.9926516,1.149537,1.187951,Other
316,CZE,Czechia,2008,63,77,0.9901497,0.7911369,0.8321486,0.9897815,1.146962,1.187187,Other
316,CZE,Czechia,2009,64,66,1.070631,0.8721991,0.9177743,1.069108,1.219653,1.255762,Other
316,CZE,Czechia,2010,65,72,1.085388,0.8924696,0.9403113,1.086101,1.234226,1.265185,Other
316,CZE,Czechia,2011,66,69,0.9706723,0.7704188,0.8127685,0.968366,1.133827,1.176789,Other
316,CZE,Czechia,2012,67,74,1.098827,0.9115261,0.9471362,1.099021,1.252368,1.296888,Other
316,CZE,Czechia,2013,68,64,1.053251,0.8330788,0.8829525,1.05834,1.214568,1.253527,Other
316,CZE,Czechia,2014,69,77,1.157096,0.9772084,1.013459,1.156131,1.293507,1.335274,Other
316,CZE,Czechia,2015,70,77,1.142268,0.9693851,1.003684,1.142541,1.279403,1.311335,Other
316,CZE,Czechia,2016,71,80,1.173044,0.9875069,1.032267,1.17025,1.31593,1.357561,Other
316,CZE,Czechia,2017,72,92,1.146772,0.9686921,1.010573,1.145173,1.287334,1.332751,Other
316,CZE,Czechia,2018,73,109,1.163133,1.005983,1.039288,1.156563,1.303338,1.337586,Other
316,CZE,Czechia,2019,74,100,1.148839,0.9890003,1.020165,1.14586,1.271679,1.311368,Other
316,CZE,Czechia,2020,75,97,1.281838,1.101682,1.146632,1.282422,1.422,1.465214,Other
316,CZE,Czechia,2021,76,86,1.197252,1.018331,1.055746,1.200427,1.341592,1.378492,Other
316,CZE,Czechia,2022,77,88,1.302316,1.095116,1.142064,1.297995,1.464614,1.501243,Other
316,CZE,Czechia,2023,78,88,1.293925,1.101061,1.145785,1.293826,1.439998,1.479338,Other
316,CZE,Czechia,2024,79,108,1.301851,1.1213,1.167019,1.299796,1.438163,1.474352,Other
315,CSK,Czechoslovakia,1991,46,71,1.336357,1.168036,1.208723,1.336564,1.464753,1.502975,Other
315,CSK,Czechoslovakia,1992,47,74,1.343428,1.167969,1.208494,1.34038,1.482635,1.518424,Other
437,CIV,Côte d’Ivoire,1991,46,66,0.3611496,0.2077201,0.2400505,0.3570601,0.4871826,0.5162467,Sub-Saharan Africa
437,CIV,Côte d’Ivoire,1992,47,72,0.07012036,-0.1050078,-0.06732531,0.07243866,0.2204994,0.2483172,Sub-Saharan Africa
437,CIV,Côte d’Ivoire,1993,48,59,-0.3083864,-0.5802273,-0.517706,-0.3024855,-0.1131425,-0.0600166,Sub-Saharan Africa
437,CIV,Côte d’Ivoire,1994,49,68,0.02914345,-0.2105824,-0.1558537,0.03099485,0.213744,0.2562831,Sub-Saharan Africa
437,CIV,Côte d’Ivoire,1995,50,66,-0.1634989,-0.4132494,-0.3545525,-0.1610765,0.01874892,0.06856777,Sub-Saharan Africa
437,CIV,Côte d’Ivoire,1996,51,70,-0.2439458,-0.4844603,-0.4342056,-0.2434171,-0.05100704,-0.007664943,Sub-Saharan Africa
437,CIV,Côte d’Ivoire,1997,52,72,-0.6690892,-0.969901,-0.9015175,-0.6615654,-0.4413698,-0.3893388,Sub-Saharan Africa
437,CIV,Côte d’Ivoire,1998,53,61,-0.7065257,-1.102916,-1.006568,-0.6960007,-0.4205029,-0.3557853,Sub-Saharan Africa
437,CIV,Côte d’Ivoire,1999,54,69,-0.6843105,-1.009355,-0.9138231,-0.6804682,-0.4520156,-0.3892605,Sub-Saharan Africa
437,CIV,Côte d’Ivoire,2000,55,58,-0.4898401,-0.7828062,-0.7187532,-0.4792923,-0.2702427,-0.2077647,Sub-Saharan Africa
437,CIV,Côte d’Ivoire,2001,56,66,-0.7135308,-1.047096,-0.9793856,-0.7063267,-0.4643408,-0.4111082,Sub-Saharan Africa
437,CIV,Côte d’Ivoire,2002,57,67,-0.5535672,-0.8359255,-0.7668366,-0.5451526,-0.336119,-0.2915028,Sub-Saharan Africa
437,CIV,Côte d’Ivoire,2003,58,74,-0.6791913,-1.003931,-0.9121721,-0.6687662,-0.4554457,-0.3898055,Sub-Saharan Africa
437,CIV,Côte d’Ivoire,2004,59,67,-0.1659436,-0.3566186,-0.3095146,-0.1596268,-0.02216255,0.01168811,Sub-Saharan Africa
437,CIV,Côte d’Ivoire,2005,60,54,-0.3155469,-0.5349018,-0.4799514,-0.3119582,-0.148575,-0.1097569,Sub-Saharan Africa
437,CIV,Côte d’Ivoire,2006,61,80,-0.07017007,-0.2223941,-0.1876015,-0.06597369,0.03981272,0.06506419,Sub-Saharan Africa
437,CIV,Côte d’Ivoire,2007,62,69,0.1038078,-0.04051946,-0.01091357,0.1008781,0.21378,0.2465005,Sub-Saharan Africa
437,CIV,Côte d’Ivoire,2008,63,72,-0.09982483,-0.2545676,-0.220274,-0.09643552,0.02225028,0.05931848,Sub-Saharan Africa
437,CIV,Côte d’Ivoire,2009,64,62,-0.1122817,-0.2813557,-0.236097,-0.111545,0.01106631,0.04651837,Sub-Saharan Africa
437,CIV,Côte d’Ivoire,2010,65,57,0.110188,-0.0747489,-0.0275221,0.1124352,0.2473196,0.287147,Sub-Saharan Africa
437,CIV,Côte d’Ivoire,2011,66,65,-0.07319602,-0.240108,-0.2020474,-0.07017144,0.04499396,0.09153961,Sub-Saharan Africa
437,CIV,Côte d’Ivoire,2012,67,71,-0.3829678,-0.6196379,-0.5637708,-0.3770139,-0.2164657,-0.1598397,Sub-Saharan Africa
437,CIV,Côte d’Ivoire,2013,68,63,-0.2511979,-0.4491107,-0.3944174,-0.2469271,-0.1028398,-0.07087089,Sub-Saharan Africa
437,CIV,Côte d’Ivoire,2014,69,68,-0.08262787,-0.2779308,-0.2269613,-0.07582165,0.04979034,0.07997211,Sub-Saharan Africa
437,CIV,Côte d’Ivoire,2015,70,71,-0.1716552,-0.3478451,-0.3080065,-0.169586,-0.03432266,-0.000589642,Sub-Saharan Africa
437,CIV,Côte d’Ivoire,2016,71,70,-0.04447145,-0.232362,-0.1895653,-0.04078685,0.09451416,0.1244441,Sub-Saharan Africa
437,CIV,Côte d’Ivoire,2017,72,90,-0.3969874,-0.6386312,-0.5804303,-0.3905301,-0.2233816,-0.1884181,Sub-Saharan Africa
437,CIV,Côte d’Ivoire,2018,73,104,-0.04626633,-0.1988936,-0.1600224,-0.04591087,0.06534077,0.09734323,Sub-Saharan Africa
437,CIV,Côte d’Ivoire,2019,74,98,-0.1915067,-0.3485184,-0.3173098,-0.1855827,-0.06800727,-0.03224109,Sub-Saharan Africa
437,CIV,Côte d’Ivoire,2020,75,94,-0.2007064,-0.381531,-0.3399678,-0.1973794,-0.06181782,-0.03286487,Sub-Saharan Africa
437,CIV,Côte d’Ivoire,2021,76,85,-0.1400568,-0.297019,-0.2624765,-0.1342947,-0.01727105,0.006113638,Sub-Saharan Africa
437,CIV,Côte d’Ivoire,2022,77,86,-0.04902243,-0.1841438,-0.1529125,-0.05048751,0.06161467,0.08562197,Sub-Saharan Africa
437,CIV,Côte d’Ivoire,2023,78,87,-0.0774481,-0.2273703,-0.1937987,-0.07440784,0.03463326,0.06210905,Sub-Saharan Africa
437,CIV,Côte d’Ivoire,2024,79,104,-0.1174018,-0.2401852,-0.2148906,-0.1167461,-0.01861313,0.006436079,Sub-Saharan Africa
390,DNK,Denmark,1991,46,72,1.325833,1.159166,1.196334,1.320414,1.46307,1.510918,Western Europe & North America
390,DNK,Denmark,1992,47,74,1.276159,1.085703,1.130061,1.276038,1.42622,1.46131,Western Europe & North America
390,DNK,Denmark,1993,48,64,1.272263,1.075413,1.108684,1.26831,1.435985,1.476269,Western Europe & North America
390,DNK,Denmark,1994,49,68,1.396018,1.174519,1.222738,1.400437,1.565063,1.622781,Western Europe & North America
390,DNK,Denmark,1995,50,67,1.380668,1.128897,1.185329,1.377706,1.577619,1.625545,Western Europe & North America
390,DNK,Denmark,1996,51,74,1.447007,1.207293,1.255915,1.442328,1.642026,1.702594,Western Europe & North America
390,DNK,Denmark,1997,52,73,1.407119,1.170551,1.223328,1.406873,1.602707,1.650528,Western Europe & North America
390,DNK,Denmark,1998,53,63,1.122944,0.8963783,0.9440824,1.11933,1.308008,1.372541,Western Europe & North America
390,DNK,Denmark,1999,54,70,1.206704,0.9858091,1.036895,1.210943,1.380033,1.43374,Western Europe & North America
390,DNK,Denmark,2000,55,68,1.148503,0.9396277,0.978455,1.141722,1.326554,1.375134,Western Europe & North America
390,DNK,Denmark,2001,56,69,1.210494,0.9974585,1.039096,1.213426,1.378457,1.420441,Western Europe & North America
390,DNK,Denmark,2002,57,75,1.087978,0.8971306,0.9352251,1.084271,1.24949,1.302174,Western Europe & North America
390,DNK,Denmark,2003,58,78,1.034657,0.8445121,0.8798751,1.034212,1.181425,1.224732,Western Europe & North America
390,DNK,Denmark,2004,59,72,1.000752,0.804029,0.8512866,1.001687,1.144277,1.19189,Western Europe & North America
390,DNK,Denmark,2005,60,75,1.007669,0.7830028,0.8325376,1.009436,1.183732,1.233066,Western Europe & North America
390,DNK,Denmark,2006,61,88,0.9450077,0.7612117,0.7944564,0.9468935,1.090201,1.135341,Western Europe & North America
390,DNK,Denmark,2007,62,79,0.9507192,0.7672385,0.8096204,0.9495796,1.097319,1.127628,Western Europe & North America
390,DNK,Denmark,2008,63,76,1.046311,0.8594115,0.9078218,1.045095,1.186394,1.230016,Western Europe & North America
390,DNK,Denmark,2009,64,66,1.038008,0.8471675,0.8874378,1.034794,1.195811,1.228047,Western Europe & North America
390,DNK,Denmark,2010,65,72,1.036381,0.8593563,0.8966305,1.038067,1.172413,1.217166,Western Europe & North America
390,DNK,Denmark,2011,66,69,0.9629099,0.7639428,0.8058815,0.9614627,1.127405,1.185793,Western Europe & North America
390,DNK,Denmark,2012,67,74,0.9325407,0.7311077,0.7773162,0.9315063,1.084912,1.127604,Western Europe & North America
390,DNK,Denmark,2013,68,64,0.9491567,0.7517273,0.7993155,0.9421955,1.107785,1.158915,Western Europe & North America
390,DNK,Denmark,2014,69,77,1.001634,0.8296353,0.8599302,0.9972792,1.146168,1.181326,Western Europe & North America
390,DNK,Denmark,2015,70,78,1.009665,0.8422358,0.8726376,1.008048,1.144581,1.190877,Western Europe & North America
390,DNK,Denmark,2016,71,79,1.070701,0.8827655,0.9277379,1.065837,1.219504,1.262702,Western Europe & North America
390,DNK,Denmark,2017,72,92,1.050939,0.8736963,0.9136693,1.054298,1.191911,1.228493,Western Europe & North America
390,DNK,Denmark,2018,73,109,1.044212,0.8798102,0.9141659,1.042795,1.177603,1.220241,Western Europe & North America
390,DNK,Denmark,2019,74,100,1.04993,0.8972237,0.9302118,1.048676,1.175898,1.208854,Western Europe & North America
390,DNK,Denmark,2020,75,97,1.138893,0.9697524,1.004276,1.136824,1.276776,1.315221,Western Europe & North America
390,DNK,Denmark,2021,76,86,1.060286,0.8903056,0.9329022,1.055889,1.193392,1.236163,Western Europe & North America
390,DNK,Denmark,2022,77,88,1.100731,0.9242711,0.961961,1.10376,1.235512,1.284278,Western Europe & North America
390,DNK,Denmark,2023,78,88,1.107096,0.9317174,0.9662556,1.106374,1.246483,1.2821,Western Europe & North America
390,DNK,Denmark,2024,79,108,1.112373,0.9579156,0.9860254,1.107686,1.241889,1.274824,Western Europe & North America
522,DJI,Djibouti,1991,46,72,-0.6371085,-1.033042,-0.9229497,-0.6229176,-0.3626854,-0.297832,Sub-Saharan Africa
522,DJI,Djibouti,1992,47,70,-0.6024849,-0.9853085,-0.900023,-0.5845944,-0.3196037,-0.2490835,Sub-Saharan Africa
522,DJI,Djibouti,1993,48,60,-0.6837425,-1.070682,-0.9863148,-0.6652955,-0.4038682,-0.3366787,Sub-Saharan Africa
522,DJI,Djibouti,1994,49,59,-0.4194706,-0.8036683,-0.7132937,-0.4123479,-0.1315509,-0.05800118,Sub-Saharan Africa
522,DJI,Djibouti,1995,50,60,-0.750253,-1.201062,-1.108046,-0.7361559,-0.4282971,-0.3361462,Sub-Saharan Africa
522,DJI,Djibouti,1996,51,63,-0.8947238,-1.311868,-1.239847,-0.8846446,-0.5742101,-0.4895394,Sub-Saharan Africa
522,DJI,Djibouti,1997,52,67,-0.7307886,-1.174222,-1.066195,-0.7236273,-0.4038037,-0.3236517,Sub-Saharan Africa
522,DJI,Djibouti,1998,53,60,-0.650076,-1.012089,-0.9274877,-0.6441016,-0.3808524,-0.3053587,Sub-Saharan Africa
522,DJI,Djibouti,1999,54,67,-0.7220938,-1.057383,-0.9690874,-0.7123073,-0.4854686,-0.4129568,Sub-Saharan Africa
522,DJI,Djibouti,2000,55,66,-0.668388,-0.98358,-0.9109387,-0.664886,-0.4288533,-0.3680471,Sub-Saharan Africa
522,DJI,Djibouti,2001,56,66,-1.077821,-1.45214,-1.380929,-1.075032,-0.7809295,-0.7087993,Sub-Saharan Africa
522,DJI,Djibouti,2002,57,73,-0.9309228,-1.353656,-1.274298,-0.9086059,-0.6266446,-0.5447073,Sub-Saharan Africa
522,DJI,Djibouti,2003,58,76,-1.027459,-1.38334,-1.304575,-1.03326,-0.7427977,-0.6690231,Sub-Saharan Africa
522,DJI,Djibouti,2004,59,70,-0.8170059,-1.185151,-1.086637,-0.803081,-0.5453621,-0.4725207,Sub-Saharan Africa
522,DJI,Djibouti,2005,60,74,-0.730426,-1.01655,-0.9532003,-0.7192157,-0.5211141,-0.4785802,Sub-Saharan Africa
522,DJI,Djibouti,2006,61,87,-0.6671637,-0.9354647,-0.876071,-0.6561909,-0.4666094,-0.4238739,Sub-Saharan Africa
522,DJI,Djibouti,2007,62,79,-0.7806183,-1.072483,-1.007845,-0.7816488,-0.5515928,-0.4902912,Sub-Saharan Africa
522,DJI,Djibouti,2008,63,73,-0.8888034,-1.246541,-1.175802,-0.8850543,-0.6033367,-0.5382649,Sub-Saharan Africa
522,DJI,Djibouti,2009,64,62,-0.9452042,-1.332739,-1.22755,-0.9340304,-0.6676933,-0.5872891,Sub-Saharan Africa
522,DJI,Djibouti,2010,65,72,-0.609246,-0.8704485,-0.8085019,-0.6064982,-0.405812,-0.360541,Sub-Saharan Africa
522,DJI,Djibouti,2011,66,69,-0.7122156,-0.9894512,-0.9178004,-0.7122714,-0.5076387,-0.4478793,Sub-Saharan Africa
522,DJI,Djibouti,2012,67,73,-0.6563985,-0.9457563,-0.878592,-0.6506395,-0.4431155,-0.377916,Sub-Saharan Africa
522,DJI,Djibouti,2013,68,62,-0.687018,-0.9867383,-0.8985769,-0.6813381,-0.4742881,-0.4187854,Sub-Saharan Africa
522,DJI,Djibouti,2014,69,76,-0.6692343,-0.9475565,-0.8767836,-0.6671378,-0.4497904,-0.4035742,Sub-Saharan Africa
522,DJI,Djibouti,2015,70,76,-0.6740226,-0.9985886,-0.904944,-0.660558,-0.4576762,-0.4105919,Sub-Saharan Africa
522,DJI,Djibouti,2016,71,76,-0.7716726,-1.104033,-1.023004,-0.7701356,-0.5247444,-0.4601501,Sub-Saharan Africa
522,DJI,Djibouti,2017,72,88,-0.6433098,-0.9829031,-0.8953378,-0.6326543,-0.4058499,-0.3340722,Sub-Saharan Africa
522,DJI,Djibouti,2018,73,106,-0.3195563,-0.5043931,-0.4489428,-0.3154502,-0.1829861,-0.1513731,Sub-Saharan Africa
522,DJI,Djibouti,2019,74,98,-0.3792215,-0.5853956,-0.5427175,-0.370775,-0.2335142,-0.1975324,Sub-Saharan Africa
522,DJI,Djibouti,2020,75,93,-0.4710859,-0.7057311,-0.6480296,-0.4659086,-0.2974136,-0.2479202,Sub-Saharan Africa
522,DJI,Djibouti,2021,76,85,-0.5247726,-0.7556233,-0.6916503,-0.5165834,-0.349261,-0.3029116,Sub-Saharan Africa
522,DJI,Djibouti,2022,77,78,-0.5254994,-0.7314613,-0.6891927,-0.5255612,-0.3768975,-0.3176437,Sub-Saharan Africa
522,DJI,Djibouti,2023,78,85,-0.5735775,-0.7657118,-0.7212909,-0.5760719,-0.4327513,-0.3882359,Sub-Saharan Africa
522,DJI,Djibouti,2024,79,102,-0.6076282,-0.8211749,-0.7702257,-0.6090454,-0.4428345,-0.4016054,Sub-Saharan Africa
54,DMA,Dominica,1991,46,59,0.2950754,0.1256201,0.1652445,0.2981585,0.4279823,0.4650615,Other
54,DMA,Dominica,1992,47,65,0.1897176,0.01913627,0.05766665,0.1883166,0.3221412,0.3593881,Other
54,DMA,Dominica,1993,48,53,0.1931497,0.003695015,0.04924539,0.1953173,0.3388598,0.3774486,Other
54,DMA,Dominica,1994,49,45,0.03506411,-0.2325685,-0.1655298,0.03945693,0.2379583,0.2944563,Other
54,DMA,Dominica,1995,50,38,0.4394688,0.1839986,0.2398484,0.4422067,0.652507,0.7068524,Other
54,DMA,Dominica,1996,51,53,-0.1478906,-0.4172902,-0.3509537,-0.140459,0.05481599,0.1058763,Other
54,DMA,Dominica,1997,52,43,-0.3455352,-0.6188345,-0.5628966,-0.3411408,-0.1317862,-0.07260544,Other
54,DMA,Dominica,1998,53,1,-0.3529567,-0.6913012,-0.6227989,-0.3533683,-0.07871723,-0.01220399,Other
54,DMA,Dominica,1999,54,59,-0.3798716,-0.6380654,-0.5703233,-0.3781984,-0.1896647,-0.1295884,Other
54,DMA,Dominica,2000,55,17,-0.1899216,-0.5013853,-0.4419152,-0.1849505,0.0514307,0.1149554,Other
54,DMA,Dominica,2001,56,19,-0.373353,-0.7096257,-0.6353622,-0.3697572,-0.1181624,-0.0535703,Other
54,DMA,Dominica,2002,57,34,-0.6284731,-0.9972753,-0.9200687,-0.6198016,-0.3660941,-0.3009202,Other
54,DMA,Dominica,2003,58,33,-0.6337689,-1.059493,-0.9595439,-0.63318,-0.2907917,-0.220846,Other
54,DMA,Dominica,2004,59,66,-0.5694153,-0.9142926,-0.821096,-0.5590627,-0.3363725,-0.2806798,Other
54,DMA,Dominica,2005,60,65,-0.5265889,-0.8514091,-0.7695402,-0.5085126,-0.3069623,-0.2464933,Other
54,DMA,Dominica,2006,61,79,-0.5251975,-0.8383608,-0.7616038,-0.5036059,-0.3182928,-0.268369,Other
54,DMA,Dominica,2007,62,46,-0.6138505,-0.9306815,-0.8533954,-0.6025066,-0.3923894,-0.3127722,Other
54,DMA,Dominica,2008,63,66,-0.628284,-0.9321282,-0.8538185,-0.6174923,-0.4097389,-0.3571321,Other
54,DMA,Dominica,2009,64,63,-0.5825336,-0.8480975,-0.7898502,-0.5766229,-0.3939477,-0.3410501,Other
54,DMA,Dominica,2010,65,16,-0.5240181,-0.8454272,-0.7690726,-0.5202215,-0.2710111,-0.206313,Other
54,DMA,Dominica,2011,66,27,-0.6196295,-0.9886923,-0.8885552,-0.6093697,-0.3596727,-0.2894349,Other
54,DMA,Dominica,2012,67,65,-0.6037604,-0.9183273,-0.8377151,-0.5963683,-0.3823385,-0.3246576,Other
54,DMA,Dominica,2013,68,17,-0.2152904,-0.4843534,-0.4159086,-0.2142721,-0.008908489,0.03610761,Other
54,DMA,Dominica,2014,69,21,-0.2884873,-0.5909546,-0.5245562,-0.283729,-0.06771185,-0.0158939,Other
54,DMA,Dominica,2015,70,50,-0.3586379,-0.6258517,-0.5636912,-0.3498733,-0.1582704,-0.1203399,Other
54,DMA,Dominica,2016,71,69,-0.4100219,-0.6684688,-0.6104434,-0.4049319,-0.2132487,-0.1736417,Other
54,DMA,Dominica,2017,72,23,-0.5036702,-0.9972833,-0.8717364,-0.4759557,-0.1681519,-0.08690294,Other
54,DMA,Dominica,2018,73,55,-0.4107569,-0.7009301,-0.6294484,-0.3989694,-0.2125736,-0.1620752,Other
54,DMA,Dominica,2019,74,9,-0.02889123,-0.4008579,-0.3317839,-0.02209336,0.2460694,0.3207286,Other
54,DMA,Dominica,2020,75,31,-0.5441686,-0.9184447,-0.8379297,-0.5216145,-0.2692391,-0.2078674,Other
54,DMA,Dominica,2021,76,42,-0.4774379,-0.820858,-0.7416389,-0.4681863,-0.235527,-0.1773754,Other
54,DMA,Dominica,2022,77,11,-0.2680516,-0.5888996,-0.5128848,-0.2584991,-0.03217174,0.04122083,Other
54,DMA,Dominica,2023,78,41,-0.3207553,-0.5965785,-0.5258134,-0.3181598,-0.1251834,-0.07436588,Other
54,DMA,Dominica,2024,79,30,-0.371433,-0.7002529,-0.623028,-0.3563443,-0.13796,-0.07456143,Other
42,DOM,Dominican Republic,1991,46,43,0.03879994,-0.1741813,-0.1282292,0.03738095,0.2052988,0.2605355,Latin America & Caribbean
42,DOM,Dominican Republic,1992,47,35,0.4063306,0.2057592,0.2484552,0.4065497,0.5613015,0.6282546,Latin America & Caribbean
42,DOM,Dominican Republic,1993,48,59,0.3778891,0.2005861,0.2412055,0.3758623,0.5203236,0.5637682,Latin America & Caribbean
42,DOM,Dominican Republic,1996,51,21,-0.06850457,-0.3864806,-0.3079164,-0.06331706,0.167835,0.2397493,Latin America & Caribbean
42,DOM,Dominican Republic,1997,52,44,-0.07230532,-0.31436,-0.2572614,-0.06953254,0.1096417,0.165462,Latin America & Caribbean
42,DOM,Dominican Republic,1998,53,36,-0.3440149,-0.6594098,-0.5785499,-0.3361379,-0.11279,-0.06151856,Latin America & Caribbean
42,DOM,Dominican Republic,1999,54,43,-0.2969569,-0.5620668,-0.5000366,-0.2935846,-0.09114254,-0.05404061,Latin America & Caribbean
42,DOM,Dominican Republic,2000,55,66,-0.2324261,-0.4558686,-0.3991048,-0.2287187,-0.06970834,-0.01461311,Latin America & Caribbean
42,DOM,Dominican Republic,2001,56,66,-0.2398791,-0.4704107,-0.4124723,-0.2296803,-0.07515168,-0.03002024,Latin America & Caribbean
42,DOM,Dominican Republic,2002,57,75,-0.2540299,-0.4586468,-0.4074853,-0.2522966,-0.1022867,-0.06360446,Latin America & Caribbean
42,DOM,Dominican Republic,2003,58,77,0.03989794,-0.1185708,-0.08404084,0.04132639,0.1662542,0.1998975,Latin America & Caribbean
42,DOM,Dominican Republic,2004,59,71,0.01196783,-0.1597241,-0.1216599,0.0151171,0.137405,0.169617,Latin America & Caribbean
42,DOM,Dominican Republic,2005,60,74,0.05831924,-0.09287209,-0.05327071,0.06091642,0.1669734,0.2036749,Latin America & Caribbean
42,DOM,Dominican Republic,2006,61,84,0.04973183,-0.09244001,-0.06409838,0.05150187,0.1574547,0.1950848,Latin America & Caribbean
42,DOM,Dominican Republic,2007,62,79,-0.5170429,-0.8040756,-0.7402342,-0.4998651,-0.328696,-0.294726,Latin America & Caribbean
42,DOM,Dominican Republic,2008,63,77,-0.412323,-0.6346995,-0.578604,-0.4075121,-0.2478122,-0.2065878,Latin America & Caribbean
42,DOM,Dominican Republic,2009,64,65,-0.4513278,-0.7000937,-0.6464656,-0.4410016,-0.2649104,-0.2189895,Latin America & Caribbean
42,DOM,Dominican Republic,2010,65,68,-0.5177429,-0.7995097,-0.7240478,-0.5093408,-0.3120679,-0.2648489,Latin America & Caribbean
42,DOM,Dominican Republic,2011,66,69,-0.5272475,-0.8046042,-0.734476,-0.5178595,-0.3379023,-0.2870909,Latin America & Caribbean
42,DOM,Dominican Republic,2012,67,72,-0.4196103,-0.6729312,-0.6178631,-0.4100163,-0.2321473,-0.1912114,Latin America & Caribbean
42,DOM,Dominican Republic,2013,68,63,-0.3776732,-0.5993179,-0.5488918,-0.3759032,-0.1994829,-0.1490137,Latin America & Caribbean
42,DOM,Dominican Republic,2014,69,77,-0.5188995,-0.7865634,-0.7278429,-0.5037945,-0.3416792,-0.2908304,Latin America & Caribbean
42,DOM,Dominican Republic,2015,70,78,-0.6541109,-0.9252197,-0.8690743,-0.6519315,-0.4503518,-0.3864087,Latin America & Caribbean
42,DOM,Dominican Republic,2016,71,80,-0.4393439,-0.707779,-0.6399655,-0.4355017,-0.2394424,-0.1914176,Latin America & Caribbean
42,DOM,Dominican Republic,2017,72,92,-0.643333,-0.9442677,-0.8740423,-0.6343281,-0.4214244,-0.3697709,Latin America & Caribbean
42,DOM,Dominican Republic,2018,73,105,-0.2389148,-0.4120556,-0.3712647,-0.2331509,-0.113012,-0.08024879,Latin America & Caribbean
42,DOM,Dominican Republic,2019,74,98,-0.2727925,-0.4639979,-0.4137426,-0.2711517,-0.1356727,-0.1003158,Latin America & Caribbean
42,DOM,Dominican Republic,2020,75,96,-0.3038539,-0.5191632,-0.4605822,-0.3035223,-0.1499621,-0.1170715,Latin America & Caribbean
42,DOM,Dominican Republic,2021,76,86,-0.1377046,-0.3060573,-0.2702671,-0.1334885,-0.01850683,0.02333996,Latin America & Caribbean
42,DOM,Dominican Republic,2022,77,88,-0.03425956,-0.1838831,-0.1498407,-0.03591284,0.07842938,0.1125558,Latin America & Caribbean
42,DOM,Dominican Republic,2023,78,88,-0.1073647,-0.2540048,-0.2191428,-0.104163,0.007555493,0.02976653,Latin America & Caribbean
42,DOM,Dominican Republic,2024,79,108,-0.05712324,-0.1953906,-0.1602835,-0.05488647,0.03654496,0.06416087,Latin America & Caribbean
130,ECU,Ecuador,1991,46,73,-0.3714503,-0.6477513,-0.592501,-0.3612119,-0.1531617,-0.1089351,Latin America & Caribbean
130,ECU,Ecuador,1992,47,74,-0.272618,-0.5270987,-0.4712479,-0.2705879,-0.0738253,-0.03048914,Latin America & Caribbean
130,ECU,Ecuador,1993,48,64,-0.201913,-0.4561522,-0.4082446,-0.1926983,-0.005625059,0.0430053,Latin America & Caribbean
130,ECU,Ecuador,1994,49,66,-0.4661807,-0.7901851,-0.7167259,-0.46165,-0.2188782,-0.1567725,Latin America & Caribbean
130,ECU,Ecuador,1995,50,67,0.1071718,-0.1008056,-0.05104247,0.1101543,0.2687572,0.3120427,Latin America & Caribbean
130,ECU,Ecuador,1996,51,73,-0.1980977,-0.4677519,-0.4157099,-0.1870495,-0.004343758,0.03826442,Latin America & Caribbean
130,ECU,Ecuador,1997,52,71,-0.02972286,-0.2471291,-0.1941063,-0.03168303,0.1343829,0.168741,Latin America & Caribbean
130,ECU,Ecuador,1998,53,60,-0.03254244,-0.2433553,-0.1959437,-0.03017377,0.1335933,0.1717433,Latin America & Caribbean
130,ECU,Ecuador,1999,54,68,-0.2930188,-0.5221026,-0.4616373,-0.2890922,-0.1205866,-0.08330643,Latin America & Caribbean
130,ECU,Ecuador,2000,55,67,-0.3468243,-0.6088154,-0.5572826,-0.337842,-0.1459678,-0.09166269,Latin America & Caribbean
130,ECU,Ecuador,2001,56,68,-0.3362716,-0.5749057,-0.5225128,-0.3298084,-0.1617347,-0.1161196,Latin America & Caribbean
130,ECU,Ecuador,2002,57,76,-0.3257357,-0.543698,-0.4871629,-0.3164167,-0.166828,-0.1237832,Latin America & Caribbean
130,ECU,Ecuador,2003,58,76,-0.3203357,-0.5425706,-0.4903464,-0.3155445,-0.1569411,-0.1173057,Latin America & Caribbean
130,ECU,Ecuador,2004,59,71,-0.3871642,-0.6387181,-0.5816756,-0.373199,-0.2126841,-0.1658353,Latin America & Caribbean
130,ECU,Ecuador,2005,60,74,-0.2198055,-0.4126569,-0.3643278,-0.2167686,-0.07409971,-0.03300675,Latin America & Caribbean
130,ECU,Ecuador,2006,61,88,-0.3598217,-0.5723548,-0.5252609,-0.352828,-0.1955999,-0.1615744,Latin America & Caribbean
130,ECU,Ecuador,2007,62,79,-0.429884,-0.6465017,-0.5962776,-0.4245314,-0.2564083,-0.2150537,Latin America & Caribbean
130,ECU,Ecuador,2008,63,77,-0.5321633,-0.7933191,-0.7270337,-0.5257725,-0.3446906,-0.2968465,Latin America & Caribbean
130,ECU,Ecuador,2009,64,65,-0.7148901,-0.9821827,-0.9256972,-0.7108465,-0.5055301,-0.4535379,Latin America & Caribbean
130,ECU,Ecuador,2010,65,72,-0.618103,-0.9187198,-0.8501881,-0.6080312,-0.407991,-0.3560024,Latin America & Caribbean
130,ECU,Ecuador,2011,66,69,-1.311757,-1.611737,-1.547078,-1.318471,-1.072444,-1.00804,Latin America & Caribbean
130,ECU,Ecuador,2012,67,74,-1.111831,-1.406304,-1.350075,-1.115554,-0.8691919,-0.7937079,Latin America & Caribbean
130,ECU,Ecuador,2013,68,63,-1.374443,-1.732124,-1.647787,-1.368733,-1.112082,-1.048333,Latin America & Caribbean
130,ECU,Ecuador,2014,69,77,-1.178225,-1.50019,-1.432329,-1.179447,-0.9318531,-0.8402058,Latin America & Caribbean
130,ECU,Ecuador,2015,70,78,-1.003763,-1.345648,-1.265657,-1.000659,-0.744817,-0.6787566,Latin America & Caribbean
130,ECU,Ecuador,2016,71,80,-0.8859569,-1.219456,-1.132615,-0.8811356,-0.6507219,-0.5918326,Latin America & Caribbean
130,ECU,Ecuador,2017,72,91,-0.8856446,-1.228026,-1.157264,-0.8790828,-0.6272257,-0.5775864,Latin America & Caribbean
130,ECU,Ecuador,2018,73,109,-0.4921851,-0.710507,-0.6631756,-0.4941062,-0.3216628,-0.2727525,Latin America & Caribbean
130,ECU,Ecuador,2019,74,100,-0.4131964,-0.6144272,-0.5697511,-0.4131857,-0.2540733,-0.2074999,Latin America & Caribbean
130,ECU,Ecuador,2020,75,97,-0.4273078,-0.654483,-0.5960695,-0.4274721,-0.263812,-0.217064,Latin America & Caribbean
130,ECU,Ecuador,2021,76,86,-0.2052264,-0.3719798,-0.3344865,-0.2017812,-0.07953994,-0.04304536,Latin America & Caribbean
130,ECU,Ecuador,2022,77,88,-0.05915642,-0.204467,-0.1720976,-0.06121452,0.05231978,0.08224726,Latin America & Caribbean
130,ECU,Ecuador,2023,78,86,-0.1035897,-0.2354249,-0.2077992,-0.1041555,0.003037625,0.03365008,Latin America & Caribbean
130,ECU,Ecuador,2024,79,95,-0.02387109,-0.1641301,-0.1326879,-0.02104734,0.07968582,0.1112565,Latin America & Caribbean
651,EGY,Egypt,1991,46,73,-0.6134236,-1.02627,-0.9085202,-0.6070044,-0.3279175,-0.2645341,MENA
651,EGY,Egypt,1992,47,72,-0.5475737,-0.8958213,-0.8124471,-0.5360221,-0.3066444,-0.2396503,MENA
651,EGY,Egypt,1993,48,62,-0.5944966,-0.9308475,-0.8600035,-0.5884721,-0.3297443,-0.2737668,MENA
651,EGY,Egypt,1994,49,66,-0.863115,-1.236862,-1.162789,-0.8646645,-0.5700981,-0.4987029,MENA
651,EGY,Egypt,1995,50,63,-0.7393412,-1.091118,-1.014583,-0.726965,-0.4839808,-0.4164178,MENA
651,EGY,Egypt,1996,51,72,-0.832498,-1.184865,-1.106122,-0.8284494,-0.5734469,-0.5176888,MENA
651,EGY,Egypt,1997,52,71,-0.7896035,-1.126315,-1.041936,-0.7868315,-0.5271845,-0.4627914,MENA
651,EGY,Egypt,1998,53,63,-0.8412708,-1.248229,-1.140199,-0.8328093,-0.5395967,-0.45592,MENA
651,EGY,Egypt,1999,54,70,-0.9312348,-1.273942,-1.188572,-0.9268751,-0.6679655,-0.6066024,MENA
651,EGY,Egypt,2000,55,67,-1.175778,-1.55826,-1.482615,-1.172974,-0.8765655,-0.8010244,MENA
651,EGY,Egypt,2001,56,69,-1.146726,-1.563035,-1.451952,-1.142566,-0.8526994,-0.7848675,MENA
651,EGY,Egypt,2002,57,76,-1.177733,-1.605728,-1.49464,-1.161593,-0.8690533,-0.7881043,MENA
651,EGY,Egypt,2003,58,78,-1.193653,-1.601018,-1.51254,-1.178644,-0.876167,-0.822056,MENA
651,EGY,Egypt,2004,59,70,-1.160277,-1.577365,-1.48654,-1.164069,-0.8361609,-0.7376376,MENA
651,EGY,Egypt,2005,60,75,-1.564596,-2.005547,-1.903504,-1.551405,-1.258891,-1.173755,MENA
651,EGY,Egypt,2006,61,88,-1.414585,-1.854941,-1.742308,-1.413167,-1.083747,-1.003077,MENA
651,EGY,Egypt,2007,62,79,-1.383252,-1.837097,-1.715742,-1.37422,-1.057995,-0.9800823,MENA
651,EGY,Egypt,2008,63,77,-1.476616,-1.875606,-1.793296,-1.476052,-1.164471,-1.097635,MENA
651,EGY,Egypt,2009,64,66,-1.326886,-1.69268,-1.61598,-1.325267,-1.047728,-0.9785529,MENA
651,EGY,Egypt,2010,65,72,-1.330647,-1.70392,-1.61906,-1.327224,-1.058619,-0.975206,MENA
651,EGY,Egypt,2011,66,69,-1.091927,-1.390125,-1.330568,-1.08996,-0.8569725,-0.8007204,MENA
651,EGY,Egypt,2012,67,74,-1.084951,-1.407769,-1.326656,-1.081185,-0.8425175,-0.7643031,MENA
651,EGY,Egypt,2013,68,64,-1.110395,-1.457083,-1.373863,-1.10572,-0.8566556,-0.7907193,MENA
651,EGY,Egypt,2014,69,77,-1.376729,-1.729039,-1.646749,-1.368992,-1.112005,-1.058041,MENA
651,EGY,Egypt,2015,70,78,-1.234093,-1.620393,-1.538331,-1.218253,-0.9622365,-0.8913503,MENA
651,EGY,Egypt,2016,71,80,-1.181787,-1.51087,-1.443037,-1.177456,-0.9185585,-0.8576215,MENA
651,EGY,Egypt,2017,72,91,-0.9577465,-1.333045,-1.243215,-0.9465893,-0.7006941,-0.6330036,MENA
651,EGY,Egypt,2018,73,109,-1.08018,-1.341458,-1.283448,-1.076279,-0.8765171,-0.8223833,MENA
651,EGY,Egypt,2019,74,100,-0.9525691,-1.22071,-1.175038,-0.9491231,-0.7389519,-0.6942048,MENA
651,EGY,Egypt,2020,75,97,-0.9123013,-1.183397,-1.121979,-0.9092453,-0.7148331,-0.6574962,MENA
651,EGY,Egypt,2021,76,86,-0.9215233,-1.190526,-1.135583,-0.9210452,-0.7138539,-0.6543641,MENA
651,EGY,Egypt,2022,77,88,-0.7277667,-0.9121463,-0.8700802,-0.7253068,-0.5851109,-0.5461364,MENA
651,EGY,Egypt,2023,78,88,-0.7937675,-0.987323,-0.9510755,-0.7906593,-0.6472869,-0.5953575,MENA
651,EGY,Egypt,2024,79,108,-0.8198546,-1.004912,-0.9667716,-0.814754,-0.6801388,-0.6465218,MENA
92,SLV,El Salvador,1991,46,54,-0.3155247,-0.612738,-0.554976,-0.3035694,-0.09760433,-0.04122306,Latin America & Caribbean
92,SLV,El Salvador,1992,47,69,-0.1127818,-0.3448743,-0.2924714,-0.1051718,0.06049878,0.1118877,Latin America & Caribbean
92,SLV,El Salvador,1993,48,36,-0.1002552,-0.3657888,-0.3044773,-0.09523794,0.1015315,0.1445582,Latin America & Caribbean
92,SLV,El Salvador,1994,49,56,0.0158773,-0.2404744,-0.1764384,0.02008016,0.2101808,0.2593602,Latin America & Caribbean
92,SLV,El Salvador,1995,50,62,0.05835537,-0.1676673,-0.1100968,0.0611641,0.2156298,0.2608485,Latin America & Caribbean
92,SLV,El Salvador,1996,51,66,-0.06609769,-0.329408,-0.2615438,-0.05402084,0.1243187,0.1759308,Latin America & Caribbean
92,SLV,El Salvador,1997,52,66,-0.1755026,-0.4266364,-0.3630843,-0.1721663,0.01295313,0.07636032,Latin America & Caribbean
92,SLV,El Salvador,1998,53,55,-0.2394671,-0.5126727,-0.4544099,-0.2315444,-0.03291804,0.01218991,Latin America & Caribbean
92,SLV,El Salvador,1999,54,58,-0.3089909,-0.5542195,-0.4928216,-0.3121776,-0.124205,-0.07245963,Latin America & Caribbean
92,SLV,El Salvador,2000,55,61,-0.226195,-0.4720964,-0.4061625,-0.2229863,-0.05639473,-0.005310849,Latin America & Caribbean
92,SLV,El Salvador,2001,56,57,-0.3112028,-0.5876433,-0.522253,-0.2993846,-0.1279901,-0.07680812,Latin America & Caribbean
92,SLV,El Salvador,2002,57,65,-0.2261182,-0.4443526,-0.3853936,-0.223108,-0.06814979,-0.02037139,Latin America & Caribbean
92,SLV,El Salvador,2003,58,66,0.03833584,-0.129574,-0.0892402,0.04387916,0.1620501,0.2046613,Latin America & Caribbean
92,SLV,El Salvador,2004,59,70,-0.1020795,-0.2856788,-0.2424653,-0.09921724,0.03358006,0.07818863,Latin America & Caribbean
92,SLV,El Salvador,2005,60,70,-0.07493056,-0.2532302,-0.2143638,-0.07232437,0.0595202,0.09628163,Latin America & Caribbean
92,SLV,El Salvador,2006,61,84,-0.2237911,-0.4050271,-0.3620513,-0.2166864,-0.09365517,-0.06024275,Latin America & Caribbean
92,SLV,El Salvador,2007,62,76,-0.2156532,-0.3990027,-0.3602482,-0.2135605,-0.07360731,-0.04184862,Latin America & Caribbean
92,SLV,El Salvador,2008,63,70,-0.100021,-0.2534406,-0.2223339,-0.1010611,0.02658665,0.06007353,Latin America & Caribbean
92,SLV,El Salvador,2009,64,65,-0.1831184,-0.3545212,-0.3205592,-0.177141,-0.0500084,-0.01675474,Latin America & Caribbean
92,SLV,El Salvador,2010,65,68,-0.1770863,-0.3669783,-0.3172439,-0.1701711,-0.03388676,0.01230138,Latin America & Caribbean
92,SLV,El Salvador,2011,66,66,-0.01834728,-0.1778866,-0.1391783,-0.01707093,0.1026937,0.1277873,Latin America & Caribbean
92,SLV,El Salvador,2012,67,74,-0.05232158,-0.2141274,-0.1758382,-0.04557242,0.06803117,0.0941992,Latin America & Caribbean
92,SLV,El Salvador,2013,68,60,-0.3526688,-0.5932824,-0.5287858,-0.3471507,-0.1807533,-0.149205,Latin America & Caribbean
92,SLV,El Salvador,2014,69,77,-0.4690476,-0.7203165,-0.6556222,-0.4647957,-0.291638,-0.2449208,Latin America & Caribbean
92,SLV,El Salvador,2015,70,73,-0.4882226,-0.7499811,-0.6865494,-0.4701176,-0.29963,-0.2543895,Latin America & Caribbean
92,SLV,El Salvador,2016,71,80,-0.4802064,-0.7417806,-0.6916482,-0.4719452,-0.2792283,-0.2399959,Latin America & Caribbean
92,SLV,El Salvador,2017,72,90,-0.4884146,-0.7571351,-0.6942307,-0.4814802,-0.2990079,-0.2536646,Latin America & Caribbean
92,SLV,El Salvador,2018,73,107,-0.4309004,-0.6324764,-0.592974,-0.4303679,-0.2710962,-0.230235,Latin America & Caribbean
92,SLV,El Salvador,2019,74,100,-0.32689,-0.5196597,-0.479197,-0.3212514,-0.1815922,-0.136553,Latin America & Caribbean
92,SLV,El Salvador,2020,75,96,-0.3410482,-0.5468984,-0.5025524,-0.3401972,-0.1859791,-0.1556945,Latin America & Caribbean
92,SLV,El Salvador,2021,76,85,-0.3802921,-0.6007784,-0.5343433,-0.3742675,-0.2274582,-0.188859,Latin America & Caribbean
92,SLV,El Salvador,2022,77,87,-0.4655612,-0.6459581,-0.599251,-0.4676382,-0.3222739,-0.2853495,Latin America & Caribbean
92,SLV,El Salvador,2023,78,88,-0.25356,-0.4219628,-0.381087,-0.2504288,-0.1282038,-0.1032065,Latin America & Caribbean
92,SLV,El Salvador,2024,79,106,-0.2988809,-0.4448476,-0.4143496,-0.3014389,-0.1850198,-0.1569102,Latin America & Caribbean
411,GNQ,Equatorial Guinea,1992,47,5,-0.01024061,-0.3629645,-0.2702248,-0.001457824,0.2560114,0.3286307,Other
411,GNQ,Equatorial Guinea,1995,50,32,0.1379417,-0.09522541,-0.04713922,0.140419,0.3167757,0.3707967,Other
411,GNQ,Equatorial Guinea,1996,51,37,0.1404093,-0.07439735,-0.03064591,0.1436576,0.2998416,0.3422376,Other
411,GNQ,Equatorial Guinea,1997,52,55,-0.1872449,-0.4003009,-0.3575784,-0.1809321,-0.0274816,0.01845723,Other
411,GNQ,Equatorial Guinea,1998,53,58,-0.1905911,-0.3992962,-0.3588282,-0.1866956,-0.03173516,0.0100828,Other
411,GNQ,Equatorial Guinea,1999,54,40,-0.2169934,-0.5131185,-0.451784,-0.201311,0.00307168,0.06403341,Other
411,GNQ,Equatorial Guinea,2000,55,23,-0.571217,-1.092971,-0.959457,-0.5482769,-0.2142337,-0.1345587,Other
411,GNQ,Equatorial Guinea,2001,56,52,-0.6706674,-1.009389,-0.9327799,-0.6667291,-0.4056149,-0.3437498,Other
411,GNQ,Equatorial Guinea,2002,57,22,-0.8486225,-1.30805,-1.205115,-0.8437382,-0.5020645,-0.4010035,Other
411,GNQ,Equatorial Guinea,2003,58,16,0.03631248,-0.4589682,-0.3611316,0.04289,0.4105627,0.5208743,Other
411,GNQ,Equatorial Guinea,2004,59,56,-0.1197878,-0.3225219,-0.2754138,-0.1165732,0.01520357,0.04741486,Other
411,GNQ,Equatorial Guinea,2005,60,2,-0.1143653,-0.422018,-0.348504,-0.1097858,0.125968,0.1839028,Other
411,GNQ,Equatorial Guinea,2006,61,18,0.1882674,-0.2183802,-0.1276731,0.1946912,0.489765,0.5794022,Other
411,GNQ,Equatorial Guinea,2007,62,41,-0.05335676,-0.2443767,-0.1938676,-0.05185469,0.09878887,0.1308335,Other
411,GNQ,Equatorial Guinea,2008,63,27,-0.4323197,-0.8545406,-0.748713,-0.4149967,-0.1395998,-0.07050018,Other
411,GNQ,Equatorial Guinea,2009,64,34,-0.6503755,-0.9976441,-0.9199481,-0.6461932,-0.4030833,-0.3374231,Other
411,GNQ,Equatorial Guinea,2010,65,4,-0.6531318,-1.199122,-1.072851,-0.6380288,-0.2582681,-0.1262248,Other
411,GNQ,Equatorial Guinea,2011,66,19,-0.2041528,-0.4846573,-0.426195,-0.1928236,-0.01064613,0.04063974,Other
411,GNQ,Equatorial Guinea,2012,67,9,-0.4383251,-0.9374455,-0.8215394,-0.4258429,-0.08724451,0.005852678,Other
411,GNQ,Equatorial Guinea,2013,68,18,-0.3370949,-0.6908588,-0.6049011,-0.3219891,-0.08820453,-0.01863582,Other
411,GNQ,Equatorial Guinea,2014,69,29,-0.6196257,-1.129703,-1.005466,-0.6130238,-0.2459116,-0.1758415,Other
411,GNQ,Equatorial Guinea,2015,70,50,-0.7448717,-1.264568,-1.117461,-0.7151883,-0.4239624,-0.3560566,Other
411,GNQ,Equatorial Guinea,2016,71,20,-0.6914011,-1.148386,-1.041417,-0.6767278,-0.3787882,-0.2841092,Other
411,GNQ,Equatorial Guinea,2017,72,90,-0.4202284,-0.6466676,-0.5955982,-0.4157549,-0.2515228,-0.2153037,Other
411,GNQ,Equatorial Guinea,2018,73,78,-0.3604648,-0.5839004,-0.5342014,-0.3501583,-0.2054106,-0.1687571,Other
411,GNQ,Equatorial Guinea,2019,74,21,-0.629027,-1.081578,-0.9718634,-0.6183365,-0.3045317,-0.2194659,Other
411,GNQ,Equatorial Guinea,2020,75,58,-0.4829057,-0.8699892,-0.7727159,-0.4657613,-0.2299009,-0.1577813,Other
411,GNQ,Equatorial Guinea,2021,76,54,-0.737357,-1.104434,-1.029787,-0.7340866,-0.4536042,-0.3923591,Other
411,GNQ,Equatorial Guinea,2022,77,61,-0.6519054,-0.8967967,-0.8525598,-0.647275,-0.4599454,-0.4167542,Other
411,GNQ,Equatorial Guinea,2023,78,65,-0.6836877,-0.9937484,-0.9392629,-0.6771484,-0.4438769,-0.3902599,Other
411,GNQ,Equatorial Guinea,2024,79,76,-0.6063807,-0.8597087,-0.8034823,-0.6002684,-0.4184992,-0.3696625,Other
531,ERI,Eritrea,1993,48,7,-0.4847413,-0.9241908,-0.825143,-0.4760489,-0.1716855,-0.08369428,Sub-Saharan Africa
531,ERI,Eritrea,1994,49,30,-0.1961633,-0.617656,-0.5166238,-0.191869,0.1077728,0.1846283,Sub-Saharan Africa
531,ERI,Eritrea,1995,50,51,-0.1528871,-0.4596558,-0.3820421,-0.1448483,0.06850655,0.1325908,Sub-Saharan Africa
531,ERI,Eritrea,1996,51,56,-0.5182465,-0.8714306,-0.8032455,-0.5019244,-0.2586972,-0.2072992,Sub-Saharan Africa
531,ERI,Eritrea,1997,52,64,-0.471817,-0.7466019,-0.6814566,-0.4645567,-0.2619453,-0.2008912,Sub-Saharan Africa
531,ERI,Eritrea,1998,53,57,-0.8557288,-1.250131,-1.153389,-0.8474839,-0.563123,-0.4944368,Sub-Saharan Africa
531,ERI,Eritrea,1999,54,67,-0.5450342,-0.8302815,-0.7675968,-0.5348459,-0.3443115,-0.2888013,Sub-Saharan Africa
531,ERI,Eritrea,2000,55,63,-0.4148328,-0.7003811,-0.6400815,-0.4057526,-0.2111248,-0.1571657,Sub-Saharan Africa
531,ERI,Eritrea,2001,56,66,-0.5108959,-0.7908651,-0.7122915,-0.504151,-0.3039478,-0.2483742,Sub-Saharan Africa
531,ERI,Eritrea,2002,57,75,-0.6033589,-0.8950284,-0.8217676,-0.5917853,-0.3856621,-0.3409572,Sub-Saharan Africa
531,ERI,Eritrea,2003,58,74,-0.5979901,-0.9235523,-0.8526987,-0.5890422,-0.3688377,-0.314881,Sub-Saharan Africa
531,ERI,Eritrea,2004,59,67,-0.552994,-0.8714494,-0.7934993,-0.5429517,-0.3294712,-0.2738289,Sub-Saharan Africa
531,ERI,Eritrea,2005,60,73,-0.5545386,-0.8023875,-0.7487943,-0.5471861,-0.3765447,-0.3267701,Sub-Saharan Africa
531,ERI,Eritrea,2006,61,84,-0.5217188,-0.7831105,-0.7240183,-0.5071476,-0.3384609,-0.2926391,Sub-Saharan Africa
531,ERI,Eritrea,2007,62,78,-0.5116603,-0.7536549,-0.7057522,-0.505809,-0.3310755,-0.2638017,Sub-Saharan Africa
531,ERI,Eritrea,2008,63,72,-0.5255584,-0.8120616,-0.7276075,-0.5126415,-0.3341953,-0.2842044,Sub-Saharan Africa
531,ERI,Eritrea,2009,64,63,-0.5919053,-0.8691985,-0.8039484,-0.5881982,-0.3799638,-0.3319327,Sub-Saharan Africa
531,ERI,Eritrea,2010,65,69,-0.6591917,-0.9380396,-0.8833037,-0.6590609,-0.4354409,-0.3791683,Sub-Saharan Africa
531,ERI,Eritrea,2011,66,53,-0.4912632,-0.8178068,-0.7385107,-0.4794208,-0.2612665,-0.206496,Sub-Saharan Africa
531,ERI,Eritrea,2012,67,72,-0.7354559,-1.057574,-0.9804933,-0.7301609,-0.4963694,-0.4556509,Sub-Saharan Africa
531,ERI,Eritrea,2013,68,60,-0.7142088,-0.9993229,-0.939298,-0.704227,-0.4986672,-0.4463056,Sub-Saharan Africa
531,ERI,Eritrea,2014,69,76,-0.6556785,-0.9265572,-0.8445416,-0.6548653,-0.4619143,-0.4161562,Sub-Saharan Africa
531,ERI,Eritrea,2015,70,75,-0.6643054,-0.9595981,-0.8795254,-0.6585914,-0.4543842,-0.4072446,Sub-Saharan Africa
531,ERI,Eritrea,2016,71,76,-0.64162,-0.9817732,-0.9021177,-0.6300932,-0.4057799,-0.3662049,Sub-Saharan Africa
531,ERI,Eritrea,2017,72,88,-0.7824016,-1.126266,-1.049692,-0.7722586,-0.5401689,-0.4827762,Sub-Saharan Africa
531,ERI,Eritrea,2018,73,84,-0.6047263,-0.8660811,-0.8015384,-0.5915755,-0.4257994,-0.3785152,Sub-Saharan Africa
531,ERI,Eritrea,2019,74,97,-0.6552246,-0.9077662,-0.8523873,-0.6537776,-0.4591294,-0.404981,Sub-Saharan Africa
531,ERI,Eritrea,2020,75,94,-0.6556137,-0.909162,-0.8567051,-0.6538136,-0.4493877,-0.3990038,Sub-Saharan Africa
531,ERI,Eritrea,2021,76,81,-1.033377,-1.32848,-1.253311,-1.032417,-0.818858,-0.7531459,Sub-Saharan Africa
531,ERI,Eritrea,2022,77,85,-0.9778625,-1.187157,-1.136613,-0.976308,-0.8150309,-0.7727551,Sub-Saharan Africa
531,ERI,Eritrea,2023,78,86,-1.05513,-1.269334,-1.213539,-1.052762,-0.9054531,-0.8669886,Sub-Saharan Africa
531,ERI,Eritrea,2024,79,108,-1.100605,-1.303996,-1.255899,-1.100482,-0.9487195,-0.9064101,Sub-Saharan Africa
366,EST,Estonia,1991,46,59,1.211239,1.02882,1.0668,1.20666,1.370955,1.41016,Other
366,EST,Estonia,1992,47,70,1.161134,0.9874373,1.025237,1.155535,1.303028,1.33914,Other
366,EST,Estonia,1993,48,59,1.120033,0.927854,0.9732033,1.117119,1.27797,1.320546,Other
366,EST,Estonia,1994,49,64,1.185393,0.9807573,1.031136,1.186601,1.346043,1.393432,Other
366,EST,Estonia,1995,50,63,1.298719,1.064387,1.102804,1.292997,1.497499,1.56097,Other
366,EST,Estonia,1996,51,73,1.305851,1.073924,1.119733,1.306492,1.485051,1.539527,Other
366,EST,Estonia,1997,52,72,1.254351,1.024665,1.07183,1.248306,1.432303,1.485492,Other
366,EST,Estonia,1998,53,63,1.167996,0.9536016,0.9977234,1.166375,1.332638,1.394208,Other
366,EST,Estonia,1999,54,70,1.183686,0.9687758,1.014262,1.179063,1.359666,1.406381,Other
366,EST,Estonia,2000,55,65,1.092278,0.8768889,0.9197687,1.089774,1.269547,1.317645,Other
366,EST,Estonia,2001,56,66,1.119418,0.8957494,0.9501272,1.115457,1.292556,1.344565,Other
366,EST,Estonia,2002,57,75,1.029751,0.8317261,0.8749247,1.024404,1.186063,1.232532,Other
366,EST,Estonia,2003,58,77,1.066733,0.8817363,0.9286602,1.065279,1.210763,1.255556,Other
366,EST,Estonia,2004,59,69,0.9358637,0.7419219,0.7857172,0.9300777,1.096566,1.135121,Other
366,EST,Estonia,2005,60,75,0.9499056,0.7622277,0.7989557,0.9439444,1.105758,1.14556,Other
366,EST,Estonia,2006,61,88,0.9172353,0.7397565,0.781539,0.9128131,1.059253,1.105982,Other
366,EST,Estonia,2007,62,79,0.9176922,0.7255877,0.7772875,0.915596,1.067277,1.110262,Other
366,EST,Estonia,2008,63,77,0.9305132,0.7462016,0.7836505,0.9294739,1.080048,1.123387,Other
366,EST,Estonia,2009,64,66,0.9618807,0.7690332,0.8112828,0.9596666,1.109893,1.155307,Other
366,EST,Estonia,2010,65,72,1.068986,0.8776427,0.9226641,1.067545,1.219565,1.251877,Other
366,EST,Estonia,2011,66,69,0.9687456,0.7662965,0.800147,0.9676086,1.132188,1.175636,Other
366,EST,Estonia,2012,67,74,0.9750279,0.7803123,0.8151378,0.9748331,1.125139,1.17798,Other
366,EST,Estonia,2013,68,63,0.962707,0.7708806,0.8115911,0.9589392,1.117729,1.170985,Other
366,EST,Estonia,2014,69,77,0.9686281,0.7947539,0.8326452,0.9637133,1.112328,1.15071,Other
366,EST,Estonia,2015,70,78,1.055835,0.8835147,0.9186708,1.050456,1.199994,1.244873,Other
366,EST,Estonia,2016,71,80,1.076438,0.8868154,0.925285,1.078089,1.22841,1.280629,Other
366,EST,Estonia,2017,72,93,0.9969496,0.8208546,0.8591755,1.000513,1.134637,1.177837,Other
366,EST,Estonia,2018,73,109,1.033883,0.8830083,0.9154614,1.02776,1.16227,1.197084,Other
366,EST,Estonia,2019,74,100,1.123959,0.969155,0.9994607,1.122414,1.249433,1.28416,Other
366,EST,Estonia,2020,75,97,1.158602,0.996419,1.035967,1.155162,1.289751,1.340701,Other
366,EST,Estonia,2021,76,85,1.084443,0.9205235,0.9529558,1.082272,1.220517,1.257076,Other
366,EST,Estonia,2022,77,88,1.174573,0.9826558,1.030084,1.173132,1.323897,1.372605,Other
366,EST,Estonia,2023,78,88,1.135263,0.9552127,0.9899778,1.128346,1.281814,1.325876,Other
366,EST,Estonia,2024,79,108,1.169639,1.006175,1.039985,1.16986,1.299068,1.335418,Other
572,SWZ,Eswatini,1991,46,71,-0.3354188,-0.6334266,-0.5423997,-0.3301727,-0.1264588,-0.07257116,Sub-Saharan Africa
572,SWZ,Eswatini,1992,47,72,-0.214934,-0.4515205,-0.3874136,-0.2132872,-0.04126552,0.002540312,Sub-Saharan Africa
572,SWZ,Eswatini,1993,48,61,-0.1394555,-0.3680009,-0.3219456,-0.1379355,0.04007668,0.08714301,Sub-Saharan Africa
572,SWZ,Eswatini,1994,49,59,-0.039322,-0.291437,-0.2356153,-0.03688694,0.1549265,0.2041473,Sub-Saharan Africa
572,SWZ,Eswatini,1995,50,66,0.0807248,-0.1218251,-0.07161413,0.08134667,0.2402388,0.2904496,Sub-Saharan Africa
572,SWZ,Eswatini,1996,51,65,-0.02893611,-0.2496836,-0.2064459,-0.02701976,0.1443614,0.1949704,Sub-Saharan Africa
572,SWZ,Eswatini,1997,52,71,0.09597122,-0.09094877,-0.04784331,0.09981701,0.2351281,0.2769102,Sub-Saharan Africa
572,SWZ,Eswatini,1998,53,57,0.06479891,-0.1478305,-0.1013267,0.06845313,0.2272025,0.2698673,Sub-Saharan Africa
572,SWZ,Eswatini,1999,54,66,-0.1391621,-0.3408276,-0.2902014,-0.1363746,0.001619122,0.04410565,Sub-Saharan Africa
572,SWZ,Eswatini,2000,55,65,-0.6095438,-0.9245988,-0.844469,-0.6099739,-0.3711587,-0.3063157,Sub-Saharan Africa
572,SWZ,Eswatini,2001,56,40,-0.7682995,-1.229935,-1.127826,-0.7496854,-0.4396198,-0.3650044,Sub-Saharan Africa
572,SWZ,Eswatini,2002,57,64,-0.5742168,-0.8757214,-0.7977346,-0.5667636,-0.3533221,-0.2960074,Sub-Saharan Africa
572,SWZ,Eswatini,2003,58,49,-0.5296199,-0.8702688,-0.7920517,-0.5126295,-0.284402,-0.2217058,Sub-Saharan Africa
572,SWZ,Eswatini,2004,59,50,-0.4909708,-0.8183008,-0.7368699,-0.4775731,-0.2541312,-0.1957941,Sub-Saharan Africa
572,SWZ,Eswatini,2005,60,11,-0.632564,-1.203563,-1.048966,-0.6101374,-0.2436382,-0.1570909,Sub-Saharan Africa
572,SWZ,Eswatini,2006,61,73,-0.3237599,-0.5238699,-0.4807526,-0.3206195,-0.1648131,-0.125475,Sub-Saharan Africa
572,SWZ,Eswatini,2007,62,66,-0.6995956,-1.014734,-0.9386394,-0.688427,-0.4837849,-0.4322125,Sub-Saharan Africa
572,SWZ,Eswatini,2008,63,73,-0.6342451,-0.9317695,-0.8513982,-0.6241425,-0.4258206,-0.3804887,Sub-Saharan Africa
572,SWZ,Eswatini,2009,64,63,-0.5942827,-0.8505305,-0.7807697,-0.5905621,-0.4120601,-0.3516697,Sub-Saharan Africa
572,SWZ,Eswatini,2010,65,66,-0.6898122,-1.00366,-0.9212256,-0.6767212,-0.4610961,-0.3998816,Sub-Saharan Africa
572,SWZ,Eswatini,2011,66,63,-0.8373495,-1.152983,-1.100286,-0.8328972,-0.5791359,-0.5115702,Sub-Saharan Africa
572,SWZ,Eswatini,2012,67,58,-0.7319813,-1.098947,-1.007636,-0.7266004,-0.474039,-0.3913508,Sub-Saharan Africa
572,SWZ,Eswatini,2013,68,60,-0.77075,-1.069083,-1.012839,-0.768909,-0.5312688,-0.4750134,Sub-Saharan Africa
572,SWZ,Eswatini,2014,69,29,-0.6652541,-1.127727,-1.028972,-0.6408459,-0.3338944,-0.2556827,Sub-Saharan Africa
572,SWZ,Eswatini,2015,70,53,-0.6668977,-1.004283,-0.9223417,-0.661422,-0.4137309,-0.3609728,Sub-Saharan Africa
572,SWZ,Eswatini,2016,71,44,-0.6220786,-1.045167,-0.9451663,-0.6055169,-0.3270979,-0.2535952,Sub-Saharan Africa
572,SWZ,Eswatini,2017,72,58,-0.7491152,-1.229972,-1.113415,-0.7297932,-0.4317291,-0.3515681,Sub-Saharan Africa
572,SWZ,Eswatini,2018,73,65,-0.1100116,-0.2923431,-0.2454989,-0.1036339,0.02234729,0.06493258,Sub-Saharan Africa
572,SWZ,Eswatini,2019,74,63,-0.2117414,-0.4337484,-0.3821353,-0.2023285,-0.05147424,-0.01487648,Sub-Saharan Africa
572,SWZ,Eswatini,2020,75,59,-0.395988,-0.7348537,-0.6321695,-0.3905188,-0.1523164,-0.09222926,Sub-Saharan Africa
572,SWZ,Eswatini,2021,76,54,-0.5195691,-0.8851129,-0.7884827,-0.5130479,-0.2567584,-0.2009116,Sub-Saharan Africa
572,SWZ,Eswatini,2022,77,69,-0.3910269,-0.5759525,-0.5271195,-0.3887347,-0.2567142,-0.2210711,Sub-Saharan Africa
572,SWZ,Eswatini,2023,78,13,-0.3565689,-0.6709199,-0.6162574,-0.351014,-0.1136729,-0.05962568,Sub-Saharan Africa
572,SWZ,Eswatini,2024,79,66,-0.4693472,-0.7010087,-0.6444561,-0.4606166,-0.3063757,-0.263475,Sub-Saharan Africa
530,ETH,Ethiopia,1991,46,73,-0.4088034,-0.6960926,-0.6254451,-0.399646,-0.2092814,-0.1583463,Sub-Saharan Africa
530,ETH,Ethiopia,1992,47,71,-0.3171222,-0.5784941,-0.5131425,-0.3137232,-0.1204163,-0.06889935,Sub-Saharan Africa
530,ETH,Ethiopia,1993,48,59,-0.2127964,-0.5095004,-0.4188031,-0.202931,-0.01514818,0.03278775,Sub-Saharan Africa
530,ETH,Ethiopia,1994,49,68,-0.4377307,-0.7599301,-0.6906134,-0.4343105,-0.1890697,-0.1300388,Sub-Saharan Africa
530,ETH,Ethiopia,1995,50,64,-0.1294252,-0.3751001,-0.3088571,-0.1264174,0.05883963,0.1078909,Sub-Saharan Africa
530,ETH,Ethiopia,1996,51,64,-0.2743547,-0.526758,-0.4722939,-0.2667595,-0.08451357,-0.02929277,Sub-Saharan Africa
530,ETH,Ethiopia,1997,52,70,-0.111604,-0.3152732,-0.2784414,-0.1089019,0.04240028,0.09410613,Sub-Saharan Africa
530,ETH,Ethiopia,1998,53,61,-0.3316321,-0.5862367,-0.5331139,-0.3266293,-0.1397151,-0.08339884,Sub-Saharan Africa
530,ETH,Ethiopia,1999,54,66,-0.4069987,-0.6577297,-0.5919441,-0.402219,-0.2283561,-0.1773438,Sub-Saharan Africa
530,ETH,Ethiopia,2000,55,68,-0.371272,-0.6265604,-0.5715646,-0.367318,-0.185772,-0.1330042,Sub-Saharan Africa
530,ETH,Ethiopia,2001,56,67,-0.5535736,-0.8448195,-0.780621,-0.5514215,-0.3461611,-0.2862494,Sub-Saharan Africa
530,ETH,Ethiopia,2002,57,74,-0.3000002,-0.4978723,-0.4581467,-0.296566,-0.1438402,-0.1086266,Sub-Saharan Africa
530,ETH,Ethiopia,2003,58,77,-0.230243,-0.435717,-0.3955941,-0.2280466,-0.07251057,-0.03956717,Sub-Saharan Africa
530,ETH,Ethiopia,2004,59,67,-0.453615,-0.7197096,-0.6566115,-0.4456549,-0.2602991,-0.2115273,Sub-Saharan Africa
530,ETH,Ethiopia,2005,60,70,-0.3645825,-0.5640922,-0.5216072,-0.3615576,-0.2188558,-0.1803129,Sub-Saharan Africa
530,ETH,Ethiopia,2006,61,82,-0.3358812,-0.5402777,-0.4945666,-0.3297359,-0.193558,-0.1565602,Sub-Saharan Africa
530,ETH,Ethiopia,2007,62,67,-0.471446,-0.7370852,-0.6604447,-0.4641386,-0.2881179,-0.2425498,Sub-Saharan Africa
530,ETH,Ethiopia,2008,63,73,-0.4472782,-0.6717785,-0.6230347,-0.4442422,-0.2769627,-0.2325261,Sub-Saharan Africa
530,ETH,Ethiopia,2009,64,64,-0.4166811,-0.6479493,-0.5998116,-0.4092671,-0.2413076,-0.1953204,Sub-Saharan Africa
530,ETH,Ethiopia,2010,65,68,-0.4499312,-0.7100064,-0.6367608,-0.4455137,-0.2634735,-0.2246172,Sub-Saharan Africa
530,ETH,Ethiopia,2011,66,67,-0.3832683,-0.6121861,-0.5567595,-0.3789788,-0.210746,-0.1719533,Sub-Saharan Africa
530,ETH,Ethiopia,2012,67,69,-0.4236587,-0.6822416,-0.6158869,-0.4191871,-0.2421749,-0.1982964,Sub-Saharan Africa
530,ETH,Ethiopia,2013,68,63,-0.5390149,-0.8153972,-0.7471682,-0.5315934,-0.3381495,-0.2901336,Sub-Saharan Africa
530,ETH,Ethiopia,2014,69,75,-0.5636219,-0.8339641,-0.7689035,-0.5539359,-0.3775502,-0.3329994,Sub-Saharan Africa
530,ETH,Ethiopia,2015,70,74,-0.5351549,-0.7907633,-0.7300934,-0.5325515,-0.3405727,-0.2960392,Sub-Saharan Africa
530,ETH,Ethiopia,2016,71,78,-0.5269285,-0.7999287,-0.7372662,-0.5195003,-0.3247063,-0.2633821,Sub-Saharan Africa
530,ETH,Ethiopia,2017,72,91,-0.5365536,-0.8056706,-0.7433272,-0.5220889,-0.3423929,-0.2916113,Sub-Saharan Africa
530,ETH,Ethiopia,2018,73,102,-0.3456008,-0.5382092,-0.4939775,-0.3403582,-0.2024807,-0.1666048,Sub-Saharan Africa
530,ETH,Ethiopia,2019,74,96,-0.4397067,-0.6596606,-0.6123475,-0.4354867,-0.2736699,-0.2265219,Sub-Saharan Africa
530,ETH,Ethiopia,2020,75,92,-0.4701131,-0.7156887,-0.660669,-0.4651477,-0.2982399,-0.2506085,Sub-Saharan Africa
530,ETH,Ethiopia,2021,76,85,-0.7038398,-0.9546614,-0.9009199,-0.6984933,-0.517105,-0.4662958,Sub-Saharan Africa
530,ETH,Ethiopia,2022,77,85,-0.9667516,-1.164963,-1.126851,-0.9666858,-0.8067227,-0.7658628,Sub-Saharan Africa
530,ETH,Ethiopia,2023,78,84,-0.5383695,-0.7174171,-0.6861842,-0.5415866,-0.3916909,-0.3546305,Sub-Saharan Africa
530,ETH,Ethiopia,2024,79,98,-0.6815554,-0.8815666,-0.8373346,-0.678765,-0.5245968,-0.4789277,Sub-Saharan Africa
950,FJI,Fiji,1991,46,73,0.1474844,-0.02152821,0.01468593,0.1483328,0.2739351,0.3091368,Other
950,FJI,Fiji,1992,47,54,0.1318817,-0.05464279,-0.01956641,0.1356114,0.2762259,0.3181568,Other
950,FJI,Fiji,1993,48,58,0.3008942,0.09996264,0.148712,0.3051268,0.44185,0.4790693,Other
950,FJI,Fiji,1994,49,67,0.1986586,-0.01029389,0.04059173,0.1983178,0.3532204,0.4099287,Other
950,FJI,Fiji,1995,50,60,0.07656018,-0.1319425,-0.08508408,0.08014245,0.232305,0.2814656,Other
950,FJI,Fiji,1996,51,72,0.170058,-0.03226124,0.02000949,0.1759738,0.3072539,0.3383033,Other
950,FJI,Fiji,1997,52,58,-0.4191388,-0.7175547,-0.6248779,-0.4233261,-0.1914896,-0.1401538,Other
950,FJI,Fiji,1998,53,48,-0.484441,-0.8163314,-0.7246078,-0.4758841,-0.2527444,-0.1904916,Other
950,FJI,Fiji,1999,54,55,-0.6152877,-0.9050353,-0.8348142,-0.6122736,-0.3998417,-0.3496255,Other
950,FJI,Fiji,2000,55,65,-0.1156703,-0.3133892,-0.2651734,-0.1160537,0.03249767,0.06787915,Other
950,FJI,Fiji,2001,56,62,-0.1698334,-0.3866229,-0.339017,-0.1629764,-0.01842392,0.02364476,Other
950,FJI,Fiji,2002,57,66,0.1589676,0.003988331,0.04464998,0.1608263,0.2745928,0.3055136,Other
950,FJI,Fiji,2003,58,76,-0.03985733,-0.2102063,-0.1714139,-0.03657499,0.0921207,0.1174107,Other
950,FJI,Fiji,2004,59,66,-0.01031881,-0.1660643,-0.1280254,-0.01031976,0.107353,0.146306,Other
950,FJI,Fiji,2005,60,68,-0.08734807,-0.2548588,-0.2205443,-0.08815808,0.03334735,0.07878872,Other
950,FJI,Fiji,2006,61,85,0.1944036,0.05767333,0.08759895,0.1977722,0.2944708,0.3251739,Other
950,FJI,Fiji,2007,62,68,-0.03262545,-0.1922705,-0.1571165,-0.02901257,0.0890324,0.120083,Other
950,FJI,Fiji,2008,63,54,0.1925362,0.02881413,0.06764213,0.1914233,0.309694,0.3495854,Other
950,FJI,Fiji,2009,64,62,0.2618107,0.1348505,0.1597727,0.2643398,0.3635785,0.3878383,Other
950,FJI,Fiji,2010,65,68,-0.03658151,-0.1948383,-0.1580691,-0.03422503,0.08457663,0.1157776,Other
950,FJI,Fiji,2011,66,67,-0.1028433,-0.2525349,-0.2195898,-0.1046509,0.01926163,0.0518343,Other
950,FJI,Fiji,2012,67,71,-0.1429262,-0.3279956,-0.2891434,-0.1380589,-0.006600388,0.02377681,Other
950,FJI,Fiji,2013,68,63,-0.5459279,-0.786277,-0.7335321,-0.5409425,-0.3756634,-0.3161529,Other
950,FJI,Fiji,2014,69,71,-0.4466326,-0.6710964,-0.6144376,-0.444043,-0.2751413,-0.2283251,Other
950,FJI,Fiji,2015,70,75,-0.606861,-0.9166131,-0.8368492,-0.5966343,-0.4008593,-0.3595739,Other
950,FJI,Fiji,2016,71,78,-0.4162451,-0.6352535,-0.5942227,-0.4134016,-0.2461107,-0.2155255,Other
950,FJI,Fiji,2017,72,85,-0.4433389,-0.686477,-0.6319767,-0.4400877,-0.2631675,-0.2184228,Other
950,FJI,Fiji,2018,73,101,0.08781011,-0.02984671,-0.005021838,0.08723893,0.1856314,0.2121054,Other
950,FJI,Fiji,2019,74,95,-0.1564894,-0.3104423,-0.2749985,-0.1546636,-0.04162504,-0.009808272,Other
950,FJI,Fiji,2020,75,89,-0.05681475,-0.2088193,-0.1812573,-0.05468953,0.06569327,0.09231136,Other
950,FJI,Fiji,2021,76,83,-0.2276596,-0.3998169,-0.3670857,-0.2235923,-0.09995392,-0.06150721,Other
950,FJI,Fiji,2022,77,81,-0.1181184,-0.2658149,-0.2347624,-0.117389,-0.002524722,0.03011928,Other
950,FJI,Fiji,2023,78,9,0.2084503,-0.1552222,-0.075297,0.2018919,0.492666,0.5783183,Other
950,FJI,Fiji,2024,79,90,0.02723013,-0.09785647,-0.07255921,0.02871679,0.1283187,0.1530056,Other
375,FIN,Finland,1991,46,72,1.240983,1.082889,1.118381,1.240632,1.368183,1.405769,Western Europe & North America
375,FIN,Finland,1992,47,74,1.273254,1.090499,1.134211,1.270932,1.423094,1.455208,Western Europe & North America
375,FIN,Finland,1993,48,64,1.335278,1.123483,1.171498,1.337393,1.496722,1.550792,Western Europe & North America
375,FIN,Finland,1994,49,68,1.465686,1.239765,1.285702,1.460696,1.65306,1.709601,Western Europe & North America
375,FIN,Finland,1995,50,67,1.440125,1.188013,1.23744,1.437363,1.647448,1.70333,Western Europe & North America
375,FIN,Finland,1996,51,74,1.551861,1.322931,1.371165,1.543079,1.74105,1.795357,Western Europe & North America
375,FIN,Finland,1997,52,73,1.40752,1.178443,1.223949,1.402594,1.595869,1.658721,Western Europe & North America
375,FIN,Finland,1998,53,63,1.169602,0.9476513,0.9929078,1.166325,1.355895,1.399022,Western Europe & North America
375,FIN,Finland,1999,54,70,1.081009,0.8606693,0.9104216,1.077326,1.249531,1.298883,Western Europe & North America
375,FIN,Finland,2000,55,68,1.119882,0.9123158,0.9474793,1.124968,1.286928,1.348874,Western Europe & North America
375,FIN,Finland,2001,56,69,1.087617,0.8837841,0.9246937,1.082578,1.246875,1.298845,Western Europe & North America
375,FIN,Finland,2002,57,76,1.021397,0.8337101,0.8747355,1.023798,1.170661,1.207352,Western Europe & North America
375,FIN,Finland,2003,58,78,1.025897,0.8419406,0.8743817,1.02451,1.177593,1.212428,Western Europe & North America
375,FIN,Finland,2004,59,72,0.9386458,0.7601062,0.7912728,0.9347053,1.085834,1.135117,Western Europe & North America
375,FIN,Finland,2005,60,75,0.967994,0.7802184,0.8159458,0.9673261,1.127843,1.16614,Western Europe & North America
375,FIN,Finland,2006,61,88,0.9113223,0.723497,0.7666822,0.9082328,1.055573,1.106714,Western Europe & North America
375,FIN,Finland,2007,62,79,0.8787908,0.6983424,0.7323902,0.876369,1.025385,1.060006,Western Europe & North America
375,FIN,Finland,2008,63,77,0.781867,0.6174843,0.6473124,0.7809257,0.9198976,0.9615502,Western Europe & North America
375,FIN,Finland,2009,64,66,0.866408,0.6918823,0.7329185,0.8620129,1.008414,1.040781,Western Europe & North America
375,FIN,Finland,2010,65,72,0.7837384,0.6071751,0.644795,0.7810982,0.9176011,0.9670883,Western Europe & North America
375,FIN,Finland,2011,66,69,0.8835125,0.6845343,0.7233426,0.8796955,1.041356,1.088403,Western Europe & North America
375,FIN,Finland,2012,67,74,0.8544536,0.6720662,0.7087063,0.8511828,1.005241,1.048648,Western Europe & North America
375,FIN,Finland,2013,68,64,0.9144531,0.7181664,0.763233,0.913293,1.078769,1.128789,Western Europe & North America
375,FIN,Finland,2014,69,77,0.9519805,0.7830476,0.8157083,0.9484037,1.090278,1.135053,Western Europe & North America
375,FIN,Finland,2015,70,78,0.8500846,0.6831297,0.718661,0.8492345,0.9782534,1.023861,Western Europe & North America
375,FIN,Finland,2016,71,80,0.843184,0.6847062,0.7165647,0.8404232,0.9706032,1.006387,Western Europe & North America
375,FIN,Finland,2017,72,92,0.8350974,0.6808169,0.7169177,0.8333375,0.9509708,0.9876749,Western Europe & North America
375,FIN,Finland,2018,73,109,0.8446999,0.7108837,0.7395641,0.8458484,0.9470571,0.9831864,Western Europe & North America
375,FIN,Finland,2019,74,100,0.8287476,0.6986923,0.7281966,0.8261703,0.9393197,0.9659909,Western Europe & North America
375,FIN,Finland,2020,75,97,0.8921143,0.7553066,0.7777595,0.8928121,1.002504,1.038764,Western Europe & North America
375,FIN,Finland,2021,76,86,0.8475001,0.6969712,0.7315413,0.8468898,0.9660335,1.001488,Western Europe & North America
375,FIN,Finland,2022,77,88,1.00132,0.8303385,0.8641952,0.9973405,1.140044,1.179093,Western Europe & North America
375,FIN,Finland,2023,78,88,1.034933,0.8686791,0.9008735,1.035215,1.166131,1.209466,Western Europe & North America
375,FIN,Finland,2024,79,108,1.056549,0.8976708,0.9283772,1.057303,1.186192,1.221238,Western Europe & North America
220,FRA,France,1991,46,71,1.819607,1.626227,1.672739,1.823525,1.964529,2.008203,Western Europe & North America
220,FRA,France,1992,47,73,1.767692,1.57615,1.621359,1.766131,1.918291,1.961329,Western Europe & North America
220,FRA,France,1993,48,63,1.905948,1.696902,1.73907,1.909255,2.068761,2.116835,Western Europe & North America
220,FRA,France,1994,49,66,2.042789,1.82213,1.861604,2.042276,2.227907,2.281725,Western Europe & North America
220,FRA,France,1995,50,66,1.809606,1.576089,1.618225,1.812168,1.996711,2.045286,Western Europe & North America
220,FRA,France,1996,51,73,1.857936,1.603696,1.661135,1.858123,2.049912,2.100189,Western Europe & North America
220,FRA,France,1997,52,73,1.754014,1.510972,1.553998,1.752005,1.948987,2.004601,Western Europe & North America
220,FRA,France,1998,53,63,1.523582,1.310021,1.351293,1.527509,1.682472,1.730592,Western Europe & North America
220,FRA,France,1999,54,70,1.501342,1.303642,1.351227,1.501738,1.649012,1.697403,Western Europe & North America
220,FRA,France,2000,55,68,1.39293,1.181111,1.233748,1.389313,1.553057,1.60364,Western Europe & North America
220,FRA,France,2001,56,69,1.458175,1.254568,1.29789,1.455936,1.614409,1.657869,Western Europe & North America
220,FRA,France,2002,57,75,1.48254,1.291176,1.335886,1.480234,1.624502,1.6641,Western Europe & North America
220,FRA,France,2003,58,78,1.417435,1.225058,1.271266,1.419918,1.560697,1.602315,Western Europe & North America
220,FRA,France,2004,59,71,1.343003,1.163889,1.208888,1.346372,1.484531,1.522312,Western Europe & North America
220,FRA,France,2005,60,75,1.426892,1.251294,1.293308,1.426861,1.565757,1.602908,Western Europe & North America
220,FRA,France,2006,61,88,1.40892,1.246576,1.279014,1.409208,1.53575,1.569012,Western Europe & North America
220,FRA,France,2007,62,79,1.480309,1.317687,1.355749,1.480467,1.60023,1.643033,Western Europe & North America
220,FRA,France,2008,63,77,1.373909,1.20486,1.241769,1.37163,1.503072,1.535605,Western Europe & North America
220,FRA,France,2009,64,66,1.290887,1.115299,1.156139,1.290314,1.42267,1.457956,Western Europe & North America
220,FRA,France,2010,65,72,1.299984,1.120821,1.161885,1.300491,1.434266,1.477644,Western Europe & North America
220,FRA,France,2011,66,69,1.268292,1.08372,1.126578,1.269073,1.415754,1.447861,Western Europe & North America
220,FRA,France,2012,67,74,1.354848,1.188464,1.217964,1.352035,1.493301,1.52307,Western Europe & North America
220,FRA,France,2013,68,64,1.34747,1.157358,1.203314,1.347,1.49386,1.536214,Western Europe & North America
220,FRA,France,2014,69,77,1.314665,1.157643,1.193981,1.317025,1.434718,1.464765,Western Europe & North America
220,FRA,France,2015,70,78,1.407683,1.228947,1.271472,1.406645,1.545383,1.584892,Western Europe & North America
220,FRA,France,2016,71,80,1.352105,1.16032,1.201007,1.352503,1.49456,1.531504,Western Europe & North America
220,FRA,France,2017,72,92,1.429012,1.259104,1.301513,1.427782,1.562264,1.598733,Western Europe & North America
220,FRA,France,2018,73,109,1.342029,1.175992,1.21166,1.335627,1.477941,1.519632,Western Europe & North America
220,FRA,France,2019,74,100,1.315711,1.1558,1.193459,1.317548,1.436656,1.467987,Western Europe & North America
220,FRA,France,2020,75,97,1.356389,1.167136,1.209959,1.354446,1.506642,1.552559,Western Europe & North America
220,FRA,France,2021,76,84,1.400998,1.212598,1.254306,1.399306,1.545812,1.590094,Western Europe & North America
220,FRA,France,2022,77,88,1.313528,1.120626,1.16687,1.317491,1.465657,1.504543,Western Europe & North America
220,FRA,France,2023,78,88,1.382972,1.215043,1.244729,1.381537,1.526104,1.567662,Western Europe & North America
220,FRA,France,2024,79,104,1.307868,1.146124,1.179455,1.30688,1.434337,1.488079,Western Europe & North America
481,GAB,Gabon,1991,46,74,-0.5351534,-0.8849999,-0.8058518,-0.5174357,-0.281018,-0.2200048,Sub-Saharan Africa
481,GAB,Gabon,1992,47,72,-0.54183,-0.8678163,-0.8048394,-0.5352984,-0.297415,-0.2431982,Sub-Saharan Africa
481,GAB,Gabon,1993,48,50,-0.1189337,-0.3684331,-0.3125144,-0.1139336,0.08206703,0.128092,Sub-Saharan Africa
481,GAB,Gabon,1994,49,66,-0.1679496,-0.466013,-0.39255,-0.1614865,0.04514088,0.1024255,Sub-Saharan Africa
481,GAB,Gabon,1995,50,64,-0.1983124,-0.4639879,-0.3857969,-0.1942886,-0.008903109,0.03825414,Sub-Saharan Africa
481,GAB,Gabon,1996,51,60,-0.5709392,-0.911823,-0.8483837,-0.5660127,-0.2841731,-0.2277814,Sub-Saharan Africa
481,GAB,Gabon,1997,52,61,-0.6879815,-1.024789,-0.940495,-0.6811103,-0.4410955,-0.3727975,Sub-Saharan Africa
481,GAB,Gabon,1998,53,54,-0.3246725,-0.6080678,-0.5324912,-0.3252686,-0.1276848,-0.06421198,Sub-Saharan Africa
481,GAB,Gabon,1999,54,43,-0.7477234,-1.13794,-1.054825,-0.738754,-0.4476371,-0.3805175,Sub-Saharan Africa
481,GAB,Gabon,2000,55,60,-0.6897946,-1.125756,-1.005901,-0.6798283,-0.3880203,-0.3148025,Sub-Saharan Africa
481,GAB,Gabon,2001,56,64,-0.5435268,-0.8533578,-0.7812017,-0.5409684,-0.3103308,-0.2679256,Sub-Saharan Africa
481,GAB,Gabon,2002,57,50,-0.597793,-0.9391208,-0.855262,-0.5842831,-0.3691829,-0.3242408,Sub-Saharan Africa
481,GAB,Gabon,2003,58,69,-0.6891726,-1.009957,-0.9300767,-0.6838803,-0.4479653,-0.4015642,Sub-Saharan Africa
481,GAB,Gabon,2004,59,66,-0.6312406,-0.9989466,-0.909946,-0.6161907,-0.3756458,-0.3169876,Sub-Saharan Africa
481,GAB,Gabon,2005,60,61,-0.764493,-1.241428,-1.108796,-0.7470264,-0.43288,-0.3888192,Sub-Saharan Africa
481,GAB,Gabon,2006,61,74,-0.7173623,-1.10438,-1.012768,-0.7128074,-0.4247768,-0.3689621,Sub-Saharan Africa
481,GAB,Gabon,2007,62,73,-0.6236804,-0.9874108,-0.8911752,-0.603255,-0.3862023,-0.3153725,Sub-Saharan Africa
481,GAB,Gabon,2008,63,45,-0.6636881,-1.097801,-0.9853421,-0.6392925,-0.385408,-0.2915677,Sub-Saharan Africa
481,GAB,Gabon,2009,64,30,-0.5902486,-0.8813627,-0.8223724,-0.5827795,-0.3655701,-0.3136918,Sub-Saharan Africa
481,GAB,Gabon,2010,65,69,-0.3638808,-0.5737594,-0.5234869,-0.3644076,-0.1935487,-0.1559589,Sub-Saharan Africa
481,GAB,Gabon,2011,66,38,-0.4481933,-0.7686262,-0.680226,-0.4336107,-0.2156793,-0.1729929,Sub-Saharan Africa
481,GAB,Gabon,2012,67,57,-0.2700607,-0.477312,-0.4391636,-0.2667525,-0.1033042,-0.0557511,Sub-Saharan Africa
481,GAB,Gabon,2013,68,45,-0.450141,-0.7350397,-0.6642566,-0.4432642,-0.2445786,-0.1993855,Sub-Saharan Africa
481,GAB,Gabon,2014,69,25,-0.6498235,-1.000502,-0.9176734,-0.6476777,-0.3994185,-0.3275279,Sub-Saharan Africa
481,GAB,Gabon,2015,70,75,-0.2845048,-0.4918779,-0.445315,-0.2796986,-0.1384073,-0.1086553,Sub-Saharan Africa
481,GAB,Gabon,2016,71,25,-0.3192302,-0.6654124,-0.58456,-0.3103178,-0.08659488,-0.0299599,Sub-Saharan Africa
481,GAB,Gabon,2017,72,74,-0.4063596,-0.6601677,-0.6014699,-0.3980239,-0.2186312,-0.1754849,Sub-Saharan Africa
481,GAB,Gabon,2018,73,79,-0.3098146,-0.5310098,-0.4775307,-0.3027911,-0.1476734,-0.1000982,Sub-Saharan Africa
481,GAB,Gabon,2019,74,87,-0.6530361,-0.9519714,-0.8663509,-0.6412873,-0.4345782,-0.388815,Sub-Saharan Africa
481,GAB,Gabon,2020,75,82,-0.5011762,-0.7733533,-0.7061031,-0.4949535,-0.2980073,-0.2497708,Sub-Saharan Africa
481,GAB,Gabon,2021,76,57,-0.2040556,-0.4050095,-0.3621104,-0.1995366,-0.05516881,-0.01302207,Sub-Saharan Africa
481,GAB,Gabon,2022,77,80,-0.5642531,-0.7609699,-0.7108322,-0.5628481,-0.4167556,-0.3755338,Sub-Saharan Africa
481,GAB,Gabon,2023,78,76,-0.4710242,-0.6649885,-0.6207602,-0.4685314,-0.3172745,-0.2688586,Sub-Saharan Africa
481,GAB,Gabon,2024,79,88,-0.400781,-0.6002632,-0.5568943,-0.4037377,-0.2386177,-0.2048681,Sub-Saharan Africa
420,GMB,Gambia,1991,46,69,-0.5730255,-0.932686,-0.8407463,-0.5665191,-0.3339005,-0.2699202,Sub-Saharan Africa
420,GMB,Gambia,1992,47,67,-0.2890857,-0.5753308,-0.5043414,-0.2751451,-0.0942557,-0.04577444,Sub-Saharan Africa
420,GMB,Gambia,1993,48,56,-0.1758474,-0.4355184,-0.3848402,-0.1661825,0.02291092,0.06692945,Sub-Saharan Africa
420,GMB,Gambia,1994,49,38,-0.1545647,-0.4823878,-0.4051232,-0.1489389,0.09813248,0.1627779,Sub-Saharan Africa
420,GMB,Gambia,1995,50,13,-1.000097,-1.413539,-1.323809,-0.9876463,-0.6900136,-0.585053,Sub-Saharan Africa
420,GMB,Gambia,1996,51,58,-0.7940587,-1.143649,-1.070048,-0.7847058,-0.5259738,-0.4582058,Sub-Saharan Africa
420,GMB,Gambia,1998,53,56,-0.3188003,-0.5914839,-0.5300836,-0.3121502,-0.1171462,-0.07600731,Sub-Saharan Africa
420,GMB,Gambia,1999,54,29,-0.7009586,-1.225563,-1.101538,-0.6794354,-0.3277414,-0.2452769,Sub-Saharan Africa
420,GMB,Gambia,2000,55,44,-0.8700028,-1.270204,-1.18426,-0.8634729,-0.5525622,-0.4767737,Sub-Saharan Africa
420,GMB,Gambia,2001,56,17,-0.658356,-1.041299,-0.9444386,-0.6559084,-0.3704971,-0.3049603,Sub-Saharan Africa
420,GMB,Gambia,2002,57,54,-0.8925836,-1.308665,-1.206599,-0.8836211,-0.5770241,-0.5051622,Sub-Saharan Africa
420,GMB,Gambia,2003,58,62,-0.8048177,-1.273502,-1.133227,-0.7890922,-0.4873042,-0.4122987,Sub-Saharan Africa
420,GMB,Gambia,2004,59,50,-0.8320703,-1.284326,-1.156734,-0.8217403,-0.5042171,-0.4482366,Sub-Saharan Africa
420,GMB,Gambia,2005,60,27,-1.232246,-1.713625,-1.602908,-1.213981,-0.8843825,-0.7942534,Sub-Saharan Africa
420,GMB,Gambia,2006,61,56,-0.9005702,-1.488921,-1.330693,-0.8650027,-0.5126545,-0.4192149,Sub-Saharan Africa
420,GMB,Gambia,2007,62,56,-0.9813997,-1.430421,-1.324313,-0.9719814,-0.6597828,-0.579773,Sub-Saharan Africa
420,GMB,Gambia,2008,63,26,-0.8974801,-1.292368,-1.189332,-0.8966856,-0.5943824,-0.5281073,Sub-Saharan Africa
420,GMB,Gambia,2009,64,43,-0.6898496,-1.142886,-1.032269,-0.6714556,-0.3757322,-0.2974051,Sub-Saharan Africa
420,GMB,Gambia,2010,65,64,-0.5779755,-0.874589,-0.809333,-0.5768153,-0.3542009,-0.2957117,Sub-Saharan Africa
420,GMB,Gambia,2011,66,26,-0.4719013,-0.8002326,-0.7151795,-0.4618589,-0.2367868,-0.1785538,Sub-Saharan Africa
420,GMB,Gambia,2012,67,51,-0.3374157,-0.5957414,-0.5375083,-0.3281971,-0.146851,-0.1129649,Sub-Saharan Africa
420,GMB,Gambia,2013,68,60,-0.5388043,-0.8239848,-0.7593193,-0.5253936,-0.3361194,-0.2829467,Sub-Saharan Africa
420,GMB,Gambia,2014,69,41,-0.7841913,-1.110859,-1.03976,-0.780307,-0.5242532,-0.4617105,Sub-Saharan Africa
420,GMB,Gambia,2015,70,55,-0.8254113,-1.180158,-1.103864,-0.8199372,-0.5569408,-0.4978953,Sub-Saharan Africa
420,GMB,Gambia,2016,71,22,-0.8279392,-1.3947,-1.289715,-0.7938037,-0.4099729,-0.3255909,Sub-Saharan Africa
420,GMB,Gambia,2017,72,80,-0.5866347,-0.87319,-0.8121599,-0.5811134,-0.3710958,-0.3292681,Sub-Saharan Africa
420,GMB,Gambia,2018,73,95,-0.4311309,-0.6644919,-0.6156748,-0.4295599,-0.2611006,-0.2223001,Sub-Saharan Africa
420,GMB,Gambia,2019,74,95,-0.4937996,-0.728538,-0.6807735,-0.4840154,-0.3174253,-0.2807598,Sub-Saharan Africa
420,GMB,Gambia,2020,75,92,-0.4153682,-0.6511193,-0.5932116,-0.4028944,-0.2431505,-0.2041523,Sub-Saharan Africa
420,GMB,Gambia,2021,76,79,-0.4027681,-0.6095046,-0.5673081,-0.3996993,-0.2466154,-0.2119745,Sub-Saharan Africa
420,GMB,Gambia,2022,77,80,-0.3790053,-0.5722053,-0.530919,-0.3754981,-0.2366424,-0.2071091,Sub-Saharan Africa
420,GMB,Gambia,2023,78,81,-0.3741828,-0.5565136,-0.5216979,-0.3698151,-0.2291146,-0.1912345,Sub-Saharan Africa
420,GMB,Gambia,2024,79,92,-0.3932607,-0.5859697,-0.54355,-0.3874755,-0.2436941,-0.1982781,Sub-Saharan Africa
372,GEO,Georgia,1993,48,50,1.281947,1.08187,1.128883,1.280738,1.448168,1.500109,Other
372,GEO,Georgia,1994,49,65,1.230603,1.03774,1.0791,1.232221,1.378848,1.436774,Other
372,GEO,Georgia,1995,50,64,1.176442,0.9691589,1.021243,1.173646,1.34193,1.392317,Other
372,GEO,Georgia,1996,51,68,0.8363372,0.6619275,0.6985928,0.8336887,0.9673831,1.00916,Other
372,GEO,Georgia,1997,52,67,0.808145,0.6298208,0.6694308,0.8105819,0.9519972,0.9877423,Other
372,GEO,Georgia,1998,53,57,0.6027001,0.4320481,0.4654749,0.5978605,0.7461007,0.7878572,Other
372,GEO,Georgia,1999,54,67,0.8307928,0.6649618,0.702437,0.8306765,0.9622725,1.004586,Other
372,GEO,Georgia,2000,55,65,0.867015,0.6889211,0.7316864,0.8677087,1.002742,1.046157,Other
372,GEO,Georgia,2001,56,66,0.8727628,0.7090731,0.7388442,0.8710195,1.001264,1.035102,Other
372,GEO,Georgia,2002,57,74,0.8003266,0.6422016,0.6747473,0.7963089,0.93118,0.975685,Other
372,GEO,Georgia,2003,58,70,0.8006326,0.6428222,0.6752836,0.8028291,0.918276,0.9530289,Other
372,GEO,Georgia,2004,59,66,0.9205546,0.748499,0.7822567,0.9159046,1.061337,1.112329,Other
372,GEO,Georgia,2005,60,72,0.9858351,0.7860943,0.820466,0.9845908,1.142918,1.199662,Other
372,GEO,Georgia,2006,61,88,0.8101262,0.6446871,0.6791615,0.8095516,0.951475,0.9833246,Other
372,GEO,Georgia,2007,62,79,0.743062,0.5857114,0.6205674,0.7441584,0.8713383,0.9024867,Other
372,GEO,Georgia,2008,63,73,0.7996259,0.6144738,0.6572805,0.7958258,0.9473227,0.9984567,Other
372,GEO,Georgia,2009,64,65,0.8920819,0.7182691,0.7568295,0.8869541,1.03045,1.070151,Other
372,GEO,Georgia,2010,65,70,0.8323422,0.6656873,0.7018905,0.8280342,0.9694142,1.004267,Other
372,GEO,Georgia,2011,66,65,0.7776509,0.6070701,0.638382,0.7791681,0.9147673,0.9539328,Other
372,GEO,Georgia,2012,67,70,0.7912299,0.6259736,0.6611541,0.7892352,0.9272311,0.968691,Other
372,GEO,Georgia,2013,68,62,0.738376,0.5811602,0.6118298,0.7360446,0.871448,0.9045718,Other
372,GEO,Georgia,2014,69,75,0.7997348,0.6508239,0.6804226,0.7999812,0.9226736,0.9522092,Other
372,GEO,Georgia,2015,70,75,0.7871565,0.6416714,0.6731054,0.7891657,0.8984812,0.9329658,Other
372,GEO,Georgia,2016,71,75,0.8417579,0.6784394,0.7181944,0.8430887,0.9695596,1.008979,Other
372,GEO,Georgia,2017,72,88,0.8387592,0.6912623,0.7244518,0.8389012,0.9498112,0.9742051,Other
372,GEO,Georgia,2018,73,105,0.8065915,0.6724908,0.6999026,0.8058513,0.9096596,0.9492055,Other
372,GEO,Georgia,2019,74,98,0.8406784,0.7090339,0.7337318,0.8422526,0.9405047,0.9668966,Other
372,GEO,Georgia,2020,75,96,0.907334,0.7681633,0.7991282,0.9021942,1.021228,1.057104,Other
372,GEO,Georgia,2021,76,84,0.7397732,0.6158593,0.6427283,0.7388326,0.8379751,0.8613292,Other
372,GEO,Georgia,2022,77,86,0.8427748,0.6904214,0.7249488,0.8401321,0.9593218,0.9949683,Other
372,GEO,Georgia,2023,78,85,0.8451583,0.6967316,0.7312825,0.8445131,0.9603347,0.998897,Other
372,GEO,Georgia,2024,79,106,0.819317,0.6867751,0.714368,0.8191822,0.9234612,0.9525996,Other
255,DEU,Germany,1991,46,72,1.701387,1.502152,1.551204,1.702396,1.853883,1.894797,Western Europe & North America
255,DEU,Germany,1992,47,74,1.564627,1.359614,1.408783,1.561528,1.728448,1.776715,Western Europe & North America
255,DEU,Germany,1993,48,64,1.578962,1.374005,1.417824,1.572953,1.743943,1.802135,Western Europe & North America
255,DEU,Germany,1994,49,68,1.520375,1.28533,1.340241,1.510371,1.712712,1.778632,Western Europe & North America
255,DEU,Germany,1995,50,67,1.530902,1.289935,1.332445,1.529349,1.73399,1.787225,Western Europe & North America
255,DEU,Germany,1996,51,74,1.554012,1.294965,1.350436,1.550854,1.762359,1.814325,Western Europe & North America
255,DEU,Germany,1997,52,73,1.501512,1.262854,1.316473,1.499622,1.692319,1.755598,Western Europe & North America
255,DEU,Germany,1998,53,63,1.232587,1.003588,1.052474,1.228211,1.418337,1.48556,Western Europe & North America
255,DEU,Germany,1999,54,70,1.261416,1.036081,1.088894,1.263592,1.433534,1.490599,Western Europe & North America
255,DEU,Germany,2000,55,68,1.210196,0.9693747,1.030995,1.214196,1.388693,1.433795,Western Europe & North America
255,DEU,Germany,2001,56,69,1.165272,0.9440796,1.000861,1.158922,1.336111,1.387227,Western Europe & North America
255,DEU,Germany,2002,57,74,1.131749,0.9292106,0.9792925,1.133448,1.286124,1.334889,Western Europe & North America
255,DEU,Germany,2003,58,78,1.148997,0.9614723,1.002112,1.145638,1.296072,1.345894,Western Europe & North America
255,DEU,Germany,2004,59,71,0.9997263,0.8038988,0.8475336,0.9981691,1.152583,1.189185,Western Europe & North America
255,DEU,Germany,2005,60,75,0.9581605,0.7681014,0.8066576,0.9566523,1.113617,1.159052,Western Europe & North America
255,DEU,Germany,2006,61,88,0.9445467,0.7465313,0.7854998,0.9451857,1.102601,1.152197,Western Europe & North America
255,DEU,Germany,2007,62,79,0.8730469,0.6881778,0.7318892,0.8709715,1.016778,1.054051,Western Europe & North America
255,DEU,Germany,2008,63,77,0.8317639,0.6546658,0.6876841,0.8308473,0.9760621,1.012899,Western Europe & North America
255,DEU,Germany,2009,64,66,1.070526,0.8641134,0.9172954,1.07256,1.219574,1.268798,Western Europe & North America
255,DEU,Germany,2010,65,72,1.005279,0.8211772,0.8622223,1.00524,1.153364,1.200939,Western Europe & North America
255,DEU,Germany,2011,66,69,0.9197528,0.7231706,0.7669652,0.9171864,1.084388,1.129834,Western Europe & North America
255,DEU,Germany,2012,67,74,0.9155855,0.7310276,0.7690846,0.9167491,1.064858,1.113786,Western Europe & North America
255,DEU,Germany,2013,68,63,1.028606,0.8304047,0.8699697,1.029201,1.187311,1.228257,Western Europe & North America
255,DEU,Germany,2014,69,77,1.145088,0.970828,1.004111,1.144518,1.288605,1.332455,Western Europe & North America
255,DEU,Germany,2015,70,77,1.179131,0.9944212,1.035404,1.174685,1.330517,1.368161,Western Europe & North America
255,DEU,Germany,2016,71,80,1.145829,0.9712044,1.009133,1.142335,1.286368,1.339505,Western Europe & North America
255,DEU,Germany,2017,72,93,1.111122,0.946908,0.9792266,1.111968,1.248918,1.288365,Western Europe & North America
255,DEU,Germany,2018,73,109,1.087647,0.9303474,0.9555342,1.08743,1.215071,1.250922,Western Europe & North America
255,DEU,Germany,2019,74,100,1.08903,0.9428358,0.9734951,1.086663,1.213063,1.244778,Western Europe & North America
255,DEU,Germany,2020,75,97,1.21058,1.033181,1.075795,1.215233,1.340433,1.386388,Western Europe & North America
255,DEU,Germany,2021,76,86,1.06782,0.9114093,0.9423273,1.06715,1.197029,1.230365,Western Europe & North America
255,DEU,Germany,2022,77,88,1.225347,1.029747,1.073181,1.221834,1.385543,1.428788,Western Europe & North America
255,DEU,Germany,2023,78,88,1.156346,0.9687917,1.016838,1.153033,1.301594,1.350013,Western Europe & North America
255,DEU,Germany,2024,79,107,1.131596,0.9730881,1.005638,1.128533,1.26135,1.298186,Western Europe & North America
452,GHA,Ghana,1991,46,68,-0.8893266,-1.276778,-1.176475,-0.8818565,-0.6035849,-0.5291612,Sub-Saharan Africa
452,GHA,Ghana,1992,47,74,-0.7907245,-1.135542,-1.051239,-0.7829106,-0.5348942,-0.4485587,Sub-Saharan Africa
452,GHA,Ghana,1993,48,62,-0.4512964,-0.7352754,-0.6731462,-0.4460609,-0.2365495,-0.1898421,Sub-Saharan Africa
452,GHA,Ghana,1994,49,62,-0.8077835,-1.168054,-1.082264,-0.8064583,-0.5261639,-0.4592476,Sub-Saharan Africa
452,GHA,Ghana,1995,50,66,-0.8780043,-1.203757,-1.129536,-0.8848906,-0.6162518,-0.5330871,Sub-Saharan Africa
452,GHA,Ghana,1996,51,74,-1.127758,-1.484253,-1.411384,-1.117863,-0.8563598,-0.7930959,Sub-Saharan Africa
452,GHA,Ghana,1997,52,72,-1.103667,-1.442945,-1.371711,-1.092958,-0.8377635,-0.7581179,Sub-Saharan Africa
452,GHA,Ghana,1998,53,63,-0.840375,-1.235649,-1.158246,-0.8215192,-0.5572092,-0.4781325,Sub-Saharan Africa
452,GHA,Ghana,1999,54,67,-0.6890758,-1.015131,-0.9335423,-0.6819798,-0.458183,-0.3932732,Sub-Saharan Africa
452,GHA,Ghana,2000,55,68,-0.659581,-0.978789,-0.9005935,-0.660525,-0.4137879,-0.3585976,Sub-Saharan Africa
452,GHA,Ghana,2001,56,69,-0.6151735,-0.8988055,-0.8328595,-0.6060642,-0.4025459,-0.3466137,Sub-Saharan Africa
452,GHA,Ghana,2002,57,75,-0.7286881,-1.044663,-0.9801407,-0.7230252,-0.4846181,-0.4323919,Sub-Saharan Africa
452,GHA,Ghana,2003,58,77,-0.5406662,-0.8005806,-0.7436174,-0.5331395,-0.3451443,-0.302606,Sub-Saharan Africa
452,GHA,Ghana,2004,59,70,-0.5389612,-0.8277388,-0.7713893,-0.5290111,-0.3108995,-0.254365,Sub-Saharan Africa
452,GHA,Ghana,2005,60,74,-0.4606293,-0.7055369,-0.6489207,-0.4470966,-0.2902809,-0.2470562,Sub-Saharan Africa
452,GHA,Ghana,2006,61,86,-0.4348059,-0.6649199,-0.6115549,-0.4287883,-0.2714496,-0.2364079,Sub-Saharan Africa
452,GHA,Ghana,2007,62,79,-0.3480425,-0.559083,-0.5123482,-0.34035,-0.192448,-0.1548133,Sub-Saharan Africa
452,GHA,Ghana,2008,63,76,-0.4038659,-0.6400727,-0.572662,-0.3996026,-0.2433699,-0.1965632,Sub-Saharan Africa
452,GHA,Ghana,2009,64,65,-0.3856609,-0.6164389,-0.5592907,-0.3797114,-0.2213477,-0.1740544,Sub-Saharan Africa
452,GHA,Ghana,2010,65,71,-0.4834572,-0.748243,-0.6726434,-0.4781409,-0.2914611,-0.2393383,Sub-Saharan Africa
452,GHA,Ghana,2011,66,61,-0.4899732,-0.734581,-0.6849829,-0.4833699,-0.3071594,-0.2623397,Sub-Saharan Africa
452,GHA,Ghana,2012,67,46,-0.569822,-0.9418885,-0.8609348,-0.5586191,-0.3150822,-0.2387872,Sub-Saharan Africa
452,GHA,Ghana,2013,68,49,-0.6322182,-0.9239219,-0.861691,-0.6265562,-0.4103368,-0.3516301,Sub-Saharan Africa
452,GHA,Ghana,2014,69,67,-0.3389067,-0.5922857,-0.5301318,-0.3340722,-0.1602223,-0.1182726,Sub-Saharan Africa
452,GHA,Ghana,2015,70,71,-0.3197035,-0.5326596,-0.4920919,-0.3148941,-0.1507047,-0.1101159,Sub-Saharan Africa
452,GHA,Ghana,2016,71,73,-0.4207587,-0.6911698,-0.6201989,-0.4121623,-0.230983,-0.1760374,Sub-Saharan Africa
452,GHA,Ghana,2017,72,68,-0.4015714,-0.6456286,-0.5929471,-0.3921608,-0.2140375,-0.1697708,Sub-Saharan Africa
452,GHA,Ghana,2018,73,98,-0.180797,-0.3503052,-0.3028972,-0.1766341,-0.06402685,-0.02418767,Sub-Saharan Africa
452,GHA,Ghana,2019,74,95,-0.1674097,-0.3166442,-0.2834687,-0.165152,-0.06046895,-0.02551945,Sub-Saharan Africa
452,GHA,Ghana,2020,75,79,-0.3993141,-0.6476961,-0.5855419,-0.3914416,-0.2140988,-0.1688413,Sub-Saharan Africa
452,GHA,Ghana,2021,76,81,-0.3745242,-0.5951349,-0.5420282,-0.3718428,-0.2125797,-0.1743028,Sub-Saharan Africa
452,GHA,Ghana,2022,77,83,-0.3065366,-0.4886903,-0.4509265,-0.3051083,-0.1778171,-0.138567,Sub-Saharan Africa
452,GHA,Ghana,2023,78,84,-0.4213834,-0.6064846,-0.5663636,-0.4217763,-0.2783883,-0.2386383,Sub-Saharan Africa
452,GHA,Ghana,2024,79,100,-0.3086657,-0.472379,-0.4356733,-0.3054752,-0.1904912,-0.1538194,Sub-Saharan Africa
350,GRC,Greece,1991,46,72,0.8708091,0.7301989,0.7595981,0.8676061,0.9837807,1.023072,Western Europe & North America
350,GRC,Greece,1992,47,74,0.9134594,0.7639897,0.7947487,0.9110655,1.035576,1.067499,Western Europe & North America
350,GRC,Greece,1993,48,64,0.9700975,0.7872784,0.8308258,0.9733554,1.107237,1.147054,Western Europe & North America
350,GRC,Greece,1994,49,68,1.215504,1.005557,1.054156,1.211945,1.388425,1.440844,Western Europe & North America
350,GRC,Greece,1995,50,67,1.07681,0.867124,0.9142894,1.068444,1.248211,1.296029,Western Europe & North America
350,GRC,Greece,1996,51,14,1.145881,0.7361557,0.8158673,1.129511,1.51076,1.605957,Western Europe & North America
350,GRC,Greece,1997,52,73,1.284516,1.044779,1.089488,1.278478,1.470892,1.517387,Western Europe & North America
350,GRC,Greece,1998,53,63,1.119406,0.8990079,0.9553962,1.115051,1.303821,1.346863,Western Europe & North America
350,GRC,Greece,1999,54,70,1.083752,0.8718983,0.9171957,1.081821,1.268233,1.306295,Western Europe & North America
350,GRC,Greece,2000,55,68,1.059395,0.856043,0.8917466,1.057014,1.232727,1.282075,Western Europe & North America
350,GRC,Greece,2001,56,69,1.069096,0.8598696,0.9071236,1.068338,1.229813,1.278536,Western Europe & North America
350,GRC,Greece,2002,57,76,0.9697266,0.7919707,0.8287205,0.9648355,1.116742,1.166645,Western Europe & North America
350,GRC,Greece,2003,58,78,0.9567524,0.7678164,0.8076991,0.9593144,1.105223,1.145868,Western Europe & North America
350,GRC,Greece,2004,59,72,0.9320822,0.743901,0.7790724,0.9341805,1.085983,1.125089,Western Europe & North America
350,GRC,Greece,2005,60,75,0.9408238,0.7418304,0.7874467,0.939539,1.097486,1.15091,Western Europe & North America
350,GRC,Greece,2006,61,88,0.9481823,0.7583761,0.8092164,0.9473098,1.09645,1.145452,Western Europe & North America
350,GRC,Greece,2007,62,79,0.9573814,0.7725896,0.8091687,0.9580359,1.105105,1.152042,Western Europe & North America
350,GRC,Greece,2008,63,77,0.8950258,0.7100317,0.7470705,0.8923222,1.04988,1.086538,Western Europe & North America
350,GRC,Greece,2009,64,66,0.8992292,0.7201385,0.7664488,0.8975195,1.034897,1.077626,Western Europe & North America
350,GRC,Greece,2010,65,72,0.8676947,0.7001587,0.7328477,0.8603793,1.016628,1.053179,Western Europe & North America
350,GRC,Greece,2011,66,69,0.8617833,0.6708143,0.7121129,0.8616914,1.01506,1.059521,Western Europe & North America
350,GRC,Greece,2012,67,74,0.845228,0.6697087,0.7002003,0.8478422,0.9958034,1.030847,Western Europe & North America
350,GRC,Greece,2013,68,64,0.8633045,0.6663992,0.7074198,0.8566452,1.017813,1.065155,Western Europe & North America
350,GRC,Greece,2014,69,77,0.802281,0.630087,0.6673038,0.796433,0.937479,0.9699184,Western Europe & North America
350,GRC,Greece,2015,70,78,0.7668754,0.6259185,0.6549305,0.7713433,0.8756766,0.9006776,Western Europe & North America
350,GRC,Greece,2016,71,80,0.6913295,0.5589437,0.5840454,0.690444,0.8047665,0.8293789,Western Europe & North America
350,GRC,Greece,2017,72,93,0.8238813,0.6768823,0.7020357,0.8229056,0.9524304,0.977525,Western Europe & North America
350,GRC,Greece,2018,73,109,0.80158,0.6591396,0.6917083,0.8010315,0.9109861,0.9462568,Western Europe & North America
350,GRC,Greece,2019,74,100,0.9320621,0.788367,0.8187919,0.9354445,1.038861,1.063701,Western Europe & North America
350,GRC,Greece,2020,75,97,0.8325006,0.6966151,0.7223953,0.8283864,0.9480443,0.9848722,Western Europe & North America
350,GRC,Greece,2021,76,86,0.8384225,0.6973349,0.7258981,0.8392293,0.9498833,0.9778541,Western Europe & North America
350,GRC,Greece,2022,77,88,0.898254,0.7365849,0.7736036,0.8974957,1.023314,1.069104,Western Europe & North America
350,GRC,Greece,2023,78,88,0.9278741,0.7698166,0.8049199,0.9248529,1.051354,1.086487,Western Europe & North America
350,GRC,Greece,2024,79,108,0.8971318,0.7557003,0.7866284,0.8960894,1.006584,1.046858,Western Europe & North America
55,GRD,Grenada,1991,46,42,-0.2476233,-0.550511,-0.4871376,-0.2421923,-0.02127969,0.03449478,Other
55,GRD,Grenada,1992,47,49,-0.3748074,-0.7003811,-0.6036973,-0.3669001,-0.1407406,-0.08266185,Other
55,GRD,Grenada,1993,48,50,-0.1968036,-0.4955074,-0.4259582,-0.1897099,0.01748768,0.07383603,Other
55,GRD,Grenada,1994,49,63,-0.1843306,-0.4608708,-0.4012496,-0.1849011,0.03583293,0.08957434,Other
55,GRD,Grenada,1995,50,41,0.3022992,0.03779132,0.09028956,0.2960272,0.5191627,0.571067,Other
55,GRD,Grenada,1996,51,68,0.03574079,-0.1988133,-0.1419151,0.03906224,0.2147322,0.2560945,Other
55,GRD,Grenada,1997,52,63,-0.3082725,-0.5506447,-0.4953148,-0.3060257,-0.1311669,-0.06896094,Other
55,GRD,Grenada,1998,53,49,-0.1878083,-0.4428764,-0.3810596,-0.1836501,0.002886782,0.05581456,Other
55,GRD,Grenada,1999,54,66,-0.2948704,-0.5253988,-0.4650472,-0.2947263,-0.1177716,-0.07702828,Other
55,GRD,Grenada,2000,55,66,-0.2980798,-0.5690029,-0.4938264,-0.2889715,-0.1102134,-0.06008999,Other
55,GRD,Grenada,2001,56,63,-0.2778615,-0.5116614,-0.4555905,-0.2695362,-0.1104375,-0.07333953,Other
55,GRD,Grenada,2002,57,70,-0.3967407,-0.6560461,-0.5811346,-0.3839478,-0.2189387,-0.1763774,Other
55,GRD,Grenada,2003,58,77,-0.5567003,-0.8450232,-0.785929,-0.5476079,-0.3528239,-0.2924374,Other
55,GRD,Grenada,2004,59,67,0.2376776,0.08567511,0.1215018,0.2394181,0.3503186,0.3866368,Other
55,GRD,Grenada,2005,60,57,0.0497962,-0.1373721,-0.08989191,0.05134782,0.1876801,0.2277237,Other
55,GRD,Grenada,2006,61,81,-0.6328859,-0.999941,-0.9107106,-0.6164582,-0.377869,-0.3302121,Other
55,GRD,Grenada,2007,62,51,-0.3522343,-0.612624,-0.5506049,-0.3403515,-0.1688589,-0.1260481,Other
55,GRD,Grenada,2008,63,72,-0.4696435,-0.7202937,-0.662436,-0.4663612,-0.2925083,-0.2491968,Other
55,GRD,Grenada,2009,64,62,-0.4865748,-0.7502324,-0.6743088,-0.4795596,-0.2986475,-0.2471869,Other
55,GRD,Grenada,2010,65,68,-0.5729444,-0.8523711,-0.7763391,-0.5691864,-0.3731127,-0.3128315,Other
55,GRD,Grenada,2011,66,60,-0.585013,-0.8722523,-0.8113412,-0.5756355,-0.3772333,-0.3205855,Other
55,GRD,Grenada,2012,67,72,-0.4670049,-0.7205093,-0.6595872,-0.4624836,-0.2767281,-0.2347529,Other
55,GRD,Grenada,2013,68,59,-0.2003707,-0.390782,-0.3447893,-0.1995223,-0.05698739,-0.008473296,Other
55,GRD,Grenada,2014,69,69,-0.4834613,-0.7544441,-0.6922471,-0.4765626,-0.2901037,-0.2439247,Other
55,GRD,Grenada,2015,70,73,-0.5085356,-0.7655918,-0.6963443,-0.506604,-0.3299929,-0.2842651,Other
55,GRD,Grenada,2016,71,45,-0.5005205,-0.8203457,-0.7560783,-0.4958164,-0.2545697,-0.1793886,Other
55,GRD,Grenada,2017,72,37,-0.503546,-0.9097501,-0.8135262,-0.4905042,-0.1996941,-0.1280963,Other
55,GRD,Grenada,2018,73,79,-0.3671582,-0.6023945,-0.5468475,-0.3565003,-0.2038991,-0.1617561,Other
55,GRD,Grenada,2019,74,82,-0.5194826,-0.7738624,-0.721739,-0.5155289,-0.3232047,-0.274498,Other
55,GRD,Grenada,2020,75,92,-0.590126,-0.8765496,-0.8153933,-0.5816346,-0.3787397,-0.32137,Other
55,GRD,Grenada,2021,76,74,-0.518601,-0.7819054,-0.7187374,-0.5108844,-0.3254467,-0.2783613,Other
55,GRD,Grenada,2022,77,80,-0.3726039,-0.5736317,-0.5241928,-0.3657899,-0.2329225,-0.1942416,Other
55,GRD,Grenada,2023,78,78,-0.3927585,-0.6104997,-0.5682067,-0.3893114,-0.2330538,-0.1993767,Other
55,GRD,Grenada,2024,79,73,-0.3313812,-0.5198825,-0.4825825,-0.3262214,-0.1815196,-0.1518051,Other
90,GTM,Guatemala,1991,46,71,-0.4083598,-0.7524662,-0.6628955,-0.4011079,-0.1705463,-0.1025371,Latin America & Caribbean
90,GTM,Guatemala,1992,47,73,-0.2595054,-0.535925,-0.451146,-0.2536279,-0.06647527,-0.010965,Latin America & Caribbean
90,GTM,Guatemala,1993,48,56,-0.306617,-0.5969431,-0.5338772,-0.294947,-0.09789825,-0.03091851,Latin America & Caribbean
90,GTM,Guatemala,1994,49,52,-0.3012626,-0.6264353,-0.5440196,-0.2977692,-0.0550833,0.001399143,Latin America & Caribbean
90,GTM,Guatemala,1995,50,57,-0.223857,-0.5269937,-0.4633689,-0.2110892,-0.008323414,0.04798781,Latin America & Caribbean
90,GTM,Guatemala,1996,51,60,0.1097785,-0.1304219,-0.0782504,0.1171324,0.2849232,0.3234695,Latin America & Caribbean
90,GTM,Guatemala,1997,52,66,-0.02853778,-0.2424021,-0.1905549,-0.02573856,0.1289462,0.1711421,Latin America & Caribbean
90,GTM,Guatemala,1998,53,54,0.01847422,-0.1835507,-0.1375512,0.02461141,0.1690651,0.2067683,Latin America & Caribbean
90,GTM,Guatemala,1999,54,66,0.1172409,-0.05400113,-0.01939011,0.1204724,0.2426177,0.2718439,Latin America & Caribbean
90,GTM,Guatemala,2000,55,65,0.07153409,-0.1023998,-0.06171723,0.07172854,0.2038718,0.2392547,Latin America & Caribbean
90,GTM,Guatemala,2001,56,65,-0.01399054,-0.1895306,-0.1461193,-0.01695846,0.1295029,0.1655126,Latin America & Caribbean
90,GTM,Guatemala,2002,57,69,0.09286656,-0.06805422,-0.03240415,0.09175613,0.2085989,0.2484312,Latin America & Caribbean
90,GTM,Guatemala,2003,58,78,0.1583183,0.007312584,0.04412708,0.1589156,0.2718598,0.3027341,Latin America & Caribbean
90,GTM,Guatemala,2004,59,72,0.01015951,-0.1603427,-0.1162419,0.01186774,0.1364205,0.1646156,Latin America & Caribbean
90,GTM,Guatemala,2005,60,75,0.05027934,-0.09962305,-0.06657188,0.04815037,0.1740142,0.2035371,Latin America & Caribbean
90,GTM,Guatemala,2006,61,87,-0.08224484,-0.2359396,-0.1989375,-0.08831981,0.04091442,0.07937543,Latin America & Caribbean
90,GTM,Guatemala,2007,62,79,-0.1274377,-0.2770134,-0.24532,-0.1257691,-0.01023182,0.01980717,Latin America & Caribbean
90,GTM,Guatemala,2008,63,76,-0.1742957,-0.3526813,-0.3167539,-0.1690014,-0.04548135,-0.01334006,Latin America & Caribbean
90,GTM,Guatemala,2009,64,66,-0.2009622,-0.3797255,-0.3358198,-0.1984666,-0.06867444,-0.03586645,Latin America & Caribbean
90,GTM,Guatemala,2010,65,72,-0.1433245,-0.3231056,-0.2851246,-0.1401153,-0.008429542,0.02201217,Latin America & Caribbean
90,GTM,Guatemala,2011,66,69,-0.2139446,-0.405406,-0.3547484,-0.2114651,-0.0809246,-0.04257583,Latin America & Caribbean
90,GTM,Guatemala,2012,67,74,-0.1025547,-0.278027,-0.2355639,-0.09951626,0.03154609,0.06777243,Latin America & Caribbean
90,GTM,Guatemala,2013,68,64,-0.1533321,-0.3397437,-0.2886007,-0.1492509,-0.01561751,0.02007095,Latin America & Caribbean
90,GTM,Guatemala,2014,69,77,-0.195713,-0.3931517,-0.3493783,-0.187828,-0.05110821,-0.01781828,Latin America & Caribbean
90,GTM,Guatemala,2015,70,78,-0.2185029,-0.3979044,-0.3595829,-0.2149514,-0.08030173,-0.04525076,Latin America & Caribbean
90,GTM,Guatemala,2016,71,80,-0.01105025,-0.1773849,-0.1331389,-0.01015107,0.1164722,0.1486065,Latin America & Caribbean
90,GTM,Guatemala,2017,72,93,0.03699045,-0.1013756,-0.06275951,0.03822941,0.1333619,0.1646302,Latin America & Caribbean
90,GTM,Guatemala,2018,73,107,0.1975034,0.0759679,0.09873891,0.1984729,0.2941415,0.3171878,Latin America & Caribbean
90,GTM,Guatemala,2019,74,100,0.07708589,-0.04869109,-0.01851249,0.07774025,0.1724417,0.1929989,Latin America & Caribbean
90,GTM,Guatemala,2020,75,97,0.08235369,-0.05750981,-0.02782856,0.08644599,0.1837974,0.2089195,Latin America & Caribbean
90,GTM,Guatemala,2021,76,86,-0.01941604,-0.1668018,-0.1354627,-0.01544445,0.09151225,0.1221643,Latin America & Caribbean
90,GTM,Guatemala,2022,77,88,0.178435,0.05600518,0.08465215,0.1769705,0.2814824,0.3058671,Latin America & Caribbean
90,GTM,Guatemala,2023,78,87,0.1275057,0.007120665,0.03415589,0.1275975,0.2245445,0.2495305,Latin America & Caribbean
90,GTM,Guatemala,2024,79,108,-0.07438861,-0.205032,-0.1695924,-0.07558907,0.02109418,0.04813417,Latin America & Caribbean
438,GIN,Guinea,1991,46,73,-0.6252301,-1.020248,-0.9464633,-0.6222888,-0.3274383,-0.25938,Sub-Saharan Africa
438,GIN,Guinea,1992,47,75,-0.6071218,-0.9472796,-0.881784,-0.601638,-0.3504758,-0.2845947,Sub-Saharan Africa
438,GIN,Guinea,1993,48,56,-0.7933111,-1.128484,-1.03993,-0.7878124,-0.5449256,-0.4835024,Sub-Saharan Africa
438,GIN,Guinea,1994,49,65,-0.5890246,-0.9403055,-0.8486663,-0.5848006,-0.3302246,-0.2688187,Sub-Saharan Africa
438,GIN,Guinea,1995,50,66,-0.4270517,-0.7059012,-0.6452954,-0.4239079,-0.2153141,-0.1545687,Sub-Saharan Africa
438,GIN,Guinea,1996,51,67,-0.7416745,-1.068391,-0.9980021,-0.7437005,-0.4858594,-0.4143508,Sub-Saharan Africa
438,GIN,Guinea,1997,52,67,-0.6917537,-1.001613,-0.9330222,-0.6919803,-0.4518825,-0.4020982,Sub-Saharan Africa
438,GIN,Guinea,1998,53,61,-0.7886315,-1.176149,-1.06753,-0.7856591,-0.5110252,-0.4300268,Sub-Saharan Africa
438,GIN,Guinea,1999,54,62,-0.6825943,-0.9800825,-0.9102607,-0.6790307,-0.4589,-0.3846275,Sub-Saharan Africa
438,GIN,Guinea,2000,55,65,-0.4868496,-0.7812611,-0.716371,-0.4787627,-0.2667436,-0.2234619,Sub-Saharan Africa
438,GIN,Guinea,2001,56,57,-0.4242641,-0.6752597,-0.6199845,-0.4195301,-0.2435721,-0.1961348,Sub-Saharan Africa
438,GIN,Guinea,2002,57,74,-0.6897333,-1.019555,-0.939931,-0.6839914,-0.4567,-0.4026651,Sub-Saharan Africa
438,GIN,Guinea,2003,58,74,-0.7265047,-1.061431,-0.9880701,-0.704255,-0.4922368,-0.4358808,Sub-Saharan Africa
438,GIN,Guinea,2004,59,47,-0.6593235,-1.004875,-0.9256319,-0.6591592,-0.3862612,-0.3286221,Sub-Saharan Africa
438,GIN,Guinea,2005,60,73,-0.6357525,-0.9163961,-0.845004,-0.6262361,-0.4441722,-0.3923202,Sub-Saharan Africa
438,GIN,Guinea,2006,61,87,-0.8596459,-1.168544,-1.098678,-0.8504227,-0.6219845,-0.5609544,Sub-Saharan Africa
438,GIN,Guinea,2007,62,78,-0.7699903,-1.069935,-0.9964452,-0.7620784,-0.5513016,-0.4728716,Sub-Saharan Africa
438,GIN,Guinea,2008,63,69,-0.8170068,-1.148964,-1.06682,-0.8156092,-0.5628298,-0.5167078,Sub-Saharan Africa
438,GIN,Guinea,2009,64,63,-0.7027909,-1.007429,-0.9345584,-0.6904777,-0.4943421,-0.4167964,Sub-Saharan Africa
438,GIN,Guinea,2010,65,64,-0.9913045,-1.363856,-1.288746,-0.9929653,-0.6945703,-0.6038265,Sub-Saharan Africa
438,GIN,Guinea,2011,66,64,-0.6177426,-0.903049,-0.8304438,-0.6143638,-0.3970332,-0.329082,Sub-Saharan Africa
438,GIN,Guinea,2012,67,69,-0.5419836,-0.8386498,-0.7561546,-0.5330297,-0.3350299,-0.2808151,Sub-Saharan Africa
438,GIN,Guinea,2013,68,60,-0.6151992,-0.9180825,-0.84079,-0.6046302,-0.4059659,-0.3530814,Sub-Saharan Africa
438,GIN,Guinea,2014,69,76,-0.6015663,-0.8683213,-0.7984842,-0.5903096,-0.4044531,-0.3533921,Sub-Saharan Africa
438,GIN,Guinea,2015,70,75,-0.7864817,-1.112332,-1.043369,-0.7828352,-0.5443366,-0.4817364,Sub-Saharan Africa
438,GIN,Guinea,2016,71,65,-0.6818122,-0.9903565,-0.9194883,-0.6793479,-0.4472841,-0.3893402,Sub-Saharan Africa
438,GIN,Guinea,2017,72,87,-0.792007,-1.117184,-1.057935,-0.7871087,-0.5317837,-0.4769748,Sub-Saharan Africa
438,GIN,Guinea,2018,73,106,-0.6110216,-0.8644217,-0.7991484,-0.5996433,-0.4310458,-0.3956745,Sub-Saharan Africa
438,GIN,Guinea,2019,74,61,-0.7212484,-1.043602,-0.9740616,-0.7169606,-0.474743,-0.4200335,Sub-Saharan Africa
438,GIN,Guinea,2020,75,63,-0.4885601,-0.8119101,-0.7224699,-0.4763403,-0.2685003,-0.2094028,Sub-Saharan Africa
438,GIN,Guinea,2021,76,75,-0.5018995,-0.7509399,-0.6996076,-0.496515,-0.320451,-0.2559166,Sub-Saharan Africa
438,GIN,Guinea,2022,77,61,-0.4220713,-0.6354432,-0.5877618,-0.4134716,-0.2613067,-0.2249671,Sub-Saharan Africa
438,GIN,Guinea,2023,78,72,-0.4314784,-0.6342187,-0.5813645,-0.4291664,-0.273084,-0.2379568,Sub-Saharan Africa
438,GIN,Guinea,2024,79,94,-0.679548,-0.8613305,-0.8234574,-0.6780279,-0.5388331,-0.4945109,Sub-Saharan Africa
404,GNB,Guinea-Bissau,1991,46,58,-0.6034932,-1.00852,-0.9236716,-0.602383,-0.3112084,-0.2296438,Sub-Saharan Africa
404,GNB,Guinea-Bissau,1992,47,73,-0.6920773,-1.030168,-0.9582864,-0.6814133,-0.4367863,-0.3656178,Sub-Saharan Africa
404,GNB,Guinea-Bissau,1993,48,63,-0.5729176,-0.8848603,-0.8220989,-0.5615497,-0.3435106,-0.2739102,Sub-Saharan Africa
404,GNB,Guinea-Bissau,1995,50,58,-0.2971776,-0.589162,-0.5242933,-0.2932144,-0.08725295,-0.02168561,Sub-Saharan Africa
404,GNB,Guinea-Bissau,1996,51,72,-0.5855583,-0.8970345,-0.8174564,-0.5822951,-0.3616029,-0.3052671,Sub-Saharan Africa
404,GNB,Guinea-Bissau,1997,52,66,-0.696776,-1.032668,-0.9499548,-0.6826333,-0.4678591,-0.4009387,Sub-Saharan Africa
404,GNB,Guinea-Bissau,1998,53,57,-0.7687049,-1.168684,-1.068626,-0.7594748,-0.4666366,-0.3969533,Sub-Saharan Africa
404,GNB,Guinea-Bissau,1999,54,43,-0.7285937,-1.057047,-0.9826209,-0.7347595,-0.4674598,-0.4079535,Sub-Saharan Africa
404,GNB,Guinea-Bissau,2002,57,3,-0.7798246,-1.212972,-1.107652,-0.7595011,-0.4664773,-0.3545668,Sub-Saharan Africa
404,GNB,Guinea-Bissau,2003,58,68,-0.7445712,-1.079253,-1.005579,-0.7342437,-0.4883562,-0.4176765,Sub-Saharan Africa
404,GNB,Guinea-Bissau,2004,59,64,-0.3884521,-0.6546988,-0.5869528,-0.3768639,-0.2072614,-0.1603862,Sub-Saharan Africa
404,GNB,Guinea-Bissau,2005,60,64,-0.4320843,-0.6917668,-0.6298552,-0.4275063,-0.251656,-0.2018746,Sub-Saharan Africa
404,GNB,Guinea-Bissau,2006,61,55,-0.3745037,-0.6042249,-0.5442398,-0.3668147,-0.2142116,-0.1648686,Sub-Saharan Africa
404,GNB,Guinea-Bissau,2007,62,29,-0.5424827,-1.001087,-0.9034057,-0.5202704,-0.2197222,-0.1515404,Sub-Saharan Africa
404,GNB,Guinea-Bissau,2008,63,68,-0.3941332,-0.6164224,-0.5604729,-0.3898424,-0.2365445,-0.1853139,Sub-Saharan Africa
404,GNB,Guinea-Bissau,2009,64,62,-0.4935003,-0.7698756,-0.6979495,-0.4817861,-0.2987742,-0.253985,Sub-Saharan Africa
404,GNB,Guinea-Bissau,2010,65,64,-0.5270219,-0.8374417,-0.7446049,-0.5160424,-0.3160022,-0.2676389,Sub-Saharan Africa
404,GNB,Guinea-Bissau,2011,66,60,-0.4147852,-0.6723651,-0.6135309,-0.4080659,-0.2157088,-0.1747352,Sub-Saharan Africa
404,GNB,Guinea-Bissau,2012,67,61,-0.4353348,-0.7052634,-0.6477609,-0.4241942,-0.2292944,-0.1795935,Sub-Saharan Africa
404,GNB,Guinea-Bissau,2013,68,60,-0.5891879,-0.8717209,-0.8052233,-0.5825957,-0.379078,-0.324927,Sub-Saharan Africa
404,GNB,Guinea-Bissau,2014,69,67,-0.4555754,-0.739506,-0.6777263,-0.4467288,-0.251332,-0.2082454,Sub-Saharan Africa
404,GNB,Guinea-Bissau,2015,70,69,-0.5603768,-0.8424874,-0.7649067,-0.5560764,-0.3567613,-0.30864,Sub-Saharan Africa
404,GNB,Guinea-Bissau,2016,71,75,-0.6278487,-0.9266479,-0.8543584,-0.6293297,-0.4095249,-0.353062,Sub-Saharan Africa
404,GNB,Guinea-Bissau,2017,72,45,-0.666735,-1.063792,-0.9788809,-0.6501443,-0.4022385,-0.3392817,Sub-Saharan Africa
404,GNB,Guinea-Bissau,2018,73,94,-0.4229754,-0.6311593,-0.5832152,-0.4174835,-0.2637698,-0.2233869,Sub-Saharan Africa
404,GNB,Guinea-Bissau,2019,74,69,-0.4412702,-0.720594,-0.6630972,-0.4305167,-0.2371529,-0.1981361,Sub-Saharan Africa
404,GNB,Guinea-Bissau,2020,75,82,-0.506622,-0.7831076,-0.7047508,-0.4981346,-0.3129308,-0.2658461,Sub-Saharan Africa
404,GNB,Guinea-Bissau,2021,76,78,-0.496278,-0.7290256,-0.6781714,-0.4923695,-0.320998,-0.2779341,Sub-Saharan Africa
404,GNB,Guinea-Bissau,2022,77,79,-0.5400584,-0.744187,-0.6895201,-0.5407819,-0.382338,-0.3377599,Sub-Saharan Africa
404,GNB,Guinea-Bissau,2023,78,68,-0.6150355,-0.832518,-0.7928853,-0.6138102,-0.4380561,-0.4032433,Sub-Saharan Africa
404,GNB,Guinea-Bissau,2024,79,82,-0.4668258,-0.6929935,-0.6368609,-0.4604878,-0.3016107,-0.2631697,Sub-Saharan Africa
110,GUY,Guyana,1991,46,74,-0.5854685,-0.9390426,-0.8554782,-0.5757123,-0.3230083,-0.2678377,Other
110,GUY,Guyana,1992,47,74,-0.5462807,-0.8685087,-0.7912639,-0.5385552,-0.3197192,-0.2486578,Other
110,GUY,Guyana,1993,48,64,-0.1845794,-0.4335903,-0.3731248,-0.1785688,0.003685082,0.05438394,Other
110,GUY,Guyana,1994,49,67,-0.3560752,-0.6798641,-0.6055518,-0.3504002,-0.1162686,-0.05446124,Other
110,GUY,Guyana,1995,50,67,-0.2809726,-0.5886757,-0.5118078,-0.2781792,-0.05765444,-0.01675188,Other
110,GUY,Guyana,1996,51,73,-0.3707336,-0.6637344,-0.5825416,-0.3669288,-0.1489885,-0.09520419,Other
110,GUY,Guyana,1997,52,72,-0.3780684,-0.6521473,-0.5926995,-0.3778458,-0.1758907,-0.1227335,Other
110,GUY,Guyana,1998,53,63,-0.4447128,-0.7469578,-0.6757772,-0.4333197,-0.2281089,-0.1823983,Other
110,GUY,Guyana,1999,54,69,-0.3931624,-0.6404566,-0.5881457,-0.389683,-0.2049597,-0.1483689,Other
110,GUY,Guyana,2000,55,67,-0.4553613,-0.7529619,-0.6765885,-0.4475302,-0.2398506,-0.1744197,Other
110,GUY,Guyana,2001,56,67,-0.4463495,-0.7317442,-0.6601245,-0.4430888,-0.2346284,-0.1825233,Other
110,GUY,Guyana,2002,57,76,-0.5084858,-0.7583301,-0.702584,-0.5025461,-0.3181832,-0.2720978,Other
110,GUY,Guyana,2003,58,78,-0.5841918,-0.8581941,-0.7999508,-0.5750701,-0.3723349,-0.3272442,Other
110,GUY,Guyana,2004,59,72,-0.5865433,-0.9060014,-0.8254013,-0.5736504,-0.3600419,-0.2990111,Other
110,GUY,Guyana,2005,60,74,-0.5611697,-0.8069953,-0.7505449,-0.5579918,-0.3841804,-0.3274611,Other
110,GUY,Guyana,2006,61,88,-0.4917894,-0.7206733,-0.672437,-0.485663,-0.3153464,-0.2687248,Other
110,GUY,Guyana,2007,62,79,-0.5244844,-0.7967061,-0.7443954,-0.5144438,-0.3297448,-0.2855276,Other
110,GUY,Guyana,2008,63,72,-0.6216224,-0.9061703,-0.8468087,-0.6201416,-0.4000231,-0.3501079,Other
110,GUY,Guyana,2009,64,65,-0.5322299,-0.7819754,-0.7252034,-0.527595,-0.3407774,-0.2865414,Other
110,GUY,Guyana,2010,65,71,-0.5251474,-0.7927172,-0.7175209,-0.5227008,-0.325803,-0.2765878,Other
110,GUY,Guyana,2011,66,66,-0.5749609,-0.8525535,-0.7912656,-0.5683976,-0.3651406,-0.3194685,Other
110,GUY,Guyana,2012,67,74,-0.6753868,-0.9530473,-0.8760527,-0.6741345,-0.4648086,-0.4087158,Other
110,GUY,Guyana,2013,68,62,-0.6599853,-0.9471966,-0.8803867,-0.6589528,-0.4375624,-0.3870114,Other
110,GUY,Guyana,2014,69,77,-0.7378911,-1.028956,-0.9640326,-0.7299379,-0.5124992,-0.4614425,Other
110,GUY,Guyana,2015,70,77,-0.6300419,-0.9305735,-0.8503698,-0.6265318,-0.4176879,-0.345807,Other
110,GUY,Guyana,2016,71,79,-0.5304776,-0.7963042,-0.7459776,-0.5277247,-0.3310098,-0.2761436,Other
110,GUY,Guyana,2017,72,89,-0.6332522,-0.9336798,-0.8573851,-0.6265335,-0.414243,-0.3621481,Other
110,GUY,Guyana,2018,73,107,-0.212817,-0.3825516,-0.3392307,-0.2086167,-0.09400759,-0.06054616,Other
110,GUY,Guyana,2019,74,95,-0.2397962,-0.4125887,-0.364515,-0.234582,-0.1194639,-0.07983158,Other
110,GUY,Guyana,2020,75,94,-0.2122636,-0.3848615,-0.3486304,-0.2098328,-0.08678069,-0.04917664,Other
110,GUY,Guyana,2021,76,85,-0.2133989,-0.3802372,-0.3447102,-0.2064853,-0.09403081,-0.06145502,Other
110,GUY,Guyana,2022,77,87,-0.2300485,-0.3924407,-0.3532302,-0.2281115,-0.1083209,-0.06987786,Other
110,GUY,Guyana,2023,78,88,-0.2716957,-0.4418695,-0.3964962,-0.2689625,-0.1493684,-0.1141842,Other
110,GUY,Guyana,2024,79,108,-0.213727,-0.3501289,-0.3163624,-0.2129981,-0.1118436,-0.08173412,Other
41,HTI,Haiti,1991,46,62,-0.5507321,-0.8626502,-0.8017145,-0.5459886,-0.2970706,-0.2488829,Other
41,HTI,Haiti,1992,47,67,-0.4085444,-0.7293117,-0.6503697,-0.4024663,-0.1726294,-0.1135886,Other
41,HTI,Haiti,1993,48,62,-0.2329686,-0.5122449,-0.4320281,-0.2278857,-0.02068448,0.02329405,Other
41,HTI,Haiti,1994,49,67,-0.1844188,-0.4719181,-0.4156275,-0.1788312,0.02997271,0.09076923,Other
41,HTI,Haiti,1995,50,64,-0.2130436,-0.4781399,-0.424073,-0.2113592,-0.01039587,0.04686925,Other
41,HTI,Haiti,1996,51,70,-0.172743,-0.426808,-0.3635986,-0.167833,0.0127735,0.07485932,Other
41,HTI,Haiti,1997,52,62,-0.230531,-0.4993,-0.4327281,-0.2227594,-0.02728567,0.01526705,Other
41,HTI,Haiti,1998,53,58,-0.3960183,-0.689086,-0.6127307,-0.3833347,-0.1820079,-0.1329217,Other
41,HTI,Haiti,1999,54,68,-0.3536623,-0.6021445,-0.5480438,-0.3516618,-0.1630873,-0.1185963,Other
41,HTI,Haiti,2000,55,60,-0.331149,-0.611802,-0.5488657,-0.3246994,-0.1225013,-0.072041,Other
41,HTI,Haiti,2001,56,65,-0.4612802,-0.7077622,-0.6426743,-0.4544113,-0.2801402,-0.2396756,Other
41,HTI,Haiti,2002,57,73,-0.861626,-1.245017,-1.149271,-0.8440021,-0.604214,-0.5428849,Other
41,HTI,Haiti,2003,58,70,-0.7061878,-1.068617,-0.9734356,-0.7034996,-0.4438969,-0.3779848,Other
41,HTI,Haiti,2004,59,67,0.4026736,0.252617,0.2861888,0.4039714,0.5173112,0.5445674,Other
41,HTI,Haiti,2005,60,67,-0.08259112,-0.2489193,-0.2121246,-0.07954943,0.0431576,0.07394919,Other
41,HTI,Haiti,2006,61,84,-0.11198,-0.2919946,-0.2455174,-0.1060274,0.01322462,0.04785162,Other
41,HTI,Haiti,2007,62,79,-0.5259532,-0.7804832,-0.7274555,-0.5236955,-0.3299628,-0.2786913,Other
41,HTI,Haiti,2008,63,71,-0.2746813,-0.4737288,-0.4231613,-0.2729868,-0.1189865,-0.095354,Other
41,HTI,Haiti,2009,64,50,-0.4040141,-0.6354589,-0.5832512,-0.3985914,-0.2382418,-0.1952194,Other
41,HTI,Haiti,2010,65,70,-0.6097527,-0.8922206,-0.8142891,-0.6044582,-0.4031178,-0.3419595,Other
41,HTI,Haiti,2011,66,66,-0.1560508,-0.3485422,-0.3020827,-0.1554201,-0.01133366,0.02391708,Other
41,HTI,Haiti,2012,67,71,-0.3612243,-0.6057177,-0.540333,-0.3571489,-0.1910191,-0.1529985,Other
41,HTI,Haiti,2013,68,37,-0.3502257,-0.6469186,-0.5709862,-0.3445289,-0.1242238,-0.06438998,Other
41,HTI,Haiti,2014,69,57,-0.2661789,-0.4981449,-0.4508626,-0.2591952,-0.09327119,-0.05158745,Other
41,HTI,Haiti,2015,70,25,-0.2530302,-0.5332797,-0.4753324,-0.2504018,-0.03594247,0.02663366,Other
41,HTI,Haiti,2016,71,54,-0.24076,-0.477177,-0.421371,-0.2330929,-0.07333553,-0.03026935,Other
41,HTI,Haiti,2017,72,55,-0.2283166,-0.5319936,-0.4492108,-0.2159549,-0.02797501,0.01740161,Other
41,HTI,Haiti,2018,73,69,0.08674785,-0.08065994,-0.04399465,0.09290945,0.2134243,0.2445233,Other
41,HTI,Haiti,2019,74,62,0.2151149,0.06367566,0.1006074,0.2135833,0.3376103,0.3622392,Other
41,HTI,Haiti,2020,75,65,0.1313129,-0.04615792,0.003430611,0.1329242,0.254692,0.28984,Other
41,HTI,Haiti,2021,76,76,-0.06247554,-0.2314358,-0.1953629,-0.05475506,0.05551085,0.09133846,Other
41,HTI,Haiti,2022,77,77,-0.1261854,-0.275737,-0.2409582,-0.127655,-0.01867607,0.01564042,Other
41,HTI,Haiti,2023,78,77,-0.2094883,-0.409306,-0.363566,-0.1985283,-0.07313147,-0.03543262,Other
41,HTI,Haiti,2024,79,88,-0.1940552,-0.3618554,-0.3263176,-0.1906665,-0.06660488,-0.02999679,Other
91,HND,Honduras,1991,46,74,-0.2287145,-0.4545461,-0.4077026,-0.228962,-0.05766402,-0.01006152,Latin America & Caribbean
91,HND,Honduras,1992,47,72,-0.06681411,-0.2821371,-0.2249014,-0.06078097,0.08919231,0.1275068,Latin America & Caribbean
91,HND,Honduras,1993,48,56,-0.06006263,-0.2927868,-0.2340649,-0.05461161,0.1096324,0.1564068,Latin America & Caribbean
91,HND,Honduras,1994,49,63,-0.2497897,-0.5590933,-0.492335,-0.240296,-0.01300013,0.04883264,Latin America & Caribbean
91,HND,Honduras,1995,50,66,-0.1181794,-0.3707341,-0.3114126,-0.1137114,0.07220383,0.1244043,Latin America & Caribbean
91,HND,Honduras,1996,51,70,-0.05418701,-0.3045558,-0.2407569,-0.04724489,0.1315779,0.1771159,Latin America & Caribbean
91,HND,Honduras,1997,52,68,-0.1420398,-0.3676781,-0.3251039,-0.1355436,0.02872394,0.07302055,Latin America & Caribbean
91,HND,Honduras,1998,53,40,0.1283587,-0.1055132,-0.04462385,0.1323195,0.2938151,0.3511591,Latin America & Caribbean
91,HND,Honduras,1999,54,41,-0.4940582,-0.8408232,-0.7492892,-0.4805832,-0.2563315,-0.1957804,Latin America & Caribbean
91,HND,Honduras,2000,55,64,-0.2763099,-0.5406406,-0.4819647,-0.2674694,-0.09439356,-0.05488386,Latin America & Caribbean
91,HND,Honduras,2001,56,60,-0.2055654,-0.4311609,-0.3755122,-0.1964743,-0.05230176,-0.01065639,Latin America & Caribbean
91,HND,Honduras,2002,57,71,-0.09158978,-0.2675906,-0.2276751,-0.08998451,0.04388915,0.08299345,Latin America & Caribbean
91,HND,Honduras,2003,58,74,0.2798258,0.1295207,0.1654123,0.27958,0.4016509,0.4327534,Latin America & Caribbean
91,HND,Honduras,2004,59,69,0.05338661,-0.09680371,-0.06415021,0.05448983,0.1757431,0.2091348,Latin America & Caribbean
91,HND,Honduras,2005,60,65,0.08949037,-0.07297154,-0.03754187,0.08840926,0.2167552,0.2521008,Latin America & Caribbean
91,HND,Honduras,2006,61,86,-0.06740663,-0.2236619,-0.1929799,-0.06418695,0.04916784,0.08566468,Latin America & Caribbean
91,HND,Honduras,2007,62,79,-0.1627936,-0.3425466,-0.2961787,-0.1583471,-0.02628134,0.003901583,Latin America & Caribbean
91,HND,Honduras,2008,63,76,-0.189254,-0.3820813,-0.3315265,-0.1888647,-0.04567415,-0.007648421,Latin America & Caribbean
91,HND,Honduras,2009,64,49,-0.2242798,-0.4507048,-0.3919731,-0.2195735,-0.06184203,-0.01966899,Latin America & Caribbean
91,HND,Honduras,2010,65,70,-0.1663562,-0.3362864,-0.2984973,-0.1626484,-0.03918812,-0.001051722,Latin America & Caribbean
91,HND,Honduras,2011,66,68,-0.05889386,-0.2235387,-0.1876012,-0.06219964,0.07450035,0.1061819,Latin America & Caribbean
91,HND,Honduras,2012,67,74,0.09407173,-0.05158326,-0.02065894,0.0943843,0.2126836,0.2395838,Latin America & Caribbean
91,HND,Honduras,2013,68,64,-0.07526759,-0.2439243,-0.2086304,-0.07157407,0.05488595,0.0986556,Latin America & Caribbean
91,HND,Honduras,2014,69,76,0.01895928,-0.1358201,-0.09666224,0.02003133,0.1420644,0.1780123,Latin America & Caribbean
91,HND,Honduras,2015,70,77,-0.0612388,-0.2095767,-0.1745972,-0.05876785,0.05069306,0.07536541,Latin America & Caribbean
91,HND,Honduras,2016,71,79,0.09198733,-0.05361045,-0.02144076,0.09099335,0.2045551,0.241032,Latin America & Caribbean
91,HND,Honduras,2017,72,90,0.07151494,-0.0731254,-0.04268409,0.07666946,0.1713342,0.2036293,Latin America & Caribbean
91,HND,Honduras,2018,73,108,0.1764941,0.04403518,0.07812695,0.1743948,0.2788473,0.3051349,Latin America & Caribbean
91,HND,Honduras,2019,74,98,0.08729476,-0.03556666,-0.01232609,0.08729573,0.1844284,0.211569,Latin America & Caribbean
91,HND,Honduras,2020,75,97,0.05107443,-0.08891487,-0.05660461,0.0484769,0.1627384,0.196005,Latin America & Caribbean
91,HND,Honduras,2021,76,85,0.008293735,-0.1366741,-0.1027282,0.009903243,0.1151028,0.1531706,Latin America & Caribbean
91,HND,Honduras,2022,77,88,-0.05165897,-0.1935959,-0.1598396,-0.04617019,0.04979448,0.07498126,Latin America & Caribbean
91,HND,Honduras,2023,78,87,-0.1894261,-0.3353994,-0.3018142,-0.1869291,-0.07382375,-0.05075768,Latin America & Caribbean
91,HND,Honduras,2024,79,105,-0.07857527,-0.2120455,-0.1826897,-0.07816754,0.0284659,0.04879496,Latin America & Caribbean
310,HUN,Hungary,1991,46,69,1.214913,1.051341,1.084643,1.213217,1.352948,1.37921,Other
310,HUN,Hungary,1992,47,73,1.268393,1.095153,1.132429,1.269391,1.404232,1.449597,Other
310,HUN,Hungary,1993,48,63,1.342691,1.128973,1.181413,1.333971,1.518266,1.565172,Other
310,HUN,Hungary,1994,49,68,1.545916,1.320293,1.357408,1.540346,1.737888,1.793358,Other
310,HUN,Hungary,1995,50,62,1.542611,1.2674,1.329073,1.539496,1.758504,1.820462,Other
310,HUN,Hungary,1996,51,73,1.509993,1.25562,1.311133,1.502341,1.71182,1.772641,Other
310,HUN,Hungary,1997,52,73,1.275552,1.058058,1.104666,1.270257,1.459501,1.512687,Other
310,HUN,Hungary,1998,53,63,1.25885,1.029088,1.07465,1.257647,1.445277,1.492806,Other
310,HUN,Hungary,1999,54,70,1.284422,1.062744,1.113089,1.283404,1.458773,1.523137,Other
310,HUN,Hungary,2000,55,68,1.212719,0.9873736,1.041705,1.214001,1.392929,1.441727,Other
310,HUN,Hungary,2001,56,68,1.165861,0.956058,1.001555,1.165836,1.339054,1.390965,Other
310,HUN,Hungary,2002,57,75,1.111858,0.9177146,0.9561091,1.109914,1.272817,1.316766,Other
310,HUN,Hungary,2003,58,78,1.062644,0.8654898,0.905485,1.061877,1.219321,1.256776,Other
310,HUN,Hungary,2004,59,71,0.9758369,0.7978695,0.8264968,0.9751282,1.129461,1.168771,Other
310,HUN,Hungary,2005,60,75,0.9819143,0.7835864,0.8258257,0.9804265,1.139456,1.190133,Other
310,HUN,Hungary,2006,61,88,0.9539081,0.7657249,0.8029478,0.94848,1.101514,1.145015,Other
310,HUN,Hungary,2007,62,77,0.9792994,0.7855837,0.8244965,0.9766765,1.1354,1.182322,Other
310,HUN,Hungary,2008,63,77,0.9318577,0.7506215,0.7859408,0.9290466,1.078779,1.118462,Other
310,HUN,Hungary,2009,64,65,0.9976701,0.8086857,0.8538252,0.9953368,1.155795,1.196798,Other
310,HUN,Hungary,2010,65,72,0.9547844,0.7717355,0.810806,0.9541561,1.094823,1.124646,Other
310,HUN,Hungary,2011,66,69,0.9659631,0.7613145,0.8002851,0.9616437,1.131131,1.190077,Other
310,HUN,Hungary,2012,67,74,0.9772535,0.7880035,0.8220351,0.976319,1.127237,1.161926,Other
310,HUN,Hungary,2013,68,64,0.9627155,0.7547222,0.7970559,0.9578435,1.136034,1.178426,Other
310,HUN,Hungary,2014,69,77,1.080598,0.9003125,0.9370296,1.079916,1.228186,1.258888,Other
310,HUN,Hungary,2015,70,78,1.077582,0.8903847,0.925803,1.08292,1.217776,1.249958,Other
310,HUN,Hungary,2016,71,80,1.097107,0.9116292,0.941322,1.091784,1.249429,1.294289,Other
310,HUN,Hungary,2017,72,93,1.044281,0.8740826,0.91304,1.04444,1.179629,1.227515,Other
310,HUN,Hungary,2018,73,109,1.230459,1.063601,1.0993,1.230753,1.35779,1.39209,Other
310,HUN,Hungary,2019,74,100,1.148372,0.9909809,1.020808,1.146608,1.275536,1.322828,Other
310,HUN,Hungary,2020,75,97,1.289937,1.126595,1.162231,1.28636,1.42462,1.468512,Other
310,HUN,Hungary,2021,76,86,1.088456,0.9134827,0.9548562,1.090773,1.223091,1.258857,Other
310,HUN,Hungary,2022,77,88,1.317204,1.123379,1.164397,1.313666,1.476744,1.52685,Other
310,HUN,Hungary,2023,78,88,1.292912,1.10197,1.144843,1.290265,1.443466,1.483294,Other
310,HUN,Hungary,2024,79,108,1.294809,1.126076,1.161132,1.287595,1.43194,1.472061,Other
395,ISL,Iceland,1991,46,72,1.278364,1.113436,1.150732,1.277568,1.408138,1.446202,Western Europe & North America
395,ISL,Iceland,1992,47,74,1.27699,1.087981,1.139584,1.277153,1.422174,1.470075,Western Europe & North America
395,ISL,Iceland,1993,48,64,1.338971,1.142266,1.186211,1.333325,1.497884,1.540027,Western Europe & North America
395,ISL,Iceland,1994,49,67,1.345774,1.113222,1.154603,1.346677,1.525867,1.568138,Western Europe & North America
395,ISL,Iceland,1995,50,67,1.317403,1.069529,1.117174,1.322704,1.508532,1.556979,Western Europe & North America
395,ISL,Iceland,1996,51,72,1.403377,1.163945,1.211458,1.403276,1.59589,1.641332,Western Europe & North America
395,ISL,Iceland,1997,52,72,1.409717,1.1861,1.227603,1.40364,1.597939,1.663508,Western Europe & North America
395,ISL,Iceland,1998,53,62,1.12697,0.9104159,0.9532872,1.120778,1.310785,1.358003,Western Europe & North America
395,ISL,Iceland,1999,54,69,1.204553,0.9956752,1.036769,1.208132,1.37643,1.423381,Western Europe & North America
395,ISL,Iceland,2000,55,68,1.14628,0.9050672,0.955797,1.15063,1.329863,1.368966,Western Europe & North America
395,ISL,Iceland,2001,56,69,1.145571,0.9466084,0.9832202,1.143447,1.311059,1.364792,Western Europe & North America
395,ISL,Iceland,2002,57,76,1.074159,0.8831926,0.9240749,1.072495,1.227126,1.273478,Western Europe & North America
395,ISL,Iceland,2003,58,78,1.082982,0.8874229,0.9356143,1.081777,1.234425,1.282627,Western Europe & North America
395,ISL,Iceland,2004,59,72,0.9834491,0.7895417,0.8333304,0.9819099,1.137388,1.180937,Western Europe & North America
395,ISL,Iceland,2005,60,75,0.9850818,0.7841628,0.8303749,0.9806873,1.14068,1.175894,Western Europe & North America
395,ISL,Iceland,2006,61,88,0.9419786,0.7537672,0.7954426,0.9394642,1.091039,1.135546,Western Europe & North America
395,ISL,Iceland,2007,62,79,0.9098916,0.7339378,0.7660916,0.9060257,1.061781,1.096499,Western Europe & North America
395,ISL,Iceland,2008,63,76,0.7683193,0.5917332,0.6355177,0.7653958,0.9140954,0.9536056,Western Europe & North America
395,ISL,Iceland,2009,64,66,0.8927588,0.7260641,0.7561943,0.8844004,1.03705,1.07632,Western Europe & North America
395,ISL,Iceland,2010,65,72,0.8152391,0.6391468,0.6762475,0.814508,0.9536237,0.9951273,Western Europe & North America
395,ISL,Iceland,2011,66,69,0.8042292,0.6278812,0.6579043,0.7989799,0.9625516,1.005959,Western Europe & North America
395,ISL,Iceland,2012,67,74,0.7728401,0.598334,0.6326212,0.7671056,0.9164707,0.9567848,Western Europe & North America
395,ISL,Iceland,2013,68,64,0.826751,0.6471504,0.6862626,0.8294052,0.966018,1.005169,Western Europe & North America
395,ISL,Iceland,2014,69,77,0.8235257,0.6622415,0.6961064,0.8244971,0.9536313,0.9859497,Western Europe & North America
395,ISL,Iceland,2015,70,78,0.8060263,0.6427789,0.679266,0.801563,0.9325381,0.9793802,Western Europe & North America
395,ISL,Iceland,2016,71,79,0.7931947,0.6494566,0.6764341,0.7904097,0.9126831,0.9490599,Western Europe & North America
395,ISL,Iceland,2017,72,91,0.8551542,0.6995952,0.7405772,0.8512341,0.9802257,1.014225,Western Europe & North America
395,ISL,Iceland,2018,73,108,0.8164544,0.6703865,0.7060721,0.8170109,0.9227982,0.9558195,Western Europe & North America
395,ISL,Iceland,2019,74,100,0.8809469,0.7498373,0.7733014,0.8782801,0.9906335,1.033849,Western Europe & North America
395,ISL,Iceland,2020,75,97,0.8434182,0.7084973,0.7382666,0.8432873,0.95541,0.9925492,Western Europe & North America
395,ISL,Iceland,2021,76,86,0.8958814,0.7411687,0.7711635,0.8912234,1.021936,1.061568,Western Europe & North America
395,ISL,Iceland,2022,77,88,0.9276262,0.7612666,0.7972254,0.9258723,1.055573,1.096423,Western Europe & North America
395,ISL,Iceland,2023,78,87,0.8859992,0.7329018,0.7621278,0.8832289,1.006198,1.049065,Western Europe & North America
395,ISL,Iceland,2024,79,104,0.9034361,0.7594114,0.7861506,0.8998805,1.026583,1.063879,Western Europe & North America
750,IND,India,1991,46,73,-0.6394099,-1.03652,-0.9383921,-0.634602,-0.3401437,-0.2656684,South & East Asia
750,IND,India,1992,47,74,-0.6980342,-1.076364,-0.9800087,-0.6963454,-0.4213767,-0.3680808,South & East Asia
750,IND,India,1993,48,63,-1.102321,-1.449508,-1.377701,-1.101527,-0.8461411,-0.7756163,South & East Asia
750,IND,India,1994,49,68,-1.372019,-1.745601,-1.652866,-1.369504,-1.072722,-0.9928862,South & East Asia
750,IND,India,1995,50,67,-1.5432,-1.904442,-1.81105,-1.536992,-1.277286,-1.208172,South & East Asia
750,IND,India,1996,51,74,-1.670663,-2.062278,-1.953123,-1.660483,-1.38854,-1.31866,South & East Asia
750,IND,India,1997,52,73,-1.083349,-1.398193,-1.325911,-1.084106,-0.8417822,-0.7721731,South & East Asia
750,IND,India,1998,53,63,-0.6450914,-0.9488664,-0.8815794,-0.6415011,-0.4098672,-0.3418388,South & East Asia
750,IND,India,1999,54,69,-0.5762765,-0.8716431,-0.8009359,-0.5675212,-0.357171,-0.2995986,South & East Asia
750,IND,India,2000,55,68,-0.6093415,-0.9167637,-0.8545251,-0.6025786,-0.3635538,-0.319442,South & East Asia
750,IND,India,2001,56,68,-0.5865909,-0.8870764,-0.8265506,-0.5767601,-0.3581594,-0.3068523,South & East Asia
750,IND,India,2002,57,76,-0.2362635,-0.4332991,-0.3875733,-0.2327431,-0.09799583,-0.06528357,South & East Asia
750,IND,India,2003,58,78,-0.1059771,-0.277028,-0.2391598,-0.1016938,0.02255347,0.04978933,South & East Asia
750,IND,India,2004,59,72,-0.3408983,-0.5883843,-0.5163014,-0.3360341,-0.1656763,-0.116575,South & East Asia
750,IND,India,2005,60,75,-0.2193353,-0.3937761,-0.3536123,-0.2201071,-0.08983841,-0.04939097,South & East Asia
750,IND,India,2006,61,88,-0.3916774,-0.5973872,-0.5456899,-0.3854998,-0.2480375,-0.2117058,South & East Asia
750,IND,India,2007,62,79,-0.3557545,-0.5400224,-0.5020285,-0.3536604,-0.2194823,-0.1793346,South & East Asia
750,IND,India,2008,63,76,-0.4962568,-0.7249111,-0.6701556,-0.496984,-0.3199841,-0.2724183,South & East Asia
750,IND,India,2009,64,66,-0.4594315,-0.6794995,-0.6242045,-0.456786,-0.2866404,-0.252712,South & East Asia
750,IND,India,2010,65,72,-0.5842678,-0.8229504,-0.771469,-0.5836785,-0.3976344,-0.3524166,South & East Asia
750,IND,India,2011,66,69,-0.5552062,-0.7996854,-0.7426263,-0.5498159,-0.3774783,-0.3245811,South & East Asia
750,IND,India,2012,67,74,-0.6422946,-0.9051175,-0.839287,-0.637865,-0.4503693,-0.4096744,South & East Asia
750,IND,India,2013,68,64,-0.6481981,-0.902119,-0.8404117,-0.6476469,-0.4597942,-0.4120832,South & East Asia
750,IND,India,2014,69,77,-0.8044558,-1.087181,-1.022887,-0.7935897,-0.5974824,-0.5528212,South & East Asia
750,IND,India,2015,70,78,-0.2382496,-0.4081833,-0.3701916,-0.2335682,-0.1052156,-0.07155769,South & East Asia
750,IND,India,2016,71,80,-0.3055636,-0.5139919,-0.4684638,-0.3003197,-0.1510068,-0.1039103,South & East Asia
750,IND,India,2017,72,93,-0.2250502,-0.4072393,-0.3663313,-0.2255504,-0.08698956,-0.04964713,South & East Asia
750,IND,India,2018,73,109,-0.2590713,-0.4182331,-0.3802564,-0.259066,-0.1394095,-0.1049988,South & East Asia
750,IND,India,2019,74,100,-0.2401938,-0.3968316,-0.3593804,-0.2383897,-0.1153013,-0.08293506,South & East Asia
750,IND,India,2020,75,97,-0.1657867,-0.3193304,-0.2864477,-0.1614977,-0.05297244,-0.02143656,South & East Asia
750,IND,India,2021,76,86,-0.1510444,-0.3014305,-0.2664763,-0.1437717,-0.04143358,-0.02135606,South & East Asia
750,IND,India,2022,77,88,-0.3530372,-0.4991738,-0.4690123,-0.3548099,-0.2359356,-0.2010125,South & East Asia
750,IND,India,2023,78,87,-0.2737326,-0.4256931,-0.386789,-0.2735605,-0.1538568,-0.1189403,South & East Asia
750,IND,India,2024,79,108,-0.09303771,-0.2204775,-0.1920136,-0.09178941,0.0010594,0.025284,South & East Asia
850,IDN,Indonesia,1991,46,74,-1.113156,-1.521854,-1.429656,-1.111089,-0.8043571,-0.726407,South & East Asia
850,IDN,Indonesia,1992,47,75,-1.022226,-1.412238,-1.319587,-1.008348,-0.7232626,-0.6743023,South & East Asia
850,IDN,Indonesia,1993,48,65,-1.257244,-1.622797,-1.546271,-1.253112,-0.9594547,-0.8748378,South & East Asia
850,IDN,Indonesia,1994,49,68,-1.332595,-1.721025,-1.632212,-1.329766,-1.024456,-0.9376593,South & East Asia
850,IDN,Indonesia,1995,50,64,-1.406353,-1.751035,-1.669242,-1.40087,-1.143864,-1.05993,South & East Asia
850,IDN,Indonesia,1996,51,73,-1.409946,-1.777197,-1.691578,-1.407776,-1.135244,-1.052046,South & East Asia
850,IDN,Indonesia,1997,52,73,-1.162771,-1.515429,-1.434925,-1.166057,-0.8793377,-0.8122845,South & East Asia
850,IDN,Indonesia,1998,53,63,-0.8564603,-1.238718,-1.156015,-0.8491811,-0.5629429,-0.5039444,South & East Asia
850,IDN,Indonesia,1999,54,68,-0.8462058,-1.21694,-1.12497,-0.8391839,-0.5880304,-0.5247091,South & East Asia
850,IDN,Indonesia,2000,55,67,-0.8734607,-1.240383,-1.157773,-0.8646049,-0.5872029,-0.5138345,South & East Asia
850,IDN,Indonesia,2001,56,69,-0.9530371,-1.327498,-1.245826,-0.9415509,-0.6770563,-0.6175616,South & East Asia
850,IDN,Indonesia,2002,57,76,-0.9566436,-1.335706,-1.239993,-0.9554934,-0.6691745,-0.6014385,South & East Asia
850,IDN,Indonesia,2003,58,78,-0.9219545,-1.281319,-1.210976,-0.922676,-0.6325508,-0.5688774,South & East Asia
850,IDN,Indonesia,2004,59,72,-1.042055,-1.464975,-1.360719,-1.034001,-0.7357787,-0.6728096,South & East Asia
850,IDN,Indonesia,2005,60,75,-1.106005,-1.495679,-1.386841,-1.088449,-0.8554381,-0.7779479,South & East Asia
850,IDN,Indonesia,2006,61,88,-1.119322,-1.519294,-1.423402,-1.107331,-0.8452159,-0.7643607,South & East Asia
850,IDN,Indonesia,2007,62,79,-1.101942,-1.487501,-1.396666,-1.095435,-0.819378,-0.7469541,South & East Asia
850,IDN,Indonesia,2008,63,77,-0.8821602,-1.196716,-1.113907,-0.8720952,-0.6668227,-0.6092155,South & East Asia
850,IDN,Indonesia,2009,64,66,-0.8746622,-1.184999,-1.112608,-0.8707424,-0.6485339,-0.5849919,South & East Asia
850,IDN,Indonesia,2010,65,72,-0.9571481,-1.265005,-1.191524,-0.9607041,-0.7097393,-0.654092,South & East Asia
850,IDN,Indonesia,2011,66,69,-0.7621035,-1.043612,-0.964214,-0.7569958,-0.551333,-0.5033292,South & East Asia
850,IDN,Indonesia,2012,67,74,-0.7736616,-1.064771,-1.011096,-0.7655627,-0.5556508,-0.5009227,South & East Asia
850,IDN,Indonesia,2013,68,64,-1.022445,-1.358699,-1.278493,-1.016212,-0.7794463,-0.7126525,South & East Asia
850,IDN,Indonesia,2014,69,77,-0.986112,-1.309101,-1.252221,-0.9790084,-0.7374695,-0.6745886,South & East Asia
850,IDN,Indonesia,2015,70,78,-0.9325595,-1.269239,-1.203807,-0.9283007,-0.6714441,-0.6147731,South & East Asia
850,IDN,Indonesia,2016,71,80,-1.03337,-1.36956,-1.295305,-1.031067,-0.777194,-0.7163869,South & East Asia
850,IDN,Indonesia,2017,72,93,-0.9031822,-1.229603,-1.158946,-0.8992593,-0.6578368,-0.582147,South & East Asia
850,IDN,Indonesia,2018,73,109,-0.941284,-1.210259,-1.136648,-0.9326404,-0.748425,-0.6855734,South & East Asia
850,IDN,Indonesia,2019,74,100,-0.799352,-1.069942,-1.006441,-0.7958269,-0.5903441,-0.5423918,South & East Asia
850,IDN,Indonesia,2020,75,97,-0.8414068,-1.114126,-1.056432,-0.8357078,-0.6405545,-0.5707734,South & East Asia
850,IDN,Indonesia,2021,76,86,-0.7807445,-1.033409,-0.9812348,-0.7790763,-0.5884955,-0.5188935,South & East Asia
850,IDN,Indonesia,2022,77,88,-0.7100347,-0.8870331,-0.8492566,-0.7091366,-0.5729433,-0.5400067,South & East Asia
850,IDN,Indonesia,2023,78,88,-0.6832522,-0.8666218,-0.8343092,-0.6847502,-0.5315718,-0.4943726,South & East Asia
850,IDN,Indonesia,2024,79,107,-0.701637,-0.8799492,-0.8446482,-0.7005151,-0.561522,-0.5239217,South & East Asia
630,IRN,Iran,1991,46,72,-0.8675871,-1.283375,-1.208214,-0.863642,-0.5504149,-0.4797613,MENA
630,IRN,Iran,1992,47,74,-1.033082,-1.387639,-1.308739,-1.04053,-0.7312911,-0.6685333,MENA
630,IRN,Iran,1993,48,62,-1.263115,-1.655043,-1.589544,-1.253876,-0.9638206,-0.8744342,MENA
630,IRN,Iran,1994,49,64,-1.607334,-2.023988,-1.919545,-1.596936,-1.310278,-1.237799,MENA
630,IRN,Iran,1995,50,66,-1.620249,-2.009473,-1.921366,-1.61222,-1.343612,-1.258812,MENA
630,IRN,Iran,1996,51,69,-1.814283,-2.239473,-2.141221,-1.800023,-1.497148,-1.423789,MENA
630,IRN,Iran,1997,52,70,-1.742627,-2.149546,-2.050732,-1.744559,-1.454863,-1.364729,MENA
630,IRN,Iran,1998,53,60,-1.415455,-1.93997,-1.814663,-1.406911,-1.03844,-0.9280199,MENA
630,IRN,Iran,1999,54,68,-1.097549,-1.510277,-1.401019,-1.086599,-0.7964532,-0.7099957,MENA
630,IRN,Iran,2000,55,64,-1.186179,-1.581654,-1.495245,-1.187806,-0.8614301,-0.7851123,MENA
630,IRN,Iran,2001,56,64,-1.391584,-1.826114,-1.74487,-1.389367,-1.045668,-0.9470372,MENA
630,IRN,Iran,2002,57,68,-1.214333,-1.692204,-1.580645,-1.204855,-0.8621007,-0.7641258,MENA
630,IRN,Iran,2003,58,76,-1.221938,-1.673429,-1.560997,-1.20719,-0.9014636,-0.8282914,MENA
630,IRN,Iran,2004,59,70,-1.207849,-1.638071,-1.542769,-1.20139,-0.8848188,-0.7931437,MENA
630,IRN,Iran,2005,60,72,-1.512492,-1.960538,-1.882709,-1.496282,-1.169399,-1.09451,MENA
630,IRN,Iran,2006,61,84,-1.319697,-1.736972,-1.653056,-1.314512,-1.016135,-0.9081678,MENA
630,IRN,Iran,2007,62,74,-1.350577,-1.798377,-1.687951,-1.347689,-1.017577,-0.9444214,MENA
630,IRN,Iran,2008,63,76,-1.797362,-2.207448,-2.110386,-1.797092,-1.487146,-1.404063,MENA
630,IRN,Iran,2009,64,64,-1.527366,-1.927161,-1.842942,-1.512905,-1.199989,-1.143187,MENA
630,IRN,Iran,2010,65,68,-2.073295,-2.420812,-2.345069,-2.075456,-1.804326,-1.707994,MENA
630,IRN,Iran,2011,66,65,-1.548883,-1.937935,-1.837274,-1.537014,-1.272506,-1.196304,MENA
630,IRN,Iran,2012,67,72,-1.886195,-2.214429,-2.142807,-1.885825,-1.640644,-1.555895,MENA
630,IRN,Iran,2013,68,61,-1.715649,-2.087864,-2.000678,-1.71844,-1.430721,-1.326162,MENA
630,IRN,Iran,2014,69,73,-1.668843,-2.019455,-1.944247,-1.669388,-1.39716,-1.32456,MENA
630,IRN,Iran,2015,70,74,-1.330442,-1.712331,-1.627654,-1.325277,-1.035385,-0.9541858,MENA
630,IRN,Iran,2016,71,77,-1.952481,-2.306842,-2.219144,-1.962251,-1.680219,-1.589345,MENA
630,IRN,Iran,2017,72,87,-1.320366,-1.745606,-1.645635,-1.312824,-1.0089,-0.9417356,MENA
630,IRN,Iran,2018,73,106,-1.682296,-2.015452,-1.946115,-1.683539,-1.433501,-1.354123,MENA
630,IRN,Iran,2019,74,94,-1.514377,-1.847988,-1.769928,-1.514956,-1.256181,-1.194998,MENA
630,IRN,Iran,2020,75,94,-1.42554,-1.777945,-1.689378,-1.426389,-1.170618,-1.087441,MENA
630,IRN,Iran,2021,76,77,-1.751552,-2.072493,-2.001071,-1.75403,-1.506615,-1.439801,MENA
630,IRN,Iran,2022,77,83,-1.537339,-1.800443,-1.733387,-1.530725,-1.349859,-1.302697,MENA
630,IRN,Iran,2023,78,84,-1.524217,-1.763872,-1.717027,-1.516426,-1.338736,-1.28991,MENA
630,IRN,Iran,2024,79,104,-1.463593,-1.716679,-1.654075,-1.461331,-1.286663,-1.24011,MENA
645,IRQ,Iraq,1991,46,74,-1.4657,-1.835262,-1.755064,-1.471972,-1.17345,-1.080153,MENA
645,IRQ,Iraq,1992,47,74,-1.675323,-2.095077,-2.011314,-1.666619,-1.377532,-1.298324,MENA
645,IRQ,Iraq,1993,48,58,-1.757574,-2.194659,-2.098638,-1.758844,-1.424501,-1.347574,MENA
645,IRQ,Iraq,1994,49,61,-1.610727,-2.02973,-1.941953,-1.603996,-1.294227,-1.223239,MENA
645,IRQ,Iraq,2004,59,52,-1.210428,-1.79649,-1.628213,-1.198287,-0.8017457,-0.7109747,MENA
645,IRQ,Iraq,2005,60,71,-0.3507377,-0.5484221,-0.5030665,-0.3491308,-0.1969294,-0.1610851,MENA
645,IRQ,Iraq,2006,61,82,-0.7304438,-1.082195,-0.9965313,-0.7126406,-0.4773922,-0.4125199,MENA
645,IRQ,Iraq,2007,62,76,-0.5885291,-0.8698816,-0.8037458,-0.5750371,-0.3844208,-0.339907,MENA
645,IRQ,Iraq,2008,63,72,-0.6706784,-0.9699224,-0.898211,-0.6628028,-0.447777,-0.3981202,MENA
645,IRQ,Iraq,2009,64,64,-0.7708719,-1.076668,-0.9957302,-0.768247,-0.5542633,-0.4850884,MENA
645,IRQ,Iraq,2010,65,69,-0.5550903,-0.8460541,-0.7806745,-0.5440771,-0.3312753,-0.2893561,MENA
645,IRQ,Iraq,2011,66,66,-0.6187105,-0.9187084,-0.8531039,-0.6104724,-0.4072297,-0.3621171,MENA
645,IRQ,Iraq,2012,67,71,-0.6736039,-0.9845934,-0.9007645,-0.6715938,-0.4541641,-0.3887816,MENA
645,IRQ,Iraq,2013,68,63,-0.751522,-1.062575,-0.9908062,-0.7420338,-0.5222033,-0.4642367,MENA
645,IRQ,Iraq,2014,69,77,-0.8669058,-1.17157,-1.099854,-0.8640486,-0.6212539,-0.5702487,MENA
645,IRQ,Iraq,2015,70,77,-0.9103119,-1.2407,-1.156424,-0.9112023,-0.6496535,-0.5727293,MENA
645,IRQ,Iraq,2016,71,80,-1.140338,-1.468823,-1.404605,-1.145061,-0.8821861,-0.8051784,MENA
645,IRQ,Iraq,2017,72,92,-0.7440397,-1.090838,-1.002378,-0.7395824,-0.5022043,-0.428392,MENA
645,IRQ,Iraq,2018,73,106,-0.7669586,-1.033844,-0.9612353,-0.7518237,-0.5854522,-0.5275859,MENA
645,IRQ,Iraq,2019,74,99,-0.8073655,-1.06609,-1.002244,-0.8018977,-0.60873,-0.5470113,MENA
645,IRQ,Iraq,2020,75,96,-0.7582561,-1.052463,-0.9929973,-0.7461998,-0.5519544,-0.4882765,MENA
645,IRQ,Iraq,2021,76,83,-0.6686515,-0.9466754,-0.8808711,-0.6662324,-0.4509479,-0.391975,MENA
645,IRQ,Iraq,2022,77,87,-0.7281865,-0.9312761,-0.8822266,-0.7302132,-0.5745819,-0.5398961,MENA
645,IRQ,Iraq,2023,78,86,-0.7425661,-0.94946,-0.8963743,-0.7358028,-0.5988049,-0.563956,MENA
645,IRQ,Iraq,2024,79,105,-0.7523455,-0.9434594,-0.9056199,-0.7521789,-0.6038305,-0.5673889,MENA
205,IRL,Ireland,1991,46,74,1.1046,0.9541814,0.9891761,1.103127,1.22077,1.24633,Western Europe & North America
205,IRL,Ireland,1992,47,75,1.075002,0.9171997,0.9456629,1.074841,1.200616,1.243139,Western Europe & North America
205,IRL,Ireland,1993,48,65,1.147165,0.9632728,1.001332,1.149476,1.288718,1.329705,Western Europe & North America
205,IRL,Ireland,1994,49,68,1.089422,0.8853476,0.9309237,1.090162,1.246223,1.291046,Western Europe & North America
205,IRL,Ireland,1995,50,67,1.076758,0.8665257,0.9125272,1.070457,1.257247,1.308622,Western Europe & North America
205,IRL,Ireland,1996,51,74,1.054925,0.859391,0.9005116,1.055844,1.217386,1.262019,Western Europe & North America
205,IRL,Ireland,1997,52,73,1.118283,0.9142355,0.9584626,1.114234,1.274793,1.324483,Western Europe & North America
205,IRL,Ireland,1998,53,63,0.9736546,0.7730352,0.8121605,0.9704472,1.135413,1.179204,Western Europe & North America
205,IRL,Ireland,1999,54,70,0.8571961,0.6691223,0.7096795,0.8576574,1.008152,1.054111,Western Europe & North America
205,IRL,Ireland,2000,55,68,0.8122506,0.6206917,0.6570086,0.8102098,0.9716041,1.018159,Western Europe & North America
205,IRL,Ireland,2001,56,69,0.8650176,0.6898463,0.7248728,0.8621149,1.007317,1.058473,Western Europe & North America
205,IRL,Ireland,2002,57,76,0.8273891,0.6475257,0.6876938,0.8248904,0.972304,1.008884,Western Europe & North America
205,IRL,Ireland,2003,58,78,0.8051703,0.6521453,0.6763066,0.8056988,0.9318119,0.9752338,Western Europe & North America
205,IRL,Ireland,2004,59,72,0.828731,0.6617711,0.6958699,0.8274661,0.9627246,0.9998103,Western Europe & North America
205,IRL,Ireland,2005,60,75,0.7881394,0.6142874,0.655581,0.7849087,0.9277595,0.9683484,Western Europe & North America
205,IRL,Ireland,2006,61,88,0.7898353,0.6258799,0.6581034,0.7882637,0.9259509,0.9559793,Western Europe & North America
205,IRL,Ireland,2007,62,79,0.7749907,0.6012491,0.6433636,0.7722995,0.919073,0.9482722,Western Europe & North America
205,IRL,Ireland,2008,63,77,0.6820211,0.5097798,0.5511385,0.6783754,0.8213592,0.8590191,Western Europe & North America
205,IRL,Ireland,2009,64,66,0.7700956,0.6145891,0.6486424,0.7679045,0.8993678,0.9332715,Western Europe & North America
205,IRL,Ireland,2010,65,72,0.7022912,0.5408903,0.5763822,0.702304,0.8282924,0.863852,Western Europe & North America
205,IRL,Ireland,2011,66,69,0.7961394,0.6190299,0.6584911,0.790373,0.9460091,0.9926558,Western Europe & North America
205,IRL,Ireland,2012,67,74,0.6983753,0.532861,0.5680062,0.6957149,0.8378102,0.8751709,Western Europe & North America
205,IRL,Ireland,2013,68,63,0.7064696,0.5320928,0.5723853,0.70117,0.8412535,0.8845845,Western Europe & North America
205,IRL,Ireland,2014,69,77,0.8192534,0.6569984,0.6922721,0.8200608,0.9462493,0.9795319,Western Europe & North America
205,IRL,Ireland,2015,70,78,0.6521924,0.5045152,0.538049,0.6499722,0.7682294,0.8047186,Western Europe & North America
205,IRL,Ireland,2016,71,80,0.6898502,0.5364729,0.5659615,0.684175,0.8106468,0.8457013,Western Europe & North America
205,IRL,Ireland,2017,72,93,0.6810241,0.5496554,0.5771723,0.6735309,0.7971923,0.8302142,Western Europe & North America
205,IRL,Ireland,2018,73,109,0.6138225,0.4836729,0.511013,0.6142703,0.7190672,0.7469486,Western Europe & North America
205,IRL,Ireland,2019,74,100,0.7239518,0.5996054,0.6268845,0.7220194,0.8256746,0.8578423,Western Europe & North America
205,IRL,Ireland,2020,75,97,0.6444944,0.514559,0.5458013,0.646597,0.7426303,0.7620969,Western Europe & North America
205,IRL,Ireland,2021,76,86,0.6401346,0.5095039,0.5369405,0.6375033,0.7468621,0.7748839,Western Europe & North America
205,IRL,Ireland,2022,77,88,0.7362585,0.594304,0.6223593,0.7321862,0.8466023,0.8942878,Western Europe & North America
205,IRL,Ireland,2023,78,88,0.7526007,0.6125067,0.6419772,0.7510259,0.8665006,0.8953694,Western Europe & North America
205,IRL,Ireland,2024,79,108,0.7455513,0.6188448,0.6442363,0.7474675,0.8391962,0.8640761,Western Europe & North America
666,ISR,Israel,1991,46,72,2.351206,2.169193,2.216527,2.351722,2.48729,2.530912,MENA
666,ISR,Israel,1992,47,74,2.328812,2.152897,2.194903,2.331561,2.470649,2.516899,MENA
666,ISR,Israel,1993,48,64,2.310565,2.118738,2.159047,2.309236,2.460001,2.500667,MENA
666,ISR,Israel,1994,49,67,2.352119,2.124373,2.171391,2.352849,2.528056,2.57276,MENA
666,ISR,Israel,1995,50,65,2.635448,2.397939,2.459265,2.631888,2.816537,2.876521,MENA
666,ISR,Israel,1996,51,72,2.506635,2.290048,2.324081,2.503906,2.683882,2.726209,MENA
666,ISR,Israel,1997,52,72,2.492403,2.274816,2.320714,2.487831,2.665635,2.721148,MENA
666,ISR,Israel,1998,53,63,2.341973,2.147145,2.194629,2.339439,2.494187,2.53161,MENA
666,ISR,Israel,1999,54,68,2.167092,1.992893,2.03051,2.160415,2.311899,2.350824,MENA
666,ISR,Israel,2000,55,68,2.240388,2.063408,2.094473,2.240571,2.377457,2.420485,MENA
666,ISR,Israel,2001,56,69,2.353008,2.180219,2.217039,2.351034,2.493179,2.533243,MENA
666,ISR,Israel,2002,57,76,2.34826,2.162665,2.20149,2.35406,2.483226,2.533204,MENA
666,ISR,Israel,2003,58,77,2.308377,2.126235,2.164351,2.313262,2.440413,2.476896,MENA
666,ISR,Israel,2004,59,71,2.373131,2.185606,2.220521,2.373295,2.521736,2.56201,MENA
666,ISR,Israel,2005,60,75,2.249192,2.069337,2.108382,2.249923,2.386512,2.430789,MENA
666,ISR,Israel,2006,61,88,2.33824,2.171115,2.210227,2.335621,2.466138,2.503134,MENA
666,ISR,Israel,2007,62,72,2.289313,2.108955,2.150726,2.287183,2.42794,2.469614,MENA
666,ISR,Israel,2008,63,77,2.138466,1.952213,1.995348,2.137735,2.281002,2.320111,MENA
666,ISR,Israel,2009,64,65,2.164142,1.977424,2.018176,2.161618,2.308586,2.359735,MENA
666,ISR,Israel,2010,65,71,2.233368,2.044966,2.083255,2.23589,2.380593,2.424919,MENA
666,ISR,Israel,2011,66,67,2.221877,2.023074,2.0727,2.218891,2.373959,2.419481,MENA
666,ISR,Israel,2012,67,73,2.201891,2.02066,2.059531,2.199382,2.350504,2.38741,MENA
666,ISR,Israel,2013,68,64,2.31159,2.097488,2.143847,2.306642,2.489774,2.528649,MENA
666,ISR,Israel,2014,69,75,2.347264,2.139787,2.198615,2.345276,2.506433,2.5478,MENA
666,ISR,Israel,2015,70,78,2.230509,2.041088,2.078954,2.221094,2.393715,2.445781,MENA
666,ISR,Israel,2016,71,78,2.195538,1.983199,2.026865,2.19404,2.366763,2.411972,MENA
666,ISR,Israel,2017,72,90,2.348159,2.168361,2.205013,2.349559,2.493524,2.532656,MENA
666,ISR,Israel,2018,73,102,2.297253,2.111623,2.149605,2.292411,2.449136,2.487847,MENA
666,ISR,Israel,2019,74,96,2.29086,2.119163,2.159014,2.290519,2.426818,2.460881,MENA
666,ISR,Israel,2020,75,96,2.272574,2.098789,2.140752,2.278654,2.395585,2.431364,MENA
666,ISR,Israel,2021,76,84,2.128379,1.933546,1.980136,2.127382,2.270555,2.304645,MENA
666,ISR,Israel,2022,77,86,1.830011,1.621644,1.67146,1.830942,1.988538,2.036066,MENA
666,ISR,Israel,2023,78,88,1.996874,1.788291,1.838598,1.998682,2.15756,2.203506,MENA
666,ISR,Israel,2024,79,104,2.118216,1.929907,1.972861,2.117966,2.268711,2.307281,MENA
325,ITA,Italy,1991,46,72,1.558787,1.369175,1.409195,1.559184,1.710265,1.747382,Western Europe & North America
325,ITA,Italy,1992,47,74,1.544858,1.344473,1.391243,1.545868,1.697851,1.746314,Western Europe & North America
325,ITA,Italy,1993,48,64,1.566718,1.344575,1.393377,1.563087,1.740165,1.78166,Western Europe & North America
325,ITA,Italy,1994,49,68,1.572356,1.328082,1.38246,1.568924,1.774994,1.814937,Western Europe & North America
325,ITA,Italy,1995,50,67,1.514327,1.249271,1.311773,1.514465,1.718585,1.781068,Western Europe & North America
325,ITA,Italy,1996,51,74,1.464036,1.224563,1.275266,1.466787,1.650443,1.709136,Western Europe & North America
325,ITA,Italy,1997,52,73,1.400383,1.157643,1.207741,1.397499,1.601397,1.658027,Western Europe & North America
325,ITA,Italy,1998,53,63,1.184515,0.960259,1.007604,1.180288,1.367521,1.426067,Western Europe & North America
325,ITA,Italy,1999,54,70,1.079692,0.8653975,0.9122671,1.074535,1.254528,1.302904,Western Europe & North America
325,ITA,Italy,2000,55,68,1.07371,0.8653554,0.8925783,1.068112,1.2501,1.298838,Western Europe & North America
325,ITA,Italy,2001,56,69,1.068215,0.8656803,0.9043339,1.057226,1.240126,1.288541,Western Europe & North America
325,ITA,Italy,2002,57,76,1.143949,0.9564815,0.9951653,1.140028,1.297029,1.35871,Western Europe & North America
325,ITA,Italy,2003,58,78,1.12955,0.9381039,0.9854115,1.1292,1.278314,1.326603,Western Europe & North America
325,ITA,Italy,2004,59,71,0.9365222,0.7687849,0.7962393,0.9360024,1.08117,1.121897,Western Europe & North America
325,ITA,Italy,2005,60,74,0.9608012,0.7711608,0.8148801,0.9566451,1.115092,1.161126,Western Europe & North America
325,ITA,Italy,2006,61,88,0.9467639,0.7553644,0.7917798,0.9454136,1.088352,1.132492,Western Europe & North America
325,ITA,Italy,2007,62,79,0.8680763,0.6925249,0.7312017,0.8620934,1.016567,1.056898,Western Europe & North America
325,ITA,Italy,2008,63,77,0.8399357,0.6604614,0.7019991,0.8374263,0.9803716,1.015211,Western Europe & North America
325,ITA,Italy,2009,64,66,1.003819,0.8209057,0.8577388,1.004796,1.159395,1.197962,Western Europe & North America
325,ITA,Italy,2010,65,72,0.9000384,0.7193122,0.7547394,0.8983735,1.043766,1.080131,Western Europe & North America
325,ITA,Italy,2011,66,69,0.9167605,0.7170559,0.7572422,0.9174897,1.07701,1.117186,Western Europe & North America
325,ITA,Italy,2012,67,74,0.8435016,0.657986,0.6948845,0.8452847,0.9890004,1.027678,Western Europe & North America
325,ITA,Italy,2013,68,64,0.9161732,0.7207896,0.7589303,0.9157994,1.062096,1.112007,Western Europe & North America
325,ITA,Italy,2014,69,77,0.8908053,0.7197266,0.7545215,0.8869013,1.024995,1.067009,Western Europe & North America
325,ITA,Italy,2015,70,78,0.8965855,0.7260829,0.768661,0.8938876,1.035847,1.080155,Western Europe & North America
325,ITA,Italy,2016,71,80,0.9056565,0.7314432,0.7759849,0.9051351,1.030595,1.070018,Western Europe & North America
325,ITA,Italy,2017,72,93,0.9429051,0.7790118,0.81479,0.9398764,1.076862,1.106184,Western Europe & North America
325,ITA,Italy,2018,73,109,0.997845,0.8466189,0.8750383,0.9933377,1.131092,1.164115,Western Europe & North America
325,ITA,Italy,2019,74,100,0.9889675,0.8459802,0.8764635,0.9884108,1.101349,1.133189,Western Europe & North America
325,ITA,Italy,2020,75,97,0.8653545,0.7215074,0.7532529,0.8652266,0.9714457,1.00745,Western Europe & North America
325,ITA,Italy,2021,76,81,0.991519,0.8287306,0.8667,0.9884548,1.126186,1.157694,Western Europe & North America
325,ITA,Italy,2022,77,88,1.088145,0.9072541,0.9474849,1.088321,1.225676,1.267787,Western Europe & North America
325,ITA,Italy,2023,78,88,1.125335,0.9503898,0.9898798,1.122183,1.262617,1.304351,Western Europe & North America
325,ITA,Italy,2024,79,108,1.038481,0.8890717,0.919098,1.037203,1.159412,1.191118,Western Europe & North America
51,JAM,Jamaica,1991,46,74,0.02536596,-0.1639031,-0.1210039,0.02550721,0.1681474,0.2033358,Latin America & Caribbean
51,JAM,Jamaica,1992,47,74,-0.08175892,-0.2875659,-0.2358098,-0.08063199,0.06832284,0.1099441,Latin America & Caribbean
51,JAM,Jamaica,1993,48,64,0.005463923,-0.1909223,-0.1474918,0.006071714,0.1653975,0.2122062,Latin America & Caribbean
51,JAM,Jamaica,1994,49,65,-0.1001279,-0.3844372,-0.3191635,-0.09604477,0.1101856,0.1534327,Latin America & Caribbean
51,JAM,Jamaica,1995,50,66,-0.06166042,-0.2936724,-0.2324663,-0.0598487,0.1175006,0.1616309,Latin America & Caribbean
51,JAM,Jamaica,1996,51,73,-0.09099223,-0.3225713,-0.2713892,-0.08593836,0.08311329,0.1206469,Latin America & Caribbean
51,JAM,Jamaica,1997,52,73,-0.2294477,-0.4726195,-0.4211211,-0.2235787,-0.04728948,0.007352817,Latin America & Caribbean
51,JAM,Jamaica,1998,53,63,-0.2986421,-0.5669162,-0.5081541,-0.2909151,-0.1014291,-0.05052648,Latin America & Caribbean
51,JAM,Jamaica,1999,54,68,-0.3296791,-0.5533823,-0.499452,-0.3249818,-0.1649301,-0.1114755,Latin America & Caribbean
51,JAM,Jamaica,2000,55,66,-0.3279755,-0.5758015,-0.5239107,-0.3244176,-0.1408481,-0.07690909,Latin America & Caribbean
51,JAM,Jamaica,2001,56,65,-0.3790145,-0.6399338,-0.5720011,-0.3714531,-0.1950535,-0.1618507,Latin America & Caribbean
51,JAM,Jamaica,2002,57,76,-0.4926643,-0.7437993,-0.6874207,-0.4866816,-0.3091879,-0.2624822,Latin America & Caribbean
51,JAM,Jamaica,2003,58,78,-0.5006289,-0.7656082,-0.703244,-0.4989667,-0.3008948,-0.2496317,Latin America & Caribbean
51,JAM,Jamaica,2004,59,69,-0.5497952,-0.835223,-0.7786231,-0.5462298,-0.3170187,-0.2639994,Latin America & Caribbean
51,JAM,Jamaica,2005,60,75,-0.5905456,-0.8338938,-0.7784244,-0.5864961,-0.4026189,-0.356045,Latin America & Caribbean
51,JAM,Jamaica,2006,61,86,-0.5030739,-0.7335862,-0.6787529,-0.5000493,-0.32578,-0.2886637,Latin America & Caribbean
51,JAM,Jamaica,2007,62,78,-0.6009986,-0.875736,-0.8075171,-0.5966586,-0.395406,-0.3392701,Latin America & Caribbean
51,JAM,Jamaica,2008,63,76,-0.612906,-0.8792921,-0.8282799,-0.6053964,-0.4083445,-0.3656061,Latin America & Caribbean
51,JAM,Jamaica,2009,64,65,-0.3910014,-0.6155544,-0.56899,-0.3890375,-0.2203673,-0.1747317,Latin America & Caribbean
51,JAM,Jamaica,2010,65,71,-0.4213653,-0.6699268,-0.607885,-0.4098069,-0.2549529,-0.2160818,Latin America & Caribbean
51,JAM,Jamaica,2011,66,67,-0.3916957,-0.6247364,-0.5792268,-0.3797308,-0.2176024,-0.1756153,Latin America & Caribbean
51,JAM,Jamaica,2012,67,73,-0.4982872,-0.7708559,-0.6959596,-0.4896849,-0.3021014,-0.2599773,Latin America & Caribbean
51,JAM,Jamaica,2013,68,63,-0.4303768,-0.6750592,-0.6178549,-0.4239613,-0.2488062,-0.2073731,Latin America & Caribbean
51,JAM,Jamaica,2014,69,77,-0.5422398,-0.8158029,-0.7514999,-0.532674,-0.3504277,-0.3067507,Latin America & Caribbean
51,JAM,Jamaica,2015,70,77,-0.4544455,-0.7100363,-0.6424153,-0.4456862,-0.2794696,-0.2256112,Latin America & Caribbean
51,JAM,Jamaica,2016,71,80,-0.3714445,-0.6142246,-0.5537498,-0.3595687,-0.2003832,-0.1642046,Latin America & Caribbean
51,JAM,Jamaica,2017,72,92,-0.4396071,-0.705601,-0.6333944,-0.4262612,-0.2616932,-0.2162656,Latin America & Caribbean
51,JAM,Jamaica,2018,73,107,-0.3253116,-0.5078123,-0.4708455,-0.3227678,-0.1888113,-0.1500521,Latin America & Caribbean
51,JAM,Jamaica,2019,74,99,-0.4498719,-0.664371,-0.6178307,-0.4443814,-0.2821611,-0.2446151,Latin America & Caribbean
51,JAM,Jamaica,2020,75,93,-0.3764939,-0.609656,-0.5560377,-0.37111,-0.2133939,-0.1749349,Latin America & Caribbean
51,JAM,Jamaica,2021,76,86,-0.2985865,-0.5016783,-0.447306,-0.2917327,-0.1563152,-0.1164006,Latin America & Caribbean
51,JAM,Jamaica,2022,77,85,-0.2538643,-0.4193259,-0.3790883,-0.2524999,-0.1310279,-0.08866558,Latin America & Caribbean
51,JAM,Jamaica,2023,78,83,-0.2205975,-0.3945847,-0.3542767,-0.2190127,-0.08938536,-0.05561291,Latin America & Caribbean
51,JAM,Jamaica,2024,79,103,-0.2059209,-0.3477009,-0.3149399,-0.2066686,-0.09457522,-0.06931712,Latin America & Caribbean
740,JPN,Japan,1991,46,72,1.27189,1.122487,1.153487,1.272089,1.39157,1.437908,South & East Asia
740,JPN,Japan,1992,47,74,1.01126,0.8529938,0.8894586,1.008474,1.140031,1.176215,South & East Asia
740,JPN,Japan,1993,48,64,1.237327,1.042015,1.078409,1.24175,1.395468,1.436006,South & East Asia
740,JPN,Japan,1994,49,68,1.251596,1.038324,1.08884,1.251339,1.417358,1.46972,South & East Asia
740,JPN,Japan,1995,50,66,1.074434,0.8655404,0.9055901,1.070865,1.245102,1.289223,South & East Asia
740,JPN,Japan,1996,51,74,1.07573,0.8902547,0.9221345,1.07407,1.230777,1.267781,South & East Asia
740,JPN,Japan,1997,52,73,0.9454778,0.7567879,0.8044578,0.9420854,1.08678,1.13176,South & East Asia
740,JPN,Japan,1998,53,63,0.712368,0.5336255,0.5804251,0.7088877,0.8564049,0.8859691,South & East Asia
740,JPN,Japan,1999,54,70,0.7266375,0.5546305,0.5926714,0.7250738,0.860636,0.8985195,South & East Asia
740,JPN,Japan,2000,55,68,0.7417932,0.5762116,0.6087156,0.7392661,0.875968,0.9232125,South & East Asia
740,JPN,Japan,2001,56,69,0.7709697,0.6175165,0.6433329,0.7684888,0.9049607,0.9446625,South & East Asia
740,JPN,Japan,2002,57,76,0.7606874,0.607324,0.6342922,0.7652471,0.8880774,0.9203323,South & East Asia
740,JPN,Japan,2003,58,78,0.7102172,0.5553586,0.5931241,0.7060337,0.8250644,0.8671955,South & East Asia
740,JPN,Japan,2004,59,72,0.7534611,0.5991397,0.6327883,0.7536262,0.874927,0.9207275,South & East Asia
740,JPN,Japan,2005,60,75,0.6846586,0.5327089,0.5609598,0.6841946,0.8057106,0.8410727,South & East Asia
740,JPN,Japan,2006,61,88,0.8176628,0.6581915,0.6954687,0.8150673,0.9488985,0.9814415,South & East Asia
740,JPN,Japan,2007,62,79,0.5673164,0.4367894,0.4612469,0.5687358,0.6753787,0.7001419,South & East Asia
740,JPN,Japan,2008,63,77,0.5323734,0.3945843,0.4240175,0.5323136,0.642679,0.6767162,South & East Asia
740,JPN,Japan,2009,64,66,0.5866701,0.4441724,0.4738862,0.5832442,0.7008517,0.7348743,South & East Asia
740,JPN,Japan,2010,65,72,0.5945501,0.4515934,0.475776,0.5928892,0.7177614,0.7547852,South & East Asia
740,JPN,Japan,2011,66,69,0.629295,0.4665394,0.5144129,0.6286539,0.7521817,0.7905733,South & East Asia
740,JPN,Japan,2012,67,74,0.59733,0.4459602,0.4799927,0.6022472,0.7103678,0.7406247,South & East Asia
740,JPN,Japan,2013,68,64,0.6135823,0.4517594,0.4947077,0.6148087,0.7237193,0.7613347,South & East Asia
740,JPN,Japan,2014,69,77,0.8284861,0.675562,0.7082782,0.8283172,0.9503876,0.9788151,South & East Asia
740,JPN,Japan,2015,70,78,0.6567406,0.5327707,0.5533966,0.6559578,0.7601115,0.7928978,South & East Asia
740,JPN,Japan,2016,71,80,0.6587319,0.5197841,0.5530739,0.6596713,0.7645337,0.7949947,South & East Asia
740,JPN,Japan,2017,72,92,0.6148717,0.4813107,0.5108012,0.6184751,0.7132914,0.7400632,South & East Asia
740,JPN,Japan,2018,73,109,0.6947708,0.5689816,0.6005906,0.694378,0.7949181,0.8248286,South & East Asia
740,JPN,Japan,2019,74,100,0.6369491,0.5199964,0.5474164,0.6347829,0.7289017,0.7595835,South & East Asia
740,JPN,Japan,2020,75,97,0.613594,0.4940186,0.5185328,0.6128001,0.7086035,0.7365542,South & East Asia
740,JPN,Japan,2021,76,85,0.6681005,0.5460702,0.5727927,0.6658824,0.7620658,0.7987765,South & East Asia
740,JPN,Japan,2022,77,88,0.7370448,0.6001942,0.6324261,0.7388954,0.8423497,0.8694029,South & East Asia
740,JPN,Japan,2023,78,88,0.7244946,0.5919504,0.623775,0.7211166,0.8257362,0.8559666,South & East Asia
740,JPN,Japan,2024,79,108,0.7768267,0.6564138,0.6797052,0.7776824,0.8700054,0.8954752,South & East Asia
663,JOR,Jordan,1991,46,72,-0.9973291,-1.435,-1.328136,-0.9902714,-0.6752859,-0.5729197,MENA
663,JOR,Jordan,1992,47,74,-0.837344,-1.163558,-1.089841,-0.8365468,-0.5862907,-0.5192997,MENA
663,JOR,Jordan,1993,48,60,-0.8485918,-1.299536,-1.210175,-0.8348643,-0.5175792,-0.4190698,MENA
663,JOR,Jordan,1994,49,65,-0.9371893,-1.3095,-1.220623,-0.9337165,-0.6644284,-0.5667187,MENA
663,JOR,Jordan,1995,50,63,-0.7304965,-1.043511,-0.9793517,-0.7283593,-0.4812464,-0.4197039,MENA
663,JOR,Jordan,1996,51,71,-0.5731234,-0.8841749,-0.8150453,-0.567279,-0.3445586,-0.280378,MENA
663,JOR,Jordan,1997,52,69,-0.5184649,-0.8073446,-0.7362597,-0.5024375,-0.3174938,-0.2657554,MENA
663,JOR,Jordan,1998,53,63,-0.8607063,-1.247437,-1.138993,-0.8521473,-0.5903844,-0.4966802,MENA
663,JOR,Jordan,1999,54,64,-0.7562499,-1.088687,-1.01193,-0.7494209,-0.5166245,-0.4556912,MENA
663,JOR,Jordan,2000,55,66,-1.137019,-1.559994,-1.464938,-1.127738,-0.8218201,-0.7288993,MENA
663,JOR,Jordan,2001,56,68,-1.152035,-1.544102,-1.458886,-1.144781,-0.8518729,-0.7836756,MENA
663,JOR,Jordan,2002,57,75,-1.152627,-1.56062,-1.462342,-1.142484,-0.8510867,-0.779265,MENA
663,JOR,Jordan,2003,58,77,-1.211244,-1.61708,-1.523825,-1.203035,-0.9071974,-0.8226751,MENA
663,JOR,Jordan,2004,59,71,-0.6061662,-0.9177808,-0.8595113,-0.6010865,-0.365393,-0.3228291,MENA
663,JOR,Jordan,2005,60,73,-0.869689,-1.220977,-1.129432,-0.8546677,-0.6067066,-0.542113,MENA
663,JOR,Jordan,2006,61,84,-0.5122925,-0.7678072,-0.7022306,-0.5061587,-0.3277398,-0.2881121,MENA
663,JOR,Jordan,2007,62,78,-0.664242,-0.9481733,-0.8939952,-0.6607748,-0.4517756,-0.388434,MENA
663,JOR,Jordan,2008,63,76,-0.6932978,-0.9793252,-0.9064799,-0.6879933,-0.4888874,-0.4248527,MENA
663,JOR,Jordan,2009,64,66,-0.7290865,-1.01212,-0.9289471,-0.7277391,-0.5398615,-0.4714846,MENA
663,JOR,Jordan,2010,65,72,-0.5869284,-0.8574967,-0.7965935,-0.5821948,-0.377979,-0.329214,MENA
663,JOR,Jordan,2011,66,69,-0.6624013,-0.9316211,-0.8732872,-0.6547634,-0.4587505,-0.4156881,MENA
663,JOR,Jordan,2012,67,73,-0.6167172,-0.8961116,-0.8349002,-0.6108925,-0.3958071,-0.3429885,MENA
663,JOR,Jordan,2013,68,64,-0.5702974,-0.8528624,-0.7767782,-0.566147,-0.3689421,-0.315324,MENA
663,JOR,Jordan,2014,69,77,-0.603389,-0.8917624,-0.8204439,-0.5952417,-0.3922972,-0.3343752,MENA
663,JOR,Jordan,2015,70,78,-0.6056128,-0.9139433,-0.8229433,-0.5896605,-0.3954694,-0.352366,MENA
663,JOR,Jordan,2016,71,80,-0.8289811,-1.13425,-1.059996,-0.8283728,-0.5861838,-0.511931,MENA
663,JOR,Jordan,2017,72,92,-0.7320544,-1.056832,-0.9853649,-0.721551,-0.4983914,-0.4339843,MENA
663,JOR,Jordan,2018,73,105,-0.5923875,-0.8417581,-0.7890605,-0.5875885,-0.4147152,-0.3665447,MENA
663,JOR,Jordan,2019,74,95,-0.6627645,-0.919575,-0.8667812,-0.6582812,-0.4597739,-0.4156042,MENA
663,JOR,Jordan,2020,75,97,-0.5158465,-0.7682979,-0.7024658,-0.5085327,-0.3352933,-0.2879131,MENA
663,JOR,Jordan,2021,76,81,-0.5284982,-0.7786665,-0.7160942,-0.5232166,-0.3387383,-0.2917699,MENA
663,JOR,Jordan,2022,77,88,-0.485451,-0.6674018,-0.6345711,-0.4830874,-0.3473989,-0.3051197,MENA
663,JOR,Jordan,2023,78,86,-0.6233598,-0.8207516,-0.7806682,-0.623779,-0.4674954,-0.4324375,MENA
663,JOR,Jordan,2024,79,108,-0.6418613,-0.8127796,-0.778992,-0.6398301,-0.5081966,-0.471293,MENA
705,KAZ,Kazakhstan,1992,47,65,0.5933183,0.4246881,0.4609272,0.5921489,0.7236011,0.7594385,Other
705,KAZ,Kazakhstan,1993,48,61,0.5543234,0.3927476,0.4252179,0.5489457,0.6807539,0.7198838,Other
705,KAZ,Kazakhstan,1994,49,66,0.584463,0.4102885,0.4418903,0.5858959,0.7256555,0.7714712,Other
705,KAZ,Kazakhstan,1995,50,66,0.5841491,0.3869387,0.4335164,0.5865573,0.7284922,0.7718427,Other
705,KAZ,Kazakhstan,1996,51,73,0.5798418,0.400597,0.4439387,0.579488,0.7149306,0.7472234,Other
705,KAZ,Kazakhstan,1997,52,73,0.4207995,0.2564207,0.2907106,0.4242916,0.5500404,0.5876157,Other
705,KAZ,Kazakhstan,1998,53,62,0.3586981,0.188098,0.2204154,0.3598544,0.4944796,0.5232244,Other
705,KAZ,Kazakhstan,1999,54,60,0.4360538,0.2729394,0.3089568,0.4335662,0.5724477,0.6008002,Other
705,KAZ,Kazakhstan,2000,55,60,0.3973998,0.2359458,0.2675337,0.396589,0.5225499,0.5584994,Other
705,KAZ,Kazakhstan,2001,56,64,0.1993493,0.05692604,0.08377582,0.2030726,0.3092385,0.3452093,Other
705,KAZ,Kazakhstan,2002,57,72,0.1592847,0.01890034,0.04614576,0.1571049,0.2748576,0.3083151,Other
705,KAZ,Kazakhstan,2003,58,76,0.1307142,-0.01739106,0.01667699,0.1306082,0.2397607,0.2714778,Other
705,KAZ,Kazakhstan,2004,59,69,-0.03115734,-0.1878317,-0.1496152,-0.02869674,0.08937884,0.1178583,Other
705,KAZ,Kazakhstan,2005,60,75,-0.1525902,-0.3117003,-0.2758962,-0.1502799,-0.03110206,-0.000968831,Other
705,KAZ,Kazakhstan,2006,61,82,-0.1651223,-0.3246058,-0.2919584,-0.1611763,-0.04512875,-0.01365472,Other
705,KAZ,Kazakhstan,2007,62,79,-0.06566382,-0.2172276,-0.1784672,-0.0673386,0.05027614,0.08384182,Other
705,KAZ,Kazakhstan,2008,63,76,-0.06736255,-0.2219473,-0.192486,-0.05984002,0.0440493,0.07912735,Other
705,KAZ,Kazakhstan,2009,64,66,-0.1713898,-0.3432041,-0.2918891,-0.1698078,-0.04039506,-0.005258935,Other
705,KAZ,Kazakhstan,2010,65,72,-0.2372304,-0.427449,-0.3863667,-0.2373858,-0.09264436,-0.06077837,Other
705,KAZ,Kazakhstan,2011,66,68,-0.3444464,-0.5677081,-0.5175924,-0.3359861,-0.1836581,-0.1445264,Other
705,KAZ,Kazakhstan,2012,67,73,-0.3706731,-0.5777428,-0.5314488,-0.3653101,-0.2011657,-0.1566383,Other
705,KAZ,Kazakhstan,2013,68,63,-0.4910424,-0.7400062,-0.6817269,-0.484759,-0.3090221,-0.2487915,Other
705,KAZ,Kazakhstan,2014,69,75,-0.389856,-0.6243123,-0.5559649,-0.385597,-0.2277222,-0.1880531,Other
705,KAZ,Kazakhstan,2015,70,78,-0.5596855,-0.8152528,-0.7561931,-0.5539013,-0.3610689,-0.3071365,Other
705,KAZ,Kazakhstan,2016,71,80,-0.4190185,-0.6666922,-0.6035873,-0.4134324,-0.2391972,-0.1958562,Other
705,KAZ,Kazakhstan,2017,72,91,-0.5053809,-0.7605083,-0.6892823,-0.4964574,-0.3289821,-0.2870184,Other
705,KAZ,Kazakhstan,2018,73,107,-0.4957659,-0.7072278,-0.6551442,-0.4909353,-0.3415015,-0.2955427,Other
705,KAZ,Kazakhstan,2019,74,99,-0.61831,-0.8511522,-0.7982411,-0.6131844,-0.4403621,-0.3971495,Other
705,KAZ,Kazakhstan,2020,75,97,-0.5109174,-0.742175,-0.6868358,-0.507431,-0.3457049,-0.2913643,Other
705,KAZ,Kazakhstan,2021,76,84,-0.5017792,-0.722863,-0.6722091,-0.500857,-0.3323401,-0.2882042,Other
705,KAZ,Kazakhstan,2022,77,86,-0.8720002,-1.068986,-1.018658,-0.8632321,-0.7293498,-0.6923965,Other
705,KAZ,Kazakhstan,2023,78,81,-0.4269774,-0.622095,-0.5786632,-0.424035,-0.2821779,-0.2408339,Other
705,KAZ,Kazakhstan,2024,79,94,-0.5040914,-0.6917457,-0.64993,-0.5021662,-0.3611255,-0.3081574,Other
501,KEN,Kenya,1991,46,71,-0.3163139,-0.5968653,-0.5344144,-0.2981486,-0.1126525,-0.06127418,Sub-Saharan Africa
501,KEN,Kenya,1992,47,56,-0.2376331,-0.4908654,-0.439999,-0.2315136,-0.05362332,0.005545078,Sub-Saharan Africa
501,KEN,Kenya,1993,48,65,0.1144715,-0.06460528,-0.01977093,0.1143257,0.259225,0.2969689,Sub-Saharan Africa
501,KEN,Kenya,1994,49,68,-0.3836345,-0.683522,-0.6232404,-0.3780678,-0.1433637,-0.09477021,Sub-Saharan Africa
501,KEN,Kenya,1995,50,67,-0.2427579,-0.4834728,-0.4252228,-0.2360626,-0.06991518,-0.004410774,Sub-Saharan Africa
501,KEN,Kenya,1996,51,74,-0.2585789,-0.487271,-0.4410548,-0.2602989,-0.06630103,-0.02184514,Sub-Saharan Africa
501,KEN,Kenya,1997,52,73,-0.6097771,-0.9184272,-0.8350399,-0.604996,-0.3765437,-0.3118685,Sub-Saharan Africa
501,KEN,Kenya,1998,53,61,-0.4621568,-0.7490606,-0.6809521,-0.4574211,-0.2480923,-0.1904934,Sub-Saharan Africa
501,KEN,Kenya,1999,54,67,-0.5189635,-0.7935198,-0.7263918,-0.5140052,-0.3254644,-0.2816432,Sub-Saharan Africa
501,KEN,Kenya,2000,55,67,-0.3954055,-0.6666962,-0.6013412,-0.3896636,-0.1957023,-0.1584442,Sub-Saharan Africa
501,KEN,Kenya,2001,56,67,-0.5142983,-0.7681629,-0.7088798,-0.5042228,-0.3192035,-0.2852584,Sub-Saharan Africa
501,KEN,Kenya,2002,57,74,-0.5180893,-0.7924493,-0.720146,-0.5109124,-0.3117048,-0.2603435,Sub-Saharan Africa
501,KEN,Kenya,2003,58,77,-0.6526738,-0.9629275,-0.8882575,-0.6446181,-0.4217344,-0.3473604,Sub-Saharan Africa
501,KEN,Kenya,2004,59,72,-0.1593504,-0.3318937,-0.2998664,-0.153427,-0.02648539,0.01504857,Sub-Saharan Africa
501,KEN,Kenya,2005,60,70,-0.4713866,-0.6942964,-0.6428334,-0.4693971,-0.309587,-0.2688587,Sub-Saharan Africa
501,KEN,Kenya,2006,61,61,-0.3342803,-0.5348669,-0.4975626,-0.3340496,-0.1719339,-0.1218988,Sub-Saharan Africa
501,KEN,Kenya,2007,62,68,-0.3621718,-0.5851682,-0.5284666,-0.3541252,-0.1975149,-0.1581734,Sub-Saharan Africa
501,KEN,Kenya,2008,63,75,-0.5038799,-0.7571323,-0.6987514,-0.4973007,-0.3142114,-0.2756916,Sub-Saharan Africa
501,KEN,Kenya,2009,64,65,-0.4165772,-0.6384812,-0.5859723,-0.413384,-0.2463823,-0.2043635,Sub-Saharan Africa
501,KEN,Kenya,2010,65,67,-0.4800256,-0.7454229,-0.6875171,-0.4719093,-0.2816208,-0.2410345,Sub-Saharan Africa
501,KEN,Kenya,2011,66,67,-0.6874456,-0.9688816,-0.9023216,-0.6818951,-0.4811918,-0.4335108,Sub-Saharan Africa
501,KEN,Kenya,2012,67,69,-0.524632,-0.8032805,-0.7430994,-0.5116196,-0.3273441,-0.2821832,Sub-Saharan Africa
501,KEN,Kenya,2013,68,57,-0.4572009,-0.7114481,-0.6542262,-0.4531189,-0.2664837,-0.2198464,Sub-Saharan Africa
501,KEN,Kenya,2014,69,61,-0.4827436,-0.7277994,-0.6759218,-0.4824577,-0.3066413,-0.2487685,Sub-Saharan Africa
501,KEN,Kenya,2015,70,76,-0.5356347,-0.7871073,-0.7348007,-0.5210999,-0.3632804,-0.3176242,Sub-Saharan Africa
501,KEN,Kenya,2016,71,77,-0.7524707,-1.072629,-0.9979637,-0.7417601,-0.5142874,-0.4529087,Sub-Saharan Africa
501,KEN,Kenya,2017,72,87,-0.7389352,-1.073421,-0.9832883,-0.7293438,-0.5010278,-0.4509361,Sub-Saharan Africa
501,KEN,Kenya,2018,73,104,-0.6034747,-0.8272246,-0.7724839,-0.6022033,-0.4364192,-0.3939455,Sub-Saharan Africa
501,KEN,Kenya,2019,74,94,-0.4511013,-0.6554675,-0.6158868,-0.448173,-0.2906258,-0.2541056,Sub-Saharan Africa
501,KEN,Kenya,2020,75,86,-0.5623295,-0.8551751,-0.7887988,-0.5545273,-0.3376018,-0.2880899,Sub-Saharan Africa
501,KEN,Kenya,2021,76,78,-0.3178691,-0.5091951,-0.4683828,-0.3171629,-0.1811234,-0.1414939,Sub-Saharan Africa
501,KEN,Kenya,2022,77,83,-0.3629416,-0.547086,-0.503602,-0.3614894,-0.2231345,-0.1938329,Sub-Saharan Africa
501,KEN,Kenya,2023,78,87,-0.3578516,-0.5381597,-0.4936163,-0.3528198,-0.2278063,-0.1906233,Sub-Saharan Africa
501,KEN,Kenya,2024,79,105,-0.4965314,-0.6656633,-0.6235427,-0.4930521,-0.3646801,-0.3339699,Sub-Saharan Africa
946,KIR,Kiribati,2000,55,1,-0.01011631,-0.8863136,-0.6962987,-0.003258481,0.6616365,0.8566724,Other
946,KIR,Kiribati,2001,56,1,0.3564641,-0.4491684,-0.314602,0.3417695,1.033836,1.202599,Other
946,KIR,Kiribati,2002,57,6,-0.1752405,-1.18705,-0.9297387,-0.1148611,0.5119866,0.6404462,Other
946,KIR,Kiribati,2003,58,1,-0.2087655,-1.230669,-0.9984625,-0.1708274,0.4863735,0.6780243,Other
946,KIR,Kiribati,2004,59,2,0.3664159,-0.3870102,-0.2491035,0.3326435,1.014502,1.214561,Other
946,KIR,Kiribati,2005,60,2,0.3391336,-0.7063285,-0.4837291,0.3507052,1.11203,1.330169,Other
946,KIR,Kiribati,2006,61,4,0.390446,-0.3536516,-0.1545745,0.3872413,0.9734894,1.156713,Other
946,KIR,Kiribati,2007,62,4,0.6836917,0.02285557,0.1656371,0.6775625,1.229192,1.403006,Other
946,KIR,Kiribati,2008,63,3,0.8078802,0.1329508,0.2459964,0.8081256,1.355558,1.51491,Other
946,KIR,Kiribati,2009,64,4,0.8762212,0.110842,0.26866,0.8546078,1.486693,1.685696,Other
946,KIR,Kiribati,2010,65,4,0.923113,0.1723079,0.3014735,0.9043763,1.505866,1.666441,Other
946,KIR,Kiribati,2011,66,4,0.8785002,0.01181127,0.2459614,0.8836348,1.517249,1.690062,Other
946,KIR,Kiribati,2012,67,1,0.8489924,0.02049951,0.1860744,0.8504442,1.531549,1.693679,Other
946,KIR,Kiribati,2013,68,53,0.3519631,0.1978111,0.2356067,0.3556019,0.4686064,0.5073054,Other
946,KIR,Kiribati,2014,69,69,-0.1984033,-0.4166997,-0.3694992,-0.1886266,-0.03909903,0.007660051,Other
946,KIR,Kiribati,2015,70,61,-0.4017302,-0.6789988,-0.5980836,-0.3900231,-0.2235104,-0.1816259,Other
946,KIR,Kiribati,2016,71,72,-0.2468535,-0.4654395,-0.4177984,-0.2423817,-0.07828878,-0.03628931,Other
946,KIR,Kiribati,2017,72,41,-0.4582072,-0.7493007,-0.6930214,-0.4550625,-0.2196618,-0.1694993,Other
946,KIR,Kiribati,2018,73,41,0.4200464,0.257835,0.2928149,0.4183154,0.5496896,0.5795393,Other
946,KIR,Kiribati,2019,74,85,-0.0009474148,-0.1460735,-0.1198672,-0.0003085665,0.1125865,0.1480365,Other
946,KIR,Kiribati,2020,75,88,-0.05523874,-0.2226087,-0.1771099,-0.05565121,0.06804745,0.102847,Other
946,KIR,Kiribati,2021,76,74,-0.1914161,-0.3678168,-0.3285136,-0.1899503,-0.05536993,-0.01672224,Other
946,KIR,Kiribati,2022,77,70,-0.05038075,-0.2035119,-0.1713605,-0.05057384,0.07108499,0.1058665,Other
946,KIR,Kiribati,2023,78,81,0.04350854,-0.08972052,-0.05639834,0.0382608,0.1571606,0.1854,Other
946,KIR,Kiribati,2024,79,81,0.03048062,-0.1063874,-0.07969011,0.03306853,0.1352923,0.1690922,Other
690,KWT,Kuwait,1991,46,72,-0.6425248,-1.027572,-0.944208,-0.6331382,-0.3561595,-0.28452,MENA
690,KWT,Kuwait,1992,47,74,-0.3446979,-0.6154655,-0.5555536,-0.3438845,-0.1385704,-0.07686827,MENA
690,KWT,Kuwait,1993,48,62,-0.3301638,-0.6225545,-0.5497025,-0.3264015,-0.1181733,-0.05506831,MENA
690,KWT,Kuwait,1994,49,64,-0.3705094,-0.7144083,-0.6245048,-0.3612206,-0.1250112,-0.0608724,MENA
690,KWT,Kuwait,1995,50,65,-0.4206476,-0.738649,-0.675458,-0.4152065,-0.1817631,-0.1196425,MENA
690,KWT,Kuwait,1996,51,72,-0.3863991,-0.6785853,-0.6111166,-0.380401,-0.1759971,-0.118335,MENA
690,KWT,Kuwait,1997,52,71,-0.3558785,-0.6447106,-0.5767741,-0.344274,-0.1684011,-0.107753,MENA
690,KWT,Kuwait,1998,53,61,-0.5678727,-0.9200787,-0.8216737,-0.5623417,-0.3260211,-0.2565712,MENA
690,KWT,Kuwait,1999,54,69,-0.4682126,-0.7396956,-0.6653011,-0.462113,-0.2804655,-0.2218715,MENA
690,KWT,Kuwait,2000,55,66,-0.6214743,-0.940944,-0.8604318,-0.6163906,-0.3842343,-0.31568,MENA
690,KWT,Kuwait,2001,56,67,-0.617368,-0.9189329,-0.8393163,-0.6128261,-0.4097791,-0.3404484,MENA
690,KWT,Kuwait,2002,57,76,-0.516744,-0.7663591,-0.7162478,-0.5112576,-0.327932,-0.2751413,MENA
690,KWT,Kuwait,2003,58,75,-1.105594,-1.507058,-1.410532,-1.105731,-0.7941252,-0.7234337,MENA
690,KWT,Kuwait,2004,59,71,-0.9273817,-1.322075,-1.248869,-0.9121042,-0.6326055,-0.555739,MENA
690,KWT,Kuwait,2005,60,75,-1.041255,-1.413592,-1.333561,-1.023308,-0.7811212,-0.7174403,MENA
690,KWT,Kuwait,2006,61,88,-0.7604015,-1.049556,-0.9962095,-0.7546041,-0.5287985,-0.4844715,MENA
690,KWT,Kuwait,2007,62,79,-0.8258513,-1.137778,-1.067605,-0.8167193,-0.5868761,-0.5336898,MENA
690,KWT,Kuwait,2008,63,75,-1.024922,-1.35243,-1.269483,-1.020489,-0.7781784,-0.7213117,MENA
690,KWT,Kuwait,2009,64,66,-1.016664,-1.331371,-1.273854,-1.007891,-0.7818025,-0.7323329,MENA
690,KWT,Kuwait,2010,65,72,-0.849714,-1.178808,-1.114383,-0.8500822,-0.613789,-0.5405742,MENA
690,KWT,Kuwait,2011,66,69,-0.8624151,-1.151009,-1.083791,-0.8576534,-0.6481665,-0.5976712,MENA
690,KWT,Kuwait,2012,67,73,-1.018067,-1.33841,-1.253708,-1.015183,-0.7782725,-0.7231712,MENA
690,KWT,Kuwait,2013,68,64,-0.9496817,-1.256426,-1.172716,-0.9586975,-0.7033898,-0.6555498,MENA
690,KWT,Kuwait,2014,69,77,-0.904757,-1.205161,-1.130133,-0.8996758,-0.6834173,-0.6284068,MENA
690,KWT,Kuwait,2015,70,78,-0.9277381,-1.26069,-1.190231,-0.9211703,-0.6707523,-0.5984406,MENA
690,KWT,Kuwait,2016,71,80,-0.945963,-1.251549,-1.189457,-0.9397489,-0.7122608,-0.6490049,MENA
690,KWT,Kuwait,2017,72,90,-0.7170424,-1.039594,-0.9752774,-0.7176195,-0.470897,-0.4159405,MENA
690,KWT,Kuwait,2018,73,108,-0.7321247,-0.9691738,-0.9220817,-0.7252426,-0.5459139,-0.4980205,MENA
690,KWT,Kuwait,2019,74,99,-0.6480437,-0.9018524,-0.8386418,-0.6442745,-0.4533872,-0.4065294,MENA
690,KWT,Kuwait,2020,75,97,-0.6027181,-0.8588389,-0.7949835,-0.5923177,-0.4173631,-0.3773747,MENA
690,KWT,Kuwait,2021,76,85,-0.4855831,-0.7090396,-0.6645271,-0.4851212,-0.3103454,-0.2663065,MENA
690,KWT,Kuwait,2022,77,87,-0.454162,-0.6337815,-0.5918262,-0.4520103,-0.3244565,-0.281643,MENA
690,KWT,Kuwait,2023,78,88,-0.5503103,-0.7531759,-0.6956892,-0.5444676,-0.4024355,-0.3637659,MENA
690,KWT,Kuwait,2024,79,106,-0.5130812,-0.6869269,-0.64298,-0.5093804,-0.3832848,-0.3494484,MENA
703,KGZ,Kyrgyzstan,1992,47,16,0.7356528,0.4370824,0.5008664,0.727001,0.9885906,1.042802,Other
703,KGZ,Kyrgyzstan,1993,48,33,0.4026107,0.2170417,0.2476088,0.3981191,0.5524048,0.5994448,Other
703,KGZ,Kyrgyzstan,1994,49,52,0.1166096,-0.1217453,-0.07175335,0.1168253,0.2995853,0.3521681,Other
703,KGZ,Kyrgyzstan,1995,50,38,0.07848083,-0.173299,-0.1230141,0.07961811,0.2791349,0.3289794,Other
703,KGZ,Kyrgyzstan,1996,51,63,0.3548412,0.1733457,0.2162491,0.3534155,0.4968446,0.5334325,Other
703,KGZ,Kyrgyzstan,1997,52,66,0.3612415,0.1952862,0.228089,0.3625298,0.48724,0.5329804,Other
703,KGZ,Kyrgyzstan,1998,53,55,0.3901742,0.2089972,0.2497351,0.3893031,0.5332959,0.5723805,Other
703,KGZ,Kyrgyzstan,2000,55,63,0.1000585,-0.06299637,-0.02851478,0.1012203,0.2314186,0.2630038,Other
703,KGZ,Kyrgyzstan,2002,57,47,0.05750331,-0.1111235,-0.0714634,0.06171972,0.182,0.223471,Other
703,KGZ,Kyrgyzstan,2003,58,71,0.05815352,-0.1061641,-0.06733755,0.06191693,0.1832697,0.2172566,Other
703,KGZ,Kyrgyzstan,2004,59,64,-0.1359664,-0.3070089,-0.2708489,-0.1345824,-0.005751033,0.03566614,Other
703,KGZ,Kyrgyzstan,2005,60,73,-0.1850419,-0.34916,-0.304015,-0.1834246,-0.06174954,-0.03343367,Other
703,KGZ,Kyrgyzstan,2006,61,81,-0.2158725,-0.3733114,-0.3465721,-0.2094994,-0.09713205,-0.06731585,Other
703,KGZ,Kyrgyzstan,2007,62,75,-0.3481709,-0.5283738,-0.4958369,-0.3476169,-0.210057,-0.1808318,Other
703,KGZ,Kyrgyzstan,2008,63,75,-0.2216489,-0.3903508,-0.3518505,-0.2226817,-0.09129626,-0.05797838,Other
703,KGZ,Kyrgyzstan,2009,64,62,-0.2817011,-0.4794741,-0.4332011,-0.2758219,-0.1433048,-0.1119505,Other
703,KGZ,Kyrgyzstan,2010,65,67,-0.1699417,-0.3513434,-0.3135674,-0.1638032,-0.03719525,0.005843059,Other
703,KGZ,Kyrgyzstan,2011,66,66,-0.2332673,-0.4229624,-0.3783218,-0.2295759,-0.09429815,-0.05292098,Other
703,KGZ,Kyrgyzstan,2012,67,70,-0.1891376,-0.3761262,-0.332213,-0.1832855,-0.05849235,-0.02774589,Other
703,KGZ,Kyrgyzstan,2013,68,63,-0.6219255,-0.9149953,-0.8455274,-0.6130702,-0.4115,-0.352923,Other
703,KGZ,Kyrgyzstan,2014,69,74,-0.5365772,-0.7860743,-0.7293605,-0.5297167,-0.3568493,-0.2994269,Other
703,KGZ,Kyrgyzstan,2015,70,76,-0.742231,-1.04961,-0.9852543,-0.7368335,-0.5030655,-0.4603517,Other
703,KGZ,Kyrgyzstan,2016,71,74,-0.5887703,-0.8556722,-0.7979255,-0.5802757,-0.3833491,-0.3314673,Other
703,KGZ,Kyrgyzstan,2017,72,87,-0.580187,-0.8677421,-0.7998661,-0.561474,-0.3836572,-0.3423432,Other
703,KGZ,Kyrgyzstan,2018,73,96,-0.7528876,-1.000987,-0.9405908,-0.7533292,-0.5578196,-0.4961069,Other
703,KGZ,Kyrgyzstan,2019,74,90,-0.6760445,-0.9259317,-0.8605359,-0.670339,-0.4996376,-0.4532536,Other
703,KGZ,Kyrgyzstan,2020,75,91,-0.7147464,-0.9511549,-0.9065483,-0.7209178,-0.5108774,-0.4568546,Other
703,KGZ,Kyrgyzstan,2021,76,77,-0.7960831,-1.057822,-0.9999611,-0.788918,-0.5973646,-0.5328795,Other
703,KGZ,Kyrgyzstan,2022,77,84,-0.8255126,-1.031232,-0.9806653,-0.8247255,-0.6753466,-0.6308978,Other
703,KGZ,Kyrgyzstan,2023,78,83,-0.56684,-0.7594917,-0.7190149,-0.560338,-0.4158734,-0.3770508,Other
703,KGZ,Kyrgyzstan,2024,79,92,-0.7097313,-0.9234132,-0.8806598,-0.708238,-0.546723,-0.506277,Other
812,LAO,Laos,1991,46,72,-0.8263509,-1.158246,-1.086996,-0.8217741,-0.5691983,-0.4969888,South & East Asia
812,LAO,Laos,1992,47,71,-0.9489906,-1.314047,-1.214887,-0.9526585,-0.6771009,-0.6087117,South & East Asia
812,LAO,Laos,1993,48,59,-1.093041,-1.500791,-1.407485,-1.081493,-0.8014068,-0.71059,South & East Asia
812,LAO,Laos,1994,49,57,-1.362872,-1.788027,-1.692577,-1.362864,-1.026163,-0.9396897,South & East Asia
812,LAO,Laos,1995,50,59,-1.224621,-1.637997,-1.560529,-1.215343,-0.9097794,-0.8340868,South & East Asia
812,LAO,Laos,1996,51,63,-1.090771,-1.464091,-1.386819,-1.087943,-0.7998675,-0.7325319,South & East Asia
812,LAO,Laos,1997,52,66,-1.210135,-1.554356,-1.493037,-1.213283,-0.935975,-0.8664635,South & East Asia
812,LAO,Laos,1998,53,54,-1.052307,-1.510464,-1.406269,-1.048456,-0.6921607,-0.6140592,South & East Asia
812,LAO,Laos,1999,54,64,-1.101071,-1.467381,-1.384833,-1.093991,-0.8388847,-0.7554794,South & East Asia
812,LAO,Laos,2000,55,64,-1.12766,-1.520147,-1.435942,-1.121785,-0.8239804,-0.7609,South & East Asia
812,LAO,Laos,2001,56,63,-1.257134,-1.694175,-1.595768,-1.249494,-0.9143846,-0.8215522,South & East Asia
812,LAO,Laos,2002,57,63,-1.057539,-1.582435,-1.444366,-1.037575,-0.6896516,-0.5859841,South & East Asia
812,LAO,Laos,2003,58,71,-0.6386578,-0.9767588,-0.9008426,-0.617289,-0.3977499,-0.3412034,South & East Asia
812,LAO,Laos,2004,59,69,-0.7754795,-1.123966,-1.041955,-0.7716737,-0.508775,-0.4532581,South & East Asia
812,LAO,Laos,2005,60,69,-0.6302214,-0.8939442,-0.8387471,-0.6270375,-0.4375665,-0.3796284,South & East Asia
812,LAO,Laos,2006,61,81,-0.7719655,-1.061851,-1.012074,-0.7701929,-0.5530385,-0.4963695,South & East Asia
812,LAO,Laos,2007,62,77,-0.7765883,-1.075708,-1.004155,-0.7676004,-0.5599655,-0.5050448,South & East Asia
812,LAO,Laos,2008,63,70,-0.8883265,-1.217523,-1.141434,-0.8841911,-0.641228,-0.5870909,South & East Asia
812,LAO,Laos,2009,64,62,-0.8375296,-1.15774,-1.092389,-0.8317645,-0.5813134,-0.5206438,South & East Asia
812,LAO,Laos,2010,65,70,-0.8654186,-1.218283,-1.136696,-0.8557209,-0.6115128,-0.536817,South & East Asia
812,LAO,Laos,2011,66,66,-0.87755,-1.210323,-1.130085,-0.8696411,-0.6445992,-0.5819864,South & East Asia
812,LAO,Laos,2012,67,71,-0.7870787,-1.130743,-1.039762,-0.7852244,-0.5340967,-0.4718926,South & East Asia
812,LAO,Laos,2013,68,62,-0.9281166,-1.225619,-1.160623,-0.9223308,-0.7005655,-0.6433502,South & East Asia
812,LAO,Laos,2014,69,74,-1.063168,-1.405557,-1.332388,-1.060149,-0.7941129,-0.7103959,South & East Asia
812,LAO,Laos,2015,70,76,-1.175826,-1.530209,-1.459846,-1.181337,-0.8803811,-0.8046299,South & East Asia
812,LAO,Laos,2016,71,77,-0.9424005,-1.282029,-1.200292,-0.9363787,-0.684841,-0.6092799,South & East Asia
812,LAO,Laos,2017,72,90,-1.081432,-1.465929,-1.386415,-1.075911,-0.7956281,-0.71827,South & East Asia
812,LAO,Laos,2018,73,107,-0.9921322,-1.277466,-1.19953,-0.9899892,-0.7780012,-0.7227784,South & East Asia
812,LAO,Laos,2019,74,100,-0.8967882,-1.160651,-1.103719,-0.8944032,-0.6841443,-0.6331105,South & East Asia
812,LAO,Laos,2020,75,97,-0.8612875,-1.126922,-1.077066,-0.8528506,-0.6588227,-0.6009412,South & East Asia
812,LAO,Laos,2021,76,85,-0.7645682,-1.036434,-0.9704813,-0.7633061,-0.5702325,-0.5182059,South & East Asia
812,LAO,Laos,2022,77,87,-0.8727803,-1.077914,-1.029204,-0.8731749,-0.7175394,-0.6800882,South & East Asia
812,LAO,Laos,2023,78,87,-0.6669698,-0.8639182,-0.8261396,-0.668356,-0.5094289,-0.4669886,South & East Asia
812,LAO,Laos,2024,79,102,-0.6623736,-0.8264051,-0.7903582,-0.6638432,-0.5323135,-0.4958193,South & East Asia
367,LVA,Latvia,1991,46,64,1.228544,1.045067,1.08852,1.224437,1.369355,1.410939,Other
367,LVA,Latvia,1992,47,71,1.163503,0.9942488,1.034263,1.161917,1.293375,1.334889,Other
367,LVA,Latvia,1993,48,60,1.067697,0.8766115,0.9120043,1.064905,1.21577,1.267982,Other
367,LVA,Latvia,1994,49,63,1.322538,1.112525,1.164513,1.323094,1.486691,1.541473,Other
367,LVA,Latvia,1995,50,65,1.454677,1.194171,1.245419,1.448034,1.672108,1.72412,Other
367,LVA,Latvia,1996,51,69,1.225821,1.007027,1.052457,1.224402,1.396053,1.458117,Other
367,LVA,Latvia,1997,52,72,1.382131,1.154347,1.202931,1.370912,1.578579,1.642828,Other
367,LVA,Latvia,1998,53,62,1.160052,0.9319743,0.9722239,1.160278,1.336944,1.399612,Other
367,LVA,Latvia,1999,54,66,1.094342,0.869332,0.9190658,1.091829,1.271286,1.310515,Other
367,LVA,Latvia,2000,55,67,1.175262,0.9471638,1.000932,1.178415,1.350039,1.408424,Other
367,LVA,Latvia,2001,56,66,1.151294,0.9326405,0.9778908,1.148645,1.316181,1.376155,Other
367,LVA,Latvia,2002,57,74,1.067159,0.8746954,0.9156442,1.066492,1.223028,1.263716,Other
367,LVA,Latvia,2003,58,78,1.086364,0.8899285,0.935842,1.085931,1.230801,1.264613,Other
367,LVA,Latvia,2004,59,69,1.109645,0.912318,0.960417,1.106788,1.264619,1.311549,Other
367,LVA,Latvia,2005,60,75,1.096713,0.8891377,0.9328453,1.094876,1.263597,1.306136,Other
367,LVA,Latvia,2006,61,88,0.9616796,0.7743423,0.8101083,0.962742,1.118137,1.156472,Other
367,LVA,Latvia,2007,62,79,0.968977,0.7698452,0.8148269,0.9673009,1.120071,1.172746,Other
367,LVA,Latvia,2008,63,76,0.943726,0.7713832,0.8015784,0.9391867,1.090798,1.137161,Other
367,LVA,Latvia,2009,64,66,0.904028,0.7210621,0.7630111,0.8996837,1.054677,1.098584,Other
367,LVA,Latvia,2010,65,71,1.08925,0.9078332,0.9453044,1.089607,1.234832,1.273179,Other
367,LVA,Latvia,2011,66,68,0.9725252,0.7730505,0.8167968,0.9672088,1.134366,1.173276,Other
367,LVA,Latvia,2012,67,73,0.9837746,0.7944623,0.8300687,0.9800679,1.137647,1.187305,Other
367,LVA,Latvia,2013,68,61,0.9735713,0.7742226,0.8207507,0.9686883,1.144549,1.189797,Other
367,LVA,Latvia,2014,69,77,0.9748901,0.7961086,0.8341053,0.9699818,1.121978,1.16196,Other
367,LVA,Latvia,2015,70,78,1.050546,0.8629001,0.9051897,1.048844,1.199759,1.240257,Other
367,LVA,Latvia,2016,71,79,1.082411,0.8995841,0.9381784,1.077282,1.230428,1.260062,Other
367,LVA,Latvia,2017,72,93,1.015777,0.8439774,0.8821821,1.014068,1.151376,1.182185,Other
367,LVA,Latvia,2018,73,109,1.087508,0.9295274,0.9597492,1.090459,1.207871,1.246286,Other
367,LVA,Latvia,2019,74,100,1.074566,0.925924,0.9566919,1.070371,1.196271,1.22701,Other
367,LVA,Latvia,2020,75,97,1.111078,0.9459028,0.9818596,1.109302,1.241254,1.282881,Other
367,LVA,Latvia,2021,76,86,1.077364,0.9238189,0.9540035,1.074748,1.209993,1.244726,Other
367,LVA,Latvia,2022,77,88,1.108724,0.9316425,0.9692149,1.102993,1.254946,1.304908,Other
367,LVA,Latvia,2023,78,87,1.102787,0.9284767,0.9675887,1.101567,1.248206,1.286254,Other
367,LVA,Latvia,2024,79,108,1.145991,0.9748172,1.006992,1.14542,1.283874,1.315073,Other
660,LBN,Lebanon,1991,46,71,-0.7635363,-1.182038,-1.084731,-0.7515497,-0.4658794,-0.3885161,MENA
660,LBN,Lebanon,1992,47,69,-0.654925,-1.090724,-0.9893928,-0.6338085,-0.3442715,-0.2844115,MENA
660,LBN,Lebanon,1993,48,51,-1.0174,-1.504379,-1.38836,-1.009862,-0.648375,-0.5658894,MENA
660,LBN,Lebanon,1994,49,62,-0.9698273,-1.368717,-1.270606,-0.9714359,-0.6659808,-0.5975078,MENA
660,LBN,Lebanon,1995,50,64,-0.9050643,-1.267133,-1.200559,-0.8972537,-0.6370876,-0.576713,MENA
660,LBN,Lebanon,1996,51,71,-1.324664,-1.660399,-1.590835,-1.323784,-1.055466,-0.997469,MENA
660,LBN,Lebanon,1997,52,63,-0.9895086,-1.313121,-1.241445,-0.9947861,-0.7470749,-0.666448,MENA
660,LBN,Lebanon,1998,53,59,-1.262022,-1.701379,-1.591613,-1.261252,-0.9368829,-0.8359524,MENA
660,LBN,Lebanon,1999,54,67,-1.041054,-1.385877,-1.318086,-1.044895,-0.7730917,-0.7002922,MENA
660,LBN,Lebanon,2000,55,63,-0.9705474,-1.388257,-1.298327,-0.9693608,-0.6618645,-0.5851889,MENA
660,LBN,Lebanon,2001,56,69,-1.150124,-1.547038,-1.437504,-1.14729,-0.8479574,-0.7779823,MENA
660,LBN,Lebanon,2002,57,76,-1.079277,-1.482451,-1.389548,-1.071234,-0.7865915,-0.7071491,MENA
660,LBN,Lebanon,2003,58,77,-1.185825,-1.591435,-1.505024,-1.17977,-0.8693286,-0.7824849,MENA
660,LBN,Lebanon,2004,59,68,-1.05048,-1.463595,-1.379532,-1.046501,-0.7129745,-0.6381388,MENA
660,LBN,Lebanon,2005,60,68,-0.7266105,-1.051549,-0.9664444,-0.714992,-0.5059987,-0.4306493,MENA
660,LBN,Lebanon,2006,61,82,-0.7444499,-1.041244,-0.9689094,-0.7411817,-0.512023,-0.4564334,MENA
660,LBN,Lebanon,2007,62,78,-0.6906854,-0.9756003,-0.9043762,-0.6826671,-0.4721015,-0.4263643,MENA
660,LBN,Lebanon,2008,63,74,-0.7317093,-1.013199,-0.9533474,-0.7214903,-0.5224897,-0.4720472,MENA
660,LBN,Lebanon,2009,64,64,-0.773069,-1.046773,-0.9868705,-0.7723599,-0.5568111,-0.5037855,MENA
660,LBN,Lebanon,2010,65,71,-0.8172521,-1.150646,-1.083016,-0.8085216,-0.5769938,-0.5141231,MENA
660,LBN,Lebanon,2011,66,68,-0.9504452,-1.266154,-1.178837,-0.9485412,-0.7225931,-0.659013,MENA
660,LBN,Lebanon,2012,67,73,-1.067574,-1.365553,-1.303998,-1.067733,-0.8273571,-0.7574271,MENA
660,LBN,Lebanon,2013,68,63,-0.8984158,-1.197717,-1.129645,-0.8957082,-0.675715,-0.615687,MENA
660,LBN,Lebanon,2014,69,76,-0.9951165,-1.311183,-1.240974,-0.9888707,-0.7626024,-0.6933158,MENA
660,LBN,Lebanon,2015,70,78,-0.7893003,-1.093209,-1.034015,-0.7791813,-0.5674709,-0.4975353,MENA
660,LBN,Lebanon,2016,71,78,-1.166075,-1.520768,-1.440872,-1.15645,-0.8965576,-0.8337931,MENA
660,LBN,Lebanon,2017,72,90,-1.031501,-1.391676,-1.319263,-1.028033,-0.75034,-0.6680353,MENA
660,LBN,Lebanon,2018,73,105,-0.9467293,-1.23992,-1.169187,-0.9414922,-0.7264364,-0.6645689,MENA
660,LBN,Lebanon,2019,74,96,-0.9541146,-1.266429,-1.187941,-0.9493459,-0.7231922,-0.6527683,MENA
660,LBN,Lebanon,2020,75,96,-0.914473,-1.208365,-1.136536,-0.9078895,-0.6937918,-0.6345409,MENA
660,LBN,Lebanon,2021,76,84,-0.5902514,-0.8376876,-0.7701647,-0.5919216,-0.4107868,-0.3632722,MENA
660,LBN,Lebanon,2022,77,85,-0.7244229,-0.9414808,-0.891751,-0.7181298,-0.5621094,-0.5213876,MENA
660,LBN,Lebanon,2023,78,86,-0.7501144,-0.9522772,-0.9128595,-0.7464428,-0.5923807,-0.546537,MENA
660,LBN,Lebanon,2024,79,106,-0.8036564,-0.9988839,-0.9510441,-0.8031533,-0.6589131,-0.6168429,MENA
570,LSO,Lesotho,1991,46,72,-0.2394208,-0.4882072,-0.42763,-0.2364845,-0.0600099,-0.01224706,Sub-Saharan Africa
570,LSO,Lesotho,1992,47,56,-0.3087218,-0.5647915,-0.5152506,-0.3052979,-0.1037621,-0.05709184,Sub-Saharan Africa
570,LSO,Lesotho,1993,48,64,-0.5769156,-0.8749545,-0.8140293,-0.5691036,-0.3404338,-0.2823173,Sub-Saharan Africa
570,LSO,Lesotho,1994,49,58,-0.9980088,-1.359271,-1.283294,-1.000297,-0.7059215,-0.6202031,Sub-Saharan Africa
570,LSO,Lesotho,1995,50,52,-0.1445403,-0.3839572,-0.3275849,-0.1447041,0.04508008,0.1030472,Sub-Saharan Africa
570,LSO,Lesotho,1996,51,38,-0.3032601,-0.6185445,-0.5644043,-0.3031184,-0.05453812,0.01442157,Sub-Saharan Africa
570,LSO,Lesotho,1997,52,23,-0.7721809,-1.154985,-1.06327,-0.7623622,-0.4831163,-0.4008323,Sub-Saharan Africa
570,LSO,Lesotho,1998,53,34,-0.4065695,-0.7665356,-0.6879477,-0.3906387,-0.1498205,-0.07494897,Sub-Saharan Africa
570,LSO,Lesotho,1999,54,5,-0.4044123,-0.9695791,-0.8202521,-0.405795,0.002437599,0.1319586,Sub-Saharan Africa
570,LSO,Lesotho,2000,55,40,-0.4121079,-0.7025115,-0.6373586,-0.4102554,-0.1941333,-0.1221678,Sub-Saharan Africa
570,LSO,Lesotho,2001,56,20,-0.476935,-0.9115142,-0.7951724,-0.4722576,-0.1804943,-0.08327601,Sub-Saharan Africa
570,LSO,Lesotho,2002,57,71,-0.4796386,-0.7608709,-0.6866311,-0.4773507,-0.2822172,-0.2329142,Sub-Saharan Africa
570,LSO,Lesotho,2003,58,77,-0.7036947,-1.01894,-0.9476127,-0.6984604,-0.4781772,-0.4226606,Sub-Saharan Africa
570,LSO,Lesotho,2004,59,69,-0.5885368,-0.8955829,-0.823872,-0.5733838,-0.3668957,-0.3108639,Sub-Saharan Africa
570,LSO,Lesotho,2005,60,73,-0.5127673,-0.7546154,-0.6917361,-0.5115362,-0.341314,-0.2947017,Sub-Saharan Africa
570,LSO,Lesotho,2006,61,84,-0.5101258,-0.7591796,-0.697095,-0.502592,-0.3306102,-0.2838136,Sub-Saharan Africa
570,LSO,Lesotho,2007,62,78,-0.5849325,-0.8557173,-0.7998189,-0.5761662,-0.3910325,-0.3403878,Sub-Saharan Africa
570,LSO,Lesotho,2008,63,72,-0.6073551,-0.8873527,-0.8140242,-0.6045029,-0.4082591,-0.3680829,Sub-Saharan Africa
570,LSO,Lesotho,2009,64,62,-0.4866277,-0.7458299,-0.6838284,-0.4752083,-0.2909305,-0.2448433,Sub-Saharan Africa
570,LSO,Lesotho,2010,65,68,-0.511697,-0.7564164,-0.6978345,-0.5051621,-0.3256368,-0.2760897,Sub-Saharan Africa
570,LSO,Lesotho,2011,66,63,-0.6835209,-0.9887346,-0.9167746,-0.6737406,-0.4623944,-0.4127352,Sub-Saharan Africa
570,LSO,Lesotho,2012,67,69,-0.5080394,-0.7635759,-0.7089374,-0.5035074,-0.3202495,-0.2740689,Sub-Saharan Africa
570,LSO,Lesotho,2013,68,62,-0.6488962,-0.9373022,-0.8591678,-0.6537762,-0.4332296,-0.366108,Sub-Saharan Africa
570,LSO,Lesotho,2014,69,66,-0.7295194,-1.037533,-0.9826939,-0.7240511,-0.4861097,-0.4334655,Sub-Saharan Africa
570,LSO,Lesotho,2015,70,65,-0.5101905,-0.7826804,-0.7218162,-0.4968963,-0.3214013,-0.2739081,Sub-Saharan Africa
570,LSO,Lesotho,2016,71,78,-0.7098766,-1.036639,-0.9602807,-0.698715,-0.4669724,-0.4238727,Sub-Saharan Africa
570,LSO,Lesotho,2017,72,87,-0.7287456,-1.069519,-0.9886453,-0.7137543,-0.4824894,-0.4355324,Sub-Saharan Africa
570,LSO,Lesotho,2018,73,91,-0.3353302,-0.5446803,-0.497427,-0.3266985,-0.1764504,-0.1431822,Sub-Saharan Africa
570,LSO,Lesotho,2019,74,91,-0.3866367,-0.6066168,-0.5379104,-0.380475,-0.2367086,-0.1987451,Sub-Saharan Africa
570,LSO,Lesotho,2020,75,90,-0.3042331,-0.5244337,-0.4722589,-0.2997143,-0.1440976,-0.1054679,Sub-Saharan Africa
570,LSO,Lesotho,2021,76,78,-0.3126326,-0.4954447,-0.4607056,-0.3080523,-0.1716614,-0.1216668,Sub-Saharan Africa
570,LSO,Lesotho,2022,77,80,-0.3633119,-0.5475809,-0.5098364,-0.3580112,-0.2243784,-0.1787047,Sub-Saharan Africa
570,LSO,Lesotho,2023,78,78,-0.488435,-0.6951914,-0.6563671,-0.4831694,-0.3277013,-0.2862918,Sub-Saharan Africa
570,LSO,Lesotho,2024,79,98,-0.3090528,-0.4633329,-0.4334882,-0.3082284,-0.1846837,-0.1477639,Sub-Saharan Africa
450,LBR,Liberia,1991,46,70,-0.2122516,-0.4524625,-0.398716,-0.2009102,-0.03533644,0.01006746,Sub-Saharan Africa
450,LBR,Liberia,1992,47,69,-0.4428649,-0.7307275,-0.6765744,-0.438807,-0.223458,-0.1577333,Sub-Saharan Africa
450,LBR,Liberia,1996,51,55,-0.5607845,-0.8837666,-0.8073863,-0.5595519,-0.2995222,-0.2428827,Sub-Saharan Africa
450,LBR,Liberia,1997,52,72,-0.4307997,-0.7101427,-0.6399589,-0.4219608,-0.2343008,-0.1903359,Sub-Saharan Africa
450,LBR,Liberia,1998,53,2,-0.4072212,-0.7464747,-0.6638768,-0.3923047,-0.160446,-0.09594989,Sub-Saharan Africa
450,LBR,Liberia,2004,59,56,-0.3907147,-0.6518904,-0.5983874,-0.3796078,-0.2077005,-0.1497692,Sub-Saharan Africa
450,LBR,Liberia,2005,60,53,-0.4078295,-0.7284335,-0.6471978,-0.4026241,-0.1779134,-0.1300207,Sub-Saharan Africa
450,LBR,Liberia,2006,61,66,-0.4095638,-0.6598332,-0.5950328,-0.401806,-0.2337857,-0.1938457,Sub-Saharan Africa
450,LBR,Liberia,2007,62,55,-0.3438719,-0.5763011,-0.522045,-0.3395956,-0.1656546,-0.1185643,Sub-Saharan Africa
450,LBR,Liberia,2008,63,69,-0.1529968,-0.3348596,-0.2935672,-0.1495523,-0.01901295,0.01051916,Sub-Saharan Africa
450,LBR,Liberia,2009,64,59,-0.1434481,-0.3279022,-0.2813623,-0.1392708,-0.01243213,0.01970244,Sub-Saharan Africa
450,LBR,Liberia,2010,65,71,-0.2363531,-0.4388342,-0.3830081,-0.2302366,-0.09051018,-0.05380738,Sub-Saharan Africa
450,LBR,Liberia,2011,66,64,-0.3162506,-0.5399329,-0.4870565,-0.3111789,-0.1533504,-0.1048434,Sub-Saharan Africa
450,LBR,Liberia,2012,67,71,-0.09562096,-0.27166,-0.2266254,-0.09125429,0.03753488,0.07351787,Sub-Saharan Africa
450,LBR,Liberia,2013,68,59,-0.3223401,-0.5446637,-0.5011452,-0.3157806,-0.1681777,-0.1294616,Sub-Saharan Africa
450,LBR,Liberia,2014,69,73,-0.1019625,-0.2729491,-0.2360068,-0.09886299,0.03008534,0.06549095,Sub-Saharan Africa
450,LBR,Liberia,2015,70,76,-0.06011614,-0.2151593,-0.1829859,-0.05910416,0.05776565,0.08682059,Sub-Saharan Africa
450,LBR,Liberia,2016,71,69,-0.2681709,-0.5022313,-0.4459458,-0.2645594,-0.1020681,-0.06224705,Sub-Saharan Africa
450,LBR,Liberia,2017,72,66,-0.235306,-0.4545104,-0.4018606,-0.2331419,-0.0693318,-0.02723682,Sub-Saharan Africa
450,LBR,Liberia,2018,73,84,0.1705019,0.03280589,0.06045059,0.1704858,0.2796523,0.3067569,Sub-Saharan Africa
450,LBR,Liberia,2019,74,45,0.3310337,0.1755184,0.2169853,0.3310371,0.4500111,0.4867676,Sub-Saharan Africa
450,LBR,Liberia,2020,75,60,0.2100229,0.04323048,0.07640703,0.2114542,0.3347012,0.3696101,Sub-Saharan Africa
450,LBR,Liberia,2021,76,50,0.2965674,0.1378273,0.172081,0.2938905,0.4276879,0.4592647,Sub-Saharan Africa
450,LBR,Liberia,2022,77,61,1.024366,0.8614883,0.8966661,1.02371,1.155296,1.195812,Sub-Saharan Africa
450,LBR,Liberia,2023,78,21,0.4039408,0.04137479,0.1035305,0.4022418,0.7075627,0.7951568,Sub-Saharan Africa
450,LBR,Liberia,2024,79,84,0.1146137,-0.01408963,0.01113599,0.1172509,0.2147375,0.2394436,Sub-Saharan Africa
620,LBY,Libya,1991,46,71,-0.9145065,-1.392931,-1.269942,-0.89569,-0.5655258,-0.4889686,MENA
620,LBY,Libya,1992,47,73,-1.223807,-1.61493,-1.529552,-1.22218,-0.928964,-0.8696381,MENA
620,LBY,Libya,1993,48,64,-1.501649,-1.909664,-1.816002,-1.49251,-1.186217,-1.107358,MENA
620,LBY,Libya,1994,49,68,-1.708545,-2.133269,-2.014557,-1.706638,-1.409472,-1.321227,MENA
620,LBY,Libya,1995,50,66,-2.079524,-2.494808,-2.394733,-2.073655,-1.766161,-1.676999,MENA
620,LBY,Libya,1996,51,73,-1.947087,-2.372702,-2.245716,-1.9375,-1.65653,-1.572841,MENA
620,LBY,Libya,1997,52,71,-1.934388,-2.3206,-2.239891,-1.929067,-1.647554,-1.575204,MENA
620,LBY,Libya,1998,53,62,-1.513616,-1.947906,-1.85769,-1.516722,-1.183199,-1.066476,MENA
620,LBY,Libya,1999,54,68,-1.373774,-1.730979,-1.661217,-1.367727,-1.102775,-1.016844,MENA
620,LBY,Libya,2000,55,68,-1.666978,-2.072197,-1.993355,-1.657281,-1.359388,-1.284201,MENA
620,LBY,Libya,2001,56,69,-1.572599,-1.977069,-1.890538,-1.571114,-1.26347,-1.157602,MENA
620,LBY,Libya,2002,57,76,-1.547231,-1.993511,-1.877466,-1.535143,-1.238768,-1.154104,MENA
620,LBY,Libya,2003,58,78,-1.452724,-1.892046,-1.802624,-1.442759,-1.133987,-1.030324,MENA
620,LBY,Libya,2004,59,70,-1.195893,-1.634402,-1.527422,-1.190196,-0.8398156,-0.7697353,MENA
620,LBY,Libya,2005,60,75,-1.140241,-1.495694,-1.428681,-1.133432,-0.8635631,-0.780719,MENA
620,LBY,Libya,2006,61,87,-1.408684,-1.895758,-1.775135,-1.396361,-1.073967,-1.000373,MENA
620,LBY,Libya,2007,62,79,-1.440668,-1.89953,-1.788984,-1.431991,-1.107339,-1.025744,MENA
620,LBY,Libya,2008,63,76,-1.426719,-1.869727,-1.748474,-1.41277,-1.137283,-1.055215,MENA
620,LBY,Libya,2009,64,65,-1.325335,-1.690493,-1.598814,-1.317279,-1.05758,-0.995176,MENA
620,LBY,Libya,2010,65,71,-1.190503,-1.577344,-1.484228,-1.180369,-0.9103135,-0.8488729,MENA
620,LBY,Libya,2011,66,61,-0.6054349,-0.87269,-0.8117009,-0.5987686,-0.40259,-0.3517882,MENA
620,LBY,Libya,2012,67,74,-0.6014961,-0.8700751,-0.8127902,-0.5992491,-0.3910556,-0.3351694,MENA
620,LBY,Libya,2013,68,64,-0.6672499,-0.9609842,-0.890358,-0.6613925,-0.445245,-0.3943884,MENA
620,LBY,Libya,2014,69,76,-0.5182432,-0.7806035,-0.7091288,-0.5124887,-0.3299496,-0.2848858,MENA
620,LBY,Libya,2015,70,75,-0.7462732,-1.067491,-0.9989177,-0.7424724,-0.5053344,-0.4587907,MENA
620,LBY,Libya,2016,71,78,-0.8242595,-1.157485,-1.086545,-0.8118981,-0.5818541,-0.5258286,MENA
620,LBY,Libya,2017,72,88,-0.7874832,-1.130822,-1.058164,-0.7782263,-0.5180545,-0.4707339,MENA
620,LBY,Libya,2018,73,98,-0.5772355,-0.8487781,-0.7788984,-0.5674277,-0.3843377,-0.3306693,MENA
620,LBY,Libya,2019,74,97,-0.4184125,-0.6480581,-0.585938,-0.4103157,-0.2633102,-0.2199842,MENA
620,LBY,Libya,2020,75,96,-0.4928499,-0.7179503,-0.6704833,-0.482754,-0.3222487,-0.2829136,MENA
620,LBY,Libya,2021,76,84,-0.6519974,-0.9075118,-0.8407436,-0.6506748,-0.4645648,-0.4010825,MENA
620,LBY,Libya,2022,77,87,-0.5644655,-0.7453195,-0.7068705,-0.5678829,-0.4203385,-0.3819547,MENA
620,LBY,Libya,2023,78,82,-0.6728531,-0.8842831,-0.8405037,-0.6716335,-0.5091187,-0.4693844,MENA
620,LBY,Libya,2024,79,97,-0.7901278,-1.012799,-0.9588984,-0.7869909,-0.6240637,-0.5746003,MENA
223,LIE,Liechtenstein,1991,46,74,1.086522,0.9339834,0.9623452,1.085952,1.209356,1.247789,Other
223,LIE,Liechtenstein,1992,47,75,1.130998,0.9640058,0.9938251,1.129232,1.25408,1.301828,Other
223,LIE,Liechtenstein,1993,48,65,1.222215,1.019349,1.065895,1.221012,1.380382,1.419932,Other
223,LIE,Liechtenstein,1994,49,68,1.120254,0.9162269,0.9622216,1.121512,1.2845,1.333776,Other
223,LIE,Liechtenstein,1995,50,67,1.140821,0.9206653,0.9697121,1.134646,1.324043,1.368381,Other
223,LIE,Liechtenstein,1996,51,74,1.080646,0.881511,0.9309779,1.079339,1.234332,1.285259,Other
223,LIE,Liechtenstein,1997,52,73,1.161388,0.9559421,1.003211,1.155743,1.33131,1.368316,Other
223,LIE,Liechtenstein,1998,53,62,1.025042,0.8012818,0.8469479,1.021307,1.203577,1.240965,Other
223,LIE,Liechtenstein,1999,54,69,1.050916,0.8304929,0.8789189,1.04865,1.225739,1.265432,Other
223,LIE,Liechtenstein,2000,55,68,0.9569057,0.7526311,0.7935854,0.9577478,1.120986,1.165919,Other
223,LIE,Liechtenstein,2001,56,68,1.003251,0.8037464,0.8459882,1.001957,1.177502,1.211949,Other
223,LIE,Liechtenstein,2002,57,76,0.8712225,0.7047021,0.7367243,0.8643515,1.017475,1.048784,Other
223,LIE,Liechtenstein,2003,58,78,0.8942241,0.7187987,0.7608858,0.8939633,1.030477,1.083495,Other
223,LIE,Liechtenstein,2004,59,72,0.8412626,0.6594618,0.7015629,0.8377866,0.988365,1.029525,Other
223,LIE,Liechtenstein,2005,60,74,0.9343743,0.7487284,0.7796307,0.9307626,1.087322,1.136416,Other
223,LIE,Liechtenstein,2006,61,88,0.800269,0.6306325,0.6665125,0.7984113,0.9332962,0.9690691,Other
223,LIE,Liechtenstein,2007,62,79,0.7331253,0.5875028,0.6195623,0.7314346,0.8546486,0.8880918,Other
223,LIE,Liechtenstein,2008,63,77,0.6814032,0.5182984,0.5561849,0.6785124,0.8168313,0.8557959,Other
223,LIE,Liechtenstein,2009,64,66,0.8628199,0.698691,0.7340117,0.8588599,1.004915,1.04428,Other
223,LIE,Liechtenstein,2010,65,72,0.7519651,0.5712025,0.6176578,0.7514929,0.885748,0.9304172,Other
223,LIE,Liechtenstein,2011,66,69,0.7230168,0.5547412,0.5887325,0.7248393,0.8537135,0.893107,Other
223,LIE,Liechtenstein,2012,67,74,0.7505522,0.5736244,0.6101768,0.7461254,0.8989672,0.9414722,Other
223,LIE,Liechtenstein,2013,68,62,0.7784552,0.5944658,0.6379618,0.7731514,0.9242407,0.9592415,Other
223,LIE,Liechtenstein,2014,69,77,0.7794946,0.6148053,0.6509835,0.7807216,0.9090198,0.9428697,Other
223,LIE,Liechtenstein,2015,70,78,0.7251686,0.5710461,0.6028824,0.7207251,0.8522782,0.8873169,Other
223,LIE,Liechtenstein,2016,71,79,0.6137702,0.4736425,0.5020667,0.6121279,0.7357195,0.7649791,Other
223,LIE,Liechtenstein,2017,72,93,0.5955048,0.4577789,0.4869022,0.595414,0.7059876,0.7401332,Other
223,LIE,Liechtenstein,2018,73,108,0.6492963,0.5162262,0.5457636,0.6497395,0.7539678,0.7799117,Other
223,LIE,Liechtenstein,2019,74,100,0.6779276,0.5538699,0.5824039,0.675122,0.7780574,0.8025255,Other
223,LIE,Liechtenstein,2020,75,97,0.7012341,0.5750207,0.6011442,0.6980017,0.8081427,0.8405343,Other
223,LIE,Liechtenstein,2021,76,86,0.6123317,0.4839072,0.5144899,0.610376,0.7154779,0.7413494,Other
223,LIE,Liechtenstein,2022,77,88,0.7505682,0.6089855,0.640372,0.7487059,0.8615746,0.8936549,Other
223,LIE,Liechtenstein,2023,78,88,0.7294616,0.5973176,0.6203266,0.7272806,0.844757,0.8802252,Other
223,LIE,Liechtenstein,2024,79,108,0.7587576,0.6311614,0.6584536,0.7562901,0.8650356,0.8926138,Other
368,LTU,Lithuania,1991,46,71,1.158322,0.9992911,1.030615,1.154808,1.290016,1.326393,Other
368,LTU,Lithuania,1992,47,71,1.12322,0.9527646,0.9868694,1.125254,1.267792,1.305155,Other
368,LTU,Lithuania,1993,48,59,1.086932,0.8984033,0.939033,1.083235,1.24467,1.29299,Other
368,LTU,Lithuania,1994,49,60,1.288223,1.061521,1.104042,1.285307,1.478861,1.523031,Other
368,LTU,Lithuania,1995,50,66,1.39233,1.15039,1.190886,1.392906,1.589112,1.638652,Other
368,LTU,Lithuania,1996,51,73,1.437206,1.208335,1.252972,1.42798,1.632258,1.685265,Other
368,LTU,Lithuania,1997,52,73,1.352305,1.120691,1.174958,1.354617,1.532148,1.592652,Other
368,LTU,Lithuania,1998,53,63,1.155654,0.9196368,0.972645,1.155072,1.336934,1.386688,Other
368,LTU,Lithuania,1999,54,70,1.1273,0.916859,0.9555396,1.12371,1.304737,1.34545,Other
368,LTU,Lithuania,2000,55,68,1.139307,0.9163299,0.9718244,1.135091,1.313873,1.365256,Other
368,LTU,Lithuania,2001,56,67,1.10834,0.8910239,0.9355764,1.106662,1.283809,1.331008,Other
368,LTU,Lithuania,2002,57,76,1.060548,0.8789403,0.9118543,1.059776,1.213505,1.251733,Other
368,LTU,Lithuania,2003,58,78,1.090946,0.8976804,0.9363412,1.088345,1.239319,1.286359,Other
368,LTU,Lithuania,2004,59,72,0.9398939,0.75543,0.798064,0.9351271,1.087542,1.127202,Other
368,LTU,Lithuania,2005,60,75,0.9666548,0.7707583,0.8148304,0.9607381,1.124477,1.171483,Other
368,LTU,Lithuania,2006,61,88,0.9492896,0.7676419,0.7948001,0.9483805,1.100386,1.140141,Other
368,LTU,Lithuania,2007,62,79,0.9485118,0.7498225,0.7897117,0.9502298,1.09883,1.141636,Other
368,LTU,Lithuania,2008,63,77,1.007068,0.8184087,0.8589296,1.005563,1.153874,1.196975,Other
368,LTU,Lithuania,2009,64,66,0.9701536,0.7939874,0.8365035,0.9662079,1.118293,1.163896,Other
368,LTU,Lithuania,2010,65,72,1.088338,0.9129034,0.9441813,1.08929,1.22902,1.276193,Other
368,LTU,Lithuania,2011,66,69,0.9674242,0.7566263,0.8116557,0.9692482,1.117575,1.182124,Other
368,LTU,Lithuania,2012,67,74,0.9788635,0.7865654,0.8280285,0.9741984,1.135976,1.185472,Other
368,LTU,Lithuania,2013,68,64,0.9461704,0.7600216,0.7927185,0.9474782,1.1107,1.148325,Other
368,LTU,Lithuania,2014,69,76,0.9770661,0.8021034,0.8425239,0.9798942,1.113363,1.158776,Other
368,LTU,Lithuania,2015,70,78,1.075025,0.903635,0.9410362,1.077121,1.211688,1.252069,Other
368,LTU,Lithuania,2016,71,80,1.094795,0.8958014,0.9421051,1.092094,1.23956,1.294419,Other
368,LTU,Lithuania,2017,72,93,1.041209,0.8802042,0.9074708,1.042495,1.170569,1.212652,Other
368,LTU,Lithuania,2018,73,109,1.108291,0.9487295,0.9808756,1.107354,1.234571,1.269049,Other
368,LTU,Lithuania,2019,74,100,1.110157,0.947869,0.9857688,1.108527,1.244915,1.275896,Other
368,LTU,Lithuania,2020,75,97,1.163681,0.9877724,1.029301,1.162854,1.30079,1.335071,Other
368,LTU,Lithuania,2021,76,86,1.099638,0.9315106,0.9707771,1.098097,1.227992,1.270562,Other
368,LTU,Lithuania,2022,77,87,1.210623,1.031534,1.066733,1.202832,1.363987,1.40965,Other
368,LTU,Lithuania,2023,78,88,1.2165,1.034359,1.068982,1.21697,1.357698,1.393743,Other
368,LTU,Lithuania,2024,79,108,1.214725,1.045843,1.077074,1.215784,1.356051,1.392666,Other
212,LUX,Luxembourg,1991,46,72,1.621997,1.43401,1.475729,1.622224,1.777967,1.824413,Western Europe & North America
212,LUX,Luxembourg,1992,47,74,1.551993,1.360551,1.398218,1.548472,1.708613,1.759956,Western Europe & North America
212,LUX,Luxembourg,1993,48,64,1.568957,1.348829,1.394927,1.571297,1.732298,1.791077,Western Europe & North America
212,LUX,Luxembourg,1994,49,68,1.546414,1.296383,1.353297,1.546688,1.738053,1.803461,Western Europe & North America
212,LUX,Luxembourg,1995,50,67,1.625189,1.360736,1.422108,1.622922,1.830948,1.881938,Western Europe & North America
212,LUX,Luxembourg,1996,51,74,1.566841,1.317736,1.363777,1.566094,1.775181,1.824175,Western Europe & North America
212,LUX,Luxembourg,1997,52,73,1.513678,1.262837,1.311496,1.509269,1.708679,1.781525,Western Europe & North America
212,LUX,Luxembourg,1998,53,62,1.24382,1.010134,1.051147,1.240868,1.429106,1.480806,Western Europe & North America
212,LUX,Luxembourg,1999,54,70,1.187096,0.9774547,1.015034,1.178493,1.363205,1.414528,Western Europe & North America
212,LUX,Luxembourg,2000,55,68,1.187838,0.9609838,1.011809,1.193347,1.362629,1.41218,Western Europe & North America
212,LUX,Luxembourg,2001,56,69,1.135812,0.9113311,0.9521951,1.132939,1.322165,1.367846,Western Europe & North America
212,LUX,Luxembourg,2002,57,75,1.078331,0.878477,0.9185525,1.077937,1.236479,1.291145,Western Europe & North America
212,LUX,Luxembourg,2003,58,78,1.090469,0.8977936,0.9456539,1.092435,1.236508,1.285728,Western Europe & North America
212,LUX,Luxembourg,2004,59,70,0.9435793,0.7604093,0.8089144,0.944346,1.084455,1.126674,Western Europe & North America
212,LUX,Luxembourg,2005,60,75,0.9659142,0.7572595,0.8171126,0.9606107,1.126343,1.169375,Western Europe & North America
212,LUX,Luxembourg,2006,61,87,0.947294,0.7559144,0.7995501,0.9497447,1.093524,1.13889,Western Europe & North America
212,LUX,Luxembourg,2007,62,79,0.9506817,0.7581243,0.8046274,0.9512318,1.096313,1.135103,Western Europe & North America
212,LUX,Luxembourg,2008,63,76,0.9153961,0.7245083,0.7678448,0.9123256,1.067031,1.11533,Western Europe & North America
212,LUX,Luxembourg,2009,64,66,0.9044864,0.7165587,0.7627109,0.9059004,1.053844,1.086699,Western Europe & North America
212,LUX,Luxembourg,2010,65,71,0.83151,0.6463618,0.6862081,0.8343822,0.9672758,1.012686,Western Europe & North America
212,LUX,Luxembourg,2011,66,69,0.8596164,0.6648675,0.7023348,0.8617183,1.007681,1.074641,Western Europe & North America
212,LUX,Luxembourg,2012,67,74,0.8319603,0.6532353,0.6914892,0.8278126,0.98196,1.021382,Western Europe & North America
212,LUX,Luxembourg,2013,68,64,0.8967848,0.6981032,0.7434779,0.8934254,1.051174,1.0982,Western Europe & North America
212,LUX,Luxembourg,2014,69,77,0.8675265,0.6977629,0.7347479,0.8659161,1.003992,1.055221,Western Europe & North America
212,LUX,Luxembourg,2015,70,78,0.9501267,0.7796544,0.82055,0.949881,1.077459,1.124046,Western Europe & North America
212,LUX,Luxembourg,2016,71,79,0.9384385,0.7590766,0.8021608,0.9356188,1.084965,1.12424,Western Europe & North America
212,LUX,Luxembourg,2017,72,92,0.9915221,0.8191653,0.8516718,0.9915621,1.136916,1.17219,Western Europe & North America
212,LUX,Luxembourg,2018,73,109,0.8832527,0.7351562,0.7685117,0.8821687,0.997636,1.026298,Western Europe & North America
212,LUX,Luxembourg,2019,74,100,0.9734787,0.8189501,0.8598831,0.9682583,1.096058,1.132001,Western Europe & North America
212,LUX,Luxembourg,2020,75,97,0.8991794,0.7514015,0.7788649,0.8980597,1.019738,1.047444,Western Europe & North America
212,LUX,Luxembourg,2021,76,86,0.9952735,0.8400076,0.8722032,0.9924257,1.11936,1.160907,Western Europe & North America
212,LUX,Luxembourg,2022,77,88,0.9637196,0.8008502,0.8308854,0.9609446,1.092026,1.138876,Western Europe & North America
212,LUX,Luxembourg,2023,78,88,1.031315,0.8659872,0.9012542,1.027053,1.162326,1.204105,Western Europe & North America
212,LUX,Luxembourg,2024,79,108,0.9977224,0.8472481,0.8752929,0.9964657,1.119615,1.163871,Western Europe & North America
580,MDG,Madagascar,1991,46,64,-0.6551217,-1.07855,-0.9612743,-0.6557538,-0.3495286,-0.2583579,Sub-Saharan Africa
580,MDG,Madagascar,1992,47,65,-0.7316879,-1.146848,-1.053452,-0.7265591,-0.411123,-0.3342562,Sub-Saharan Africa
580,MDG,Madagascar,1993,48,60,-0.7613875,-1.142975,-1.051282,-0.757079,-0.4794038,-0.4105713,Sub-Saharan Africa
580,MDG,Madagascar,1994,49,39,-0.4614296,-0.9142133,-0.8024932,-0.4569779,-0.1139789,-0.02970073,Sub-Saharan Africa
580,MDG,Madagascar,1995,50,41,-0.608389,-1.073038,-0.9881702,-0.6005439,-0.2487108,-0.1648078,Sub-Saharan Africa
580,MDG,Madagascar,1996,51,52,-0.4704094,-0.8902357,-0.787325,-0.4439885,-0.1688552,-0.1002923,Sub-Saharan Africa
580,MDG,Madagascar,1997,52,47,-0.3666493,-0.7286067,-0.6425269,-0.345233,-0.1124161,-0.06137523,Sub-Saharan Africa
580,MDG,Madagascar,1998,53,48,-0.6118595,-1.076006,-0.9569169,-0.5911434,-0.2801936,-0.227165,Sub-Saharan Africa
580,MDG,Madagascar,1999,54,52,-0.4033263,-0.7363042,-0.6615395,-0.3953774,-0.1480416,-0.1015276,Sub-Saharan Africa
580,MDG,Madagascar,2000,55,62,-0.6851983,-1.034726,-0.9624478,-0.6747031,-0.4196841,-0.3542141,Sub-Saharan Africa
580,MDG,Madagascar,2001,56,63,-0.4449514,-0.7118879,-0.6420277,-0.435487,-0.2659365,-0.2189176,Sub-Saharan Africa
580,MDG,Madagascar,2002,57,63,-0.1811885,-0.3722268,-0.3244691,-0.1822269,-0.03133958,0.01497682,Sub-Saharan Africa
580,MDG,Madagascar,2003,58,72,-0.4974083,-0.7585822,-0.6972927,-0.4956519,-0.3093482,-0.2485956,Sub-Saharan Africa
580,MDG,Madagascar,2004,59,67,-0.5397622,-0.8661931,-0.7693553,-0.5370913,-0.3158977,-0.2627758,Sub-Saharan Africa
580,MDG,Madagascar,2005,60,53,-0.3985369,-0.721849,-0.6409714,-0.393104,-0.1743868,-0.1278639,Sub-Saharan Africa
580,MDG,Madagascar,2006,61,39,-0.3152619,-0.5741343,-0.5010847,-0.3077889,-0.1317645,-0.08461252,Sub-Saharan Africa
580,MDG,Madagascar,2007,62,60,-0.2500704,-0.4792432,-0.4253612,-0.2474755,-0.07546734,-0.01825134,Sub-Saharan Africa
580,MDG,Madagascar,2008,63,61,-0.3759269,-0.6449519,-0.5860758,-0.3707602,-0.1809737,-0.1173264,Sub-Saharan Africa
580,MDG,Madagascar,2009,64,58,-0.3665531,-0.6284619,-0.556549,-0.360675,-0.1802488,-0.1314595,Sub-Saharan Africa
580,MDG,Madagascar,2010,65,69,-0.4382874,-0.7386585,-0.648512,-0.4253539,-0.2420584,-0.1874091,Sub-Saharan Africa
580,MDG,Madagascar,2011,66,59,-0.4214519,-0.6959672,-0.634065,-0.4153655,-0.2211407,-0.1680266,Sub-Saharan Africa
580,MDG,Madagascar,2012,67,54,-0.4791514,-0.7920692,-0.7196071,-0.4702678,-0.2533569,-0.1936774,Sub-Saharan Africa
580,MDG,Madagascar,2013,68,46,-0.4591078,-0.7659922,-0.7004115,-0.448841,-0.2336094,-0.1899135,Sub-Saharan Africa
580,MDG,Madagascar,2014,69,65,0.03799132,-0.1399088,-0.09452388,0.04190438,0.1630062,0.2002683,Sub-Saharan Africa
580,MDG,Madagascar,2015,70,60,-0.4687354,-0.7535843,-0.6960675,-0.464172,-0.2633508,-0.2016584,Sub-Saharan Africa
580,MDG,Madagascar,2016,71,61,-0.5617482,-0.9146328,-0.8309715,-0.5539861,-0.3067208,-0.242025,Sub-Saharan Africa
580,MDG,Madagascar,2017,72,74,-0.5569474,-0.8788954,-0.8094619,-0.5411033,-0.3207955,-0.2738516,Sub-Saharan Africa
580,MDG,Madagascar,2018,73,80,-0.6804684,-0.9785731,-0.916663,-0.6735642,-0.4516244,-0.4027674,Sub-Saharan Africa
580,MDG,Madagascar,2019,74,77,-0.5284741,-0.8128131,-0.745119,-0.5185732,-0.3143141,-0.2646641,Sub-Saharan Africa
580,MDG,Madagascar,2020,75,96,-0.09137014,-0.244501,-0.211959,-0.09048457,0.0196719,0.05639239,Sub-Saharan Africa
580,MDG,Madagascar,2021,76,82,-0.2753947,-0.4587506,-0.414154,-0.2692875,-0.1428787,-0.09953136,Sub-Saharan Africa
580,MDG,Madagascar,2022,77,83,-0.4920553,-0.6617904,-0.6228749,-0.4916574,-0.3539009,-0.3234628,Sub-Saharan Africa
580,MDG,Madagascar,2023,78,78,-0.5042405,-0.6828873,-0.6420788,-0.5069182,-0.3644897,-0.3215666,Sub-Saharan Africa
580,MDG,Madagascar,2024,79,89,-0.4534738,-0.6260568,-0.5932127,-0.4497832,-0.3200753,-0.2892338,Sub-Saharan Africa
553,MWI,Malawi,1991,46,69,0.1531672,-0.02708277,0.01912553,0.1532559,0.2953834,0.3356053,Sub-Saharan Africa
553,MWI,Malawi,1992,47,51,0.2056657,-0.01088326,0.04472628,0.2021964,0.3840261,0.4180858,Sub-Saharan Africa
553,MWI,Malawi,1993,48,59,-0.09943262,-0.3527185,-0.2913076,-0.09098889,0.07205743,0.1250194,Sub-Saharan Africa
553,MWI,Malawi,1994,49,51,-0.3096375,-0.6413297,-0.5636256,-0.3012633,-0.06754348,0.005470898,Sub-Saharan Africa
553,MWI,Malawi,1995,50,62,-0.3171691,-0.619761,-0.5519792,-0.3068727,-0.09525365,-0.03182576,Sub-Saharan Africa
553,MWI,Malawi,1996,51,69,-0.2126457,-0.4632588,-0.4112243,-0.2084059,-0.01618339,0.02515097,Sub-Saharan Africa
553,MWI,Malawi,1997,52,68,-0.1986689,-0.4394976,-0.378262,-0.1924099,-0.02143669,0.0367062,Sub-Saharan Africa
553,MWI,Malawi,1998,53,60,-0.3880057,-0.6840977,-0.6158722,-0.3829628,-0.1734297,-0.1190782,Sub-Saharan Africa
553,MWI,Malawi,1999,54,23,-0.1443187,-0.4087781,-0.3515221,-0.1404293,0.05671501,0.1066795,Sub-Saharan Africa
553,MWI,Malawi,2000,55,40,-0.499408,-0.8269937,-0.751406,-0.4957912,-0.2571333,-0.1971151,Sub-Saharan Africa
553,MWI,Malawi,2001,56,21,-0.2133061,-0.4832119,-0.4292393,-0.2025895,-0.02520929,0.02846796,Sub-Saharan Africa
553,MWI,Malawi,2002,57,64,-0.4284837,-0.7027833,-0.6332062,-0.4253635,-0.2373226,-0.1851559,Sub-Saharan Africa
553,MWI,Malawi,2003,58,51,-0.3828612,-0.6767161,-0.5860685,-0.3727982,-0.1790265,-0.1200566,Sub-Saharan Africa
553,MWI,Malawi,2004,59,39,0.03416322,-0.1488862,-0.1099032,0.03425105,0.1764554,0.2071501,Sub-Saharan Africa
553,MWI,Malawi,2005,60,55,-0.3707946,-0.6419518,-0.5757812,-0.3582947,-0.1803517,-0.1324523,Sub-Saharan Africa
553,MWI,Malawi,2006,61,85,0.03219211,-0.104127,-0.07729531,0.03479153,0.138121,0.1652672,Sub-Saharan Africa
553,MWI,Malawi,2007,62,74,-0.2458626,-0.4324938,-0.38402,-0.2409934,-0.1089763,-0.07741825,Sub-Saharan Africa
553,MWI,Malawi,2008,63,67,-0.4812406,-0.7346348,-0.6849469,-0.471138,-0.2965082,-0.2452339,Sub-Saharan Africa
553,MWI,Malawi,2009,64,56,-0.3719121,-0.6122225,-0.5567435,-0.3643655,-0.1979432,-0.1550636,Sub-Saharan Africa
553,MWI,Malawi,2010,65,69,-0.3585208,-0.5882004,-0.5373867,-0.3524766,-0.1964257,-0.1587721,Sub-Saharan Africa
553,MWI,Malawi,2011,66,56,-0.3502422,-0.599962,-0.5481445,-0.3465846,-0.1569208,-0.09755429,Sub-Saharan Africa
553,MWI,Malawi,2012,67,59,-0.1357044,-0.3556002,-0.3102562,-0.1301401,0.02873099,0.06574803,Sub-Saharan Africa
553,MWI,Malawi,2013,68,55,-0.05272828,-0.2228092,-0.1844549,-0.05205832,0.08082731,0.1198614,Sub-Saharan Africa
553,MWI,Malawi,2014,69,68,-0.3094731,-0.5334084,-0.4865026,-0.3038305,-0.1379396,-0.08674315,Sub-Saharan Africa
553,MWI,Malawi,2015,70,66,-0.4371131,-0.719552,-0.6344418,-0.4210925,-0.2466127,-0.195704,Sub-Saharan Africa
553,MWI,Malawi,2016,71,67,-0.2509615,-0.4869759,-0.4315549,-0.2425297,-0.08106867,-0.04405441,Sub-Saharan Africa
553,MWI,Malawi,2017,72,64,-0.4447436,-0.7427999,-0.6713213,-0.4281045,-0.2387357,-0.1928176,Sub-Saharan Africa
553,MWI,Malawi,2018,73,99,-0.177338,-0.3413006,-0.3049199,-0.1770529,-0.05325015,-0.02118276,Sub-Saharan Africa
553,MWI,Malawi,2019,74,71,-0.3574568,-0.60973,-0.543606,-0.3480921,-0.1881137,-0.1480475,Sub-Saharan Africa
553,MWI,Malawi,2020,75,87,-0.1107507,-0.2810349,-0.2432129,-0.1082895,0.02610145,0.05393099,Sub-Saharan Africa
553,MWI,Malawi,2021,76,64,-0.1979578,-0.393461,-0.3467197,-0.1896576,-0.05455458,-0.01799779,Sub-Saharan Africa
553,MWI,Malawi,2022,77,83,0.1695382,0.04320501,0.07384819,0.1724718,0.2634513,0.2834482,Sub-Saharan Africa
553,MWI,Malawi,2023,78,68,-0.06936452,-0.2278881,-0.1895789,-0.06630656,0.05048683,0.08625659,Sub-Saharan Africa
553,MWI,Malawi,2024,79,84,0.004030592,-0.1302915,-0.1026888,0.00348317,0.1079479,0.1357769,Sub-Saharan Africa
820,MYS,Malaysia,1991,46,74,-1.264869,-1.6471,-1.576544,-1.264991,-0.9502253,-0.870533,South & East Asia
820,MYS,Malaysia,1992,47,75,-1.059143,-1.44511,-1.35579,-1.048527,-0.7684896,-0.6894977,South & East Asia
820,MYS,Malaysia,1993,48,65,-1.049181,-1.404759,-1.319975,-1.04325,-0.7910764,-0.7093677,South & East Asia
820,MYS,Malaysia,1994,49,68,-0.751919,-1.116147,-1.034834,-0.7516109,-0.4596655,-0.3887952,South & East Asia
820,MYS,Malaysia,1995,50,66,-0.6782758,-1.00678,-0.9363054,-0.6755523,-0.4233668,-0.3700731,South & East Asia
820,MYS,Malaysia,1996,51,74,-0.6661519,-0.9799743,-0.9133267,-0.6578773,-0.4298894,-0.3723232,South & East Asia
820,MYS,Malaysia,1997,52,73,-0.6234621,-0.9374224,-0.8676247,-0.6147795,-0.3941936,-0.3313972,South & East Asia
820,MYS,Malaysia,1998,53,63,-0.5762918,-0.9002212,-0.8358866,-0.5633186,-0.332462,-0.2714262,South & East Asia
820,MYS,Malaysia,1999,54,70,-0.60691,-0.913609,-0.8212155,-0.6027002,-0.3893898,-0.3274931,South & East Asia
820,MYS,Malaysia,2000,55,68,-0.6610173,-0.9813857,-0.8956015,-0.6503346,-0.4151793,-0.3446131,South & East Asia
820,MYS,Malaysia,2001,56,69,-0.9050143,-1.255004,-1.177954,-0.896523,-0.6405691,-0.5533488,South & East Asia
820,MYS,Malaysia,2002,57,76,-0.7979567,-1.155299,-1.054159,-0.7881052,-0.5361837,-0.4610231,South & East Asia
820,MYS,Malaysia,2003,58,78,-0.953335,-1.32544,-1.241382,-0.9428058,-0.6843216,-0.6009022,South & East Asia
820,MYS,Malaysia,2004,59,72,-0.7129339,-1.022508,-0.9611642,-0.7124466,-0.4829651,-0.4273817,South & East Asia
820,MYS,Malaysia,2005,60,75,-1.078906,-1.416293,-1.350816,-1.06605,-0.8216271,-0.7525548,South & East Asia
820,MYS,Malaysia,2006,61,88,-0.6594704,-0.932283,-0.8690417,-0.6474582,-0.4661105,-0.4098785,South & East Asia
820,MYS,Malaysia,2007,62,79,-1.241133,-1.673519,-1.566572,-1.227736,-0.9261388,-0.8583387,South & East Asia
820,MYS,Malaysia,2008,63,77,-0.7295968,-1.011659,-0.9413053,-0.7231863,-0.526873,-0.4745942,South & East Asia
820,MYS,Malaysia,2009,64,66,-0.9755296,-1.297077,-1.217373,-0.9717023,-0.7436086,-0.6742046,South & East Asia
820,MYS,Malaysia,2010,65,72,-1.122487,-1.499052,-1.41493,-1.115085,-0.8392278,-0.7597222,South & East Asia
820,MYS,Malaysia,2011,66,69,-0.7321504,-1.013772,-0.9532058,-0.7247455,-0.5135646,-0.4602512,South & East Asia
820,MYS,Malaysia,2012,67,74,-0.6735041,-0.9545572,-0.8978728,-0.6630881,-0.4651509,-0.4058856,South & East Asia
820,MYS,Malaysia,2013,68,64,-0.5481997,-0.8090511,-0.7467514,-0.5450278,-0.3497432,-0.3075728,South & East Asia
820,MYS,Malaysia,2014,69,77,-0.70799,-0.9923963,-0.931995,-0.7090526,-0.4851832,-0.4265512,South & East Asia
820,MYS,Malaysia,2015,70,78,-0.6962551,-0.9828932,-0.9097331,-0.6918685,-0.4794591,-0.440711,South & East Asia
820,MYS,Malaysia,2016,71,79,-0.6798668,-0.9907021,-0.9246173,-0.6753442,-0.4440764,-0.3886441,South & East Asia
820,MYS,Malaysia,2017,72,90,-0.7193394,-1.068806,-0.9739157,-0.7098846,-0.481257,-0.425284,South & East Asia
820,MYS,Malaysia,2018,73,108,-0.6388372,-0.875021,-0.8265414,-0.6338963,-0.4625836,-0.4182852,South & East Asia
820,MYS,Malaysia,2019,74,100,-0.643127,-0.9098695,-0.8475504,-0.6329909,-0.4528675,-0.4011482,South & East Asia
820,MYS,Malaysia,2020,75,97,-0.6307835,-0.8907066,-0.8190233,-0.6243902,-0.4439681,-0.3858805,South & East Asia
820,MYS,Malaysia,2021,76,86,-0.5636613,-0.8133031,-0.7597377,-0.5555983,-0.3900648,-0.3321792,South & East Asia
820,MYS,Malaysia,2022,77,88,-0.5285833,-0.7047294,-0.6660314,-0.5288909,-0.3885383,-0.3450935,South & East Asia
820,MYS,Malaysia,2023,78,88,-0.5839458,-0.7859175,-0.7292547,-0.585165,-0.433927,-0.3917954,South & East Asia
820,MYS,Malaysia,2024,79,108,-0.6186904,-0.7925275,-0.7575833,-0.6175502,-0.479159,-0.4322211,South & East Asia
781,MDV,Maldives,1991,46,74,-0.6870344,-1.030642,-0.9485556,-0.6758511,-0.4265813,-0.3777756,South & East Asia
781,MDV,Maldives,1992,47,75,-0.533245,-0.8521167,-0.7762988,-0.5239437,-0.3050848,-0.243317,South & East Asia
781,MDV,Maldives,1993,48,64,-0.5495217,-0.8457594,-0.778542,-0.5390353,-0.3178652,-0.2621133,South & East Asia
781,MDV,Maldives,1994,49,68,-0.4604254,-0.7706147,-0.6980606,-0.4570587,-0.2095911,-0.1441695,South & East Asia
781,MDV,Maldives,1995,50,65,-0.4697711,-0.776644,-0.7012944,-0.462813,-0.2406578,-0.1805075,South & East Asia
781,MDV,Maldives,1996,51,70,-0.4349573,-0.7560946,-0.6849769,-0.4303579,-0.1938857,-0.1260132,South & East Asia
781,MDV,Maldives,1997,52,71,-0.4448077,-0.7432373,-0.6683979,-0.4406834,-0.2248947,-0.1707512,South & East Asia
781,MDV,Maldives,1998,53,60,-0.4450745,-0.7672272,-0.6919163,-0.4292203,-0.2175623,-0.1738579,South & East Asia
781,MDV,Maldives,1999,54,68,-0.3726719,-0.6198994,-0.5594654,-0.3676747,-0.1884025,-0.153797,South & East Asia
781,MDV,Maldives,2000,55,65,-0.5523587,-0.8393521,-0.7820083,-0.550507,-0.3305959,-0.2724588,South & East Asia
781,MDV,Maldives,2001,56,66,-0.5046319,-0.7937822,-0.7297649,-0.4985337,-0.2827682,-0.2294652,South & East Asia
781,MDV,Maldives,2002,57,72,-0.4734903,-0.7499709,-0.6856493,-0.4671958,-0.2670615,-0.2212244,South & East Asia
781,MDV,Maldives,2003,58,76,-0.7453277,-1.08613,-1.011138,-0.7411286,-0.483618,-0.4236846,South & East Asia
781,MDV,Maldives,2004,59,71,-0.6339777,-0.9657838,-0.8605858,-0.6265752,-0.4101114,-0.348489,South & East Asia
781,MDV,Maldives,2005,60,75,-0.7790547,-1.077499,-1.00297,-0.7693817,-0.5607101,-0.5107082,South & East Asia
781,MDV,Maldives,2006,61,83,-0.4942305,-0.7768428,-0.7051362,-0.4832336,-0.3075686,-0.2618772,South & East Asia
781,MDV,Maldives,2007,62,76,-0.6280031,-0.959214,-0.8616271,-0.6211738,-0.3928169,-0.3307252,South & East Asia
781,MDV,Maldives,2008,63,75,-0.5125999,-0.8018431,-0.7290756,-0.5054826,-0.3183422,-0.2782382,South & East Asia
781,MDV,Maldives,2009,64,64,-0.3208291,-0.5335502,-0.4807747,-0.3174772,-0.1619922,-0.1195732,South & East Asia
781,MDV,Maldives,2010,65,72,-0.3821275,-0.6220862,-0.5757452,-0.373901,-0.2001238,-0.1649861,South & East Asia
781,MDV,Maldives,2011,66,68,-0.2899291,-0.5081846,-0.4642323,-0.2823337,-0.1322764,-0.09297699,South & East Asia
781,MDV,Maldives,2012,67,73,-0.4812027,-0.7410604,-0.6883049,-0.4753555,-0.2921931,-0.2441941,South & East Asia
781,MDV,Maldives,2013,68,62,-0.3930993,-0.6300672,-0.5734916,-0.3911756,-0.2123105,-0.1644895,South & East Asia
781,MDV,Maldives,2014,69,75,-0.5441698,-0.8177809,-0.7512529,-0.5403449,-0.3445331,-0.299007,South & East Asia
781,MDV,Maldives,2015,70,77,-0.6723219,-0.9742775,-0.904822,-0.6650777,-0.4477072,-0.3891766,South & East Asia
781,MDV,Maldives,2016,71,79,-0.5963176,-0.8862223,-0.8192656,-0.5941685,-0.3902736,-0.3290322,South & East Asia
781,MDV,Maldives,2017,72,91,-0.5214682,-0.7931231,-0.7302121,-0.5130103,-0.3255648,-0.2720908,South & East Asia
781,MDV,Maldives,2018,73,108,-0.4229752,-0.6193454,-0.581906,-0.4220623,-0.2657884,-0.2268647,South & East Asia
781,MDV,Maldives,2019,74,100,-0.4599607,-0.6921904,-0.6329242,-0.4545788,-0.2985759,-0.245154,South & East Asia
781,MDV,Maldives,2020,75,97,-0.3874241,-0.6045929,-0.5461788,-0.3846413,-0.2226706,-0.1832826,South & East Asia
781,MDV,Maldives,2021,76,86,-0.3065181,-0.5066121,-0.470512,-0.3010204,-0.1527618,-0.1187545,South & East Asia
781,MDV,Maldives,2022,77,87,-0.2695094,-0.4319099,-0.4002532,-0.2689337,-0.1391005,-0.106303,South & East Asia
781,MDV,Maldives,2023,78,87,-0.4648923,-0.6523348,-0.6119184,-0.4604935,-0.3218476,-0.2731754,South & East Asia
781,MDV,Maldives,2024,79,104,-0.4499854,-0.6383739,-0.5980536,-0.4484227,-0.3048155,-0.262754,South & East Asia
432,MLI,Mali,1991,46,69,-0.7670278,-1.165439,-1.089707,-0.7481374,-0.4727995,-0.4077986,Sub-Saharan Africa
432,MLI,Mali,1992,47,74,-0.354087,-0.6379875,-0.5705701,-0.3492209,-0.1526506,-0.1062517,Sub-Saharan Africa
432,MLI,Mali,1993,48,61,-0.859905,-1.22451,-1.132751,-0.8491725,-0.5983317,-0.5173928,Sub-Saharan Africa
432,MLI,Mali,1994,49,67,-0.7696187,-1.132713,-1.049751,-0.7692423,-0.4926826,-0.4223443,Sub-Saharan Africa
432,MLI,Mali,1995,50,66,-0.5314698,-0.8576033,-0.7775958,-0.5177584,-0.3015657,-0.2321979,Sub-Saharan Africa
432,MLI,Mali,1996,51,57,-0.5377795,-0.8473817,-0.7753556,-0.5333257,-0.3008214,-0.2283467,Sub-Saharan Africa
432,MLI,Mali,1997,52,70,-0.7085234,-1.027974,-0.9634436,-0.7067439,-0.4513174,-0.3944608,Sub-Saharan Africa
432,MLI,Mali,1998,53,57,-0.7380294,-1.136488,-1.056462,-0.7222211,-0.4558281,-0.3782377,Sub-Saharan Africa
432,MLI,Mali,1999,54,64,-0.7820036,-1.10589,-1.040933,-0.7768144,-0.5302655,-0.4672984,Sub-Saharan Africa
432,MLI,Mali,2000,55,62,-0.6545482,-0.9908305,-0.917354,-0.6470688,-0.3913458,-0.3303561,Sub-Saharan Africa
432,MLI,Mali,2001,56,65,-0.6773944,-0.9909339,-0.9074225,-0.6671397,-0.4484865,-0.3995203,Sub-Saharan Africa
432,MLI,Mali,2002,57,73,-0.7496678,-1.084689,-1.00114,-0.7402856,-0.5042773,-0.4486559,Sub-Saharan Africa
432,MLI,Mali,2003,58,78,-0.6411355,-0.9406705,-0.8684911,-0.6332987,-0.4235036,-0.3852017,Sub-Saharan Africa
432,MLI,Mali,2004,59,66,-0.6112476,-0.9679257,-0.8712692,-0.6037827,-0.3746729,-0.3109157,Sub-Saharan Africa
432,MLI,Mali,2005,60,73,-0.5498754,-0.8094053,-0.7481899,-0.5430126,-0.3552719,-0.3108778,Sub-Saharan Africa
432,MLI,Mali,2006,61,85,-0.5882927,-0.8391572,-0.7875091,-0.5778373,-0.3985526,-0.3603836,Sub-Saharan Africa
432,MLI,Mali,2007,62,79,-0.6508144,-0.9295846,-0.8618685,-0.6508905,-0.4469342,-0.389175,Sub-Saharan Africa
432,MLI,Mali,2008,63,73,-0.5733114,-0.8422127,-0.7722991,-0.5704026,-0.3742459,-0.3206044,Sub-Saharan Africa
432,MLI,Mali,2009,64,65,-0.703426,-0.9813563,-0.9215444,-0.6964048,-0.4914002,-0.4369615,Sub-Saharan Africa
432,MLI,Mali,2010,65,71,-0.6414369,-0.9637399,-0.8782505,-0.6346443,-0.4137231,-0.3652865,Sub-Saharan Africa
432,MLI,Mali,2011,66,65,-0.6581247,-0.9296726,-0.8706237,-0.6539591,-0.456469,-0.3965279,Sub-Saharan Africa
432,MLI,Mali,2012,67,70,-0.5653291,-0.8285452,-0.7615521,-0.5595486,-0.3699061,-0.3251197,Sub-Saharan Africa
432,MLI,Mali,2013,68,58,-0.4977434,-0.758749,-0.7028966,-0.4941177,-0.294875,-0.2549315,Sub-Saharan Africa
432,MLI,Mali,2014,69,76,-0.6750581,-0.9660235,-0.8808885,-0.6643157,-0.4751628,-0.4251298,Sub-Saharan Africa
432,MLI,Mali,2015,70,74,-0.9120395,-1.243931,-1.162556,-0.9023891,-0.6713362,-0.5976477,Sub-Saharan Africa
432,MLI,Mali,2016,71,78,-0.6873383,-0.9700079,-0.9122723,-0.6878859,-0.4627222,-0.3985037,Sub-Saharan Africa
432,MLI,Mali,2017,72,90,-0.1746694,-0.3180956,-0.2898714,-0.1709517,-0.0603822,-0.03308601,Sub-Saharan Africa
432,MLI,Mali,2018,73,106,-0.332321,-0.5136745,-0.4671573,-0.3275297,-0.2028298,-0.1646872,Sub-Saharan Africa
432,MLI,Mali,2019,74,94,-0.1940742,-0.3509071,-0.3177172,-0.1923882,-0.07888585,-0.05336934,Sub-Saharan Africa
432,MLI,Mali,2020,75,93,-0.1550747,-0.3029273,-0.2712233,-0.1519279,-0.04119957,-0.007558046,Sub-Saharan Africa
432,MLI,Mali,2021,76,83,-0.7777939,-1.03627,-0.9843399,-0.7814631,-0.5696753,-0.5167416,Sub-Saharan Africa
432,MLI,Mali,2022,77,83,-0.9162901,-1.123427,-1.07674,-0.913247,-0.7641548,-0.7163492,Sub-Saharan Africa
432,MLI,Mali,2023,78,82,-0.5609681,-0.7206554,-0.6926899,-0.5615435,-0.4351073,-0.3998772,Sub-Saharan Africa
432,MLI,Mali,2024,79,105,-1.206561,-1.41612,-1.369004,-1.197436,-1.046284,-1.007621,Sub-Saharan Africa
338,MLT,Malta,1991,46,73,0.501361,0.3504382,0.3810767,0.5005842,0.6215362,0.6595618,Other
338,MLT,Malta,1992,47,74,0.7785989,0.6246318,0.6612359,0.7755716,0.8980349,0.9371618,Other
338,MLT,Malta,1993,48,63,0.9200846,0.7341941,0.778168,0.9200282,1.064796,1.100606,Other
338,MLT,Malta,1994,49,68,1.036508,0.8286478,0.8770579,1.034764,1.1986,1.245466,Other
338,MLT,Malta,1995,50,67,0.8607423,0.6638782,0.7082036,0.8586338,1.014043,1.057107,Other
338,MLT,Malta,1996,51,72,0.4018197,0.2274839,0.2666825,0.4020418,0.5390748,0.5734997,Other
338,MLT,Malta,1997,52,73,0.4203119,0.2560434,0.2908427,0.4141209,0.5547452,0.5939915,Other
338,MLT,Malta,1998,53,62,0.4490287,0.2701387,0.3094183,0.4499234,0.5865677,0.6279829,Other
338,MLT,Malta,1999,54,70,0.6705275,0.5166552,0.5424309,0.6654602,0.8055192,0.8452848,Other
338,MLT,Malta,2000,55,68,0.6172752,0.4387916,0.478306,0.6176882,0.7532141,0.7831858,Other
338,MLT,Malta,2001,56,69,0.6929929,0.5359363,0.5637714,0.6928268,0.8148005,0.8499109,Other
338,MLT,Malta,2002,57,76,0.5619672,0.4226118,0.4495741,0.5607424,0.675617,0.7077748,Other
338,MLT,Malta,2003,58,78,0.6779526,0.5183278,0.5534806,0.6752968,0.8043142,0.8425224,Other
338,MLT,Malta,2004,59,71,0.6909596,0.5352537,0.5674843,0.6926518,0.8108603,0.8535817,Other
338,MLT,Malta,2005,60,75,0.6383493,0.4830703,0.5152295,0.6371189,0.7616876,0.7963227,Other
338,MLT,Malta,2006,61,88,0.6769777,0.5307114,0.560026,0.6739833,0.7980315,0.8409846,Other
338,MLT,Malta,2007,62,77,0.6839266,0.534226,0.5570813,0.6843351,0.8032059,0.8397189,Other
338,MLT,Malta,2008,63,76,0.576597,0.432627,0.4650508,0.5760742,0.688498,0.7220536,Other
338,MLT,Malta,2009,64,66,0.6601273,0.5044899,0.5430897,0.6617272,0.7776541,0.8109706,Other
338,MLT,Malta,2010,65,72,0.6044986,0.4649467,0.4904416,0.602108,0.7224265,0.7611818,Other
338,MLT,Malta,2011,66,69,0.628803,0.4708836,0.503305,0.6298742,0.7629225,0.7984058,Other
338,MLT,Malta,2012,67,74,0.5851978,0.432743,0.4603145,0.5852244,0.7056887,0.7377653,Other
338,MLT,Malta,2013,68,63,0.5841967,0.436815,0.4651074,0.5802202,0.7061064,0.7489334,Other
338,MLT,Malta,2014,69,77,0.6484563,0.4985009,0.5250819,0.6465852,0.7699344,0.8063036,Other
338,MLT,Malta,2015,70,78,0.5316829,0.3950651,0.4222889,0.5340584,0.642528,0.6711175,Other
338,MLT,Malta,2016,71,80,0.5971352,0.44063,0.4826005,0.5982044,0.7101081,0.7376511,Other
338,MLT,Malta,2017,72,93,0.6528863,0.5147509,0.5460332,0.6535231,0.761741,0.7936995,Other
338,MLT,Malta,2018,73,109,0.5991027,0.4677821,0.4923808,0.601087,0.7012468,0.7328531,Other
338,MLT,Malta,2019,74,100,0.6877531,0.5708058,0.5918566,0.6861265,0.7841282,0.8106765,Other
338,MLT,Malta,2020,75,97,0.6144282,0.4855827,0.513538,0.6128388,0.7159136,0.7435004,Other
338,MLT,Malta,2021,76,86,0.6419606,0.5151295,0.5434201,0.6384345,0.7429008,0.7800889,Other
338,MLT,Malta,2022,77,88,0.6908319,0.5504962,0.5852458,0.6912219,0.8002575,0.8327564,Other
338,MLT,Malta,2023,78,88,0.7294526,0.5877384,0.6216398,0.7272734,0.8446845,0.8684618,Other
338,MLT,Malta,2024,79,108,0.7470952,0.6234417,0.6481463,0.743285,0.8499989,0.8808927,Other
983,MHL,Marshall Islands,1991,46,62,0.6167756,0.4645739,0.4988562,0.6129247,0.7362448,0.7637752,Other
983,MHL,Marshall Islands,1992,47,72,0.9730324,0.8217648,0.8540214,0.9711552,1.093065,1.121595,Other
983,MHL,Marshall Islands,1993,48,62,0.7839519,0.6192568,0.6520001,0.7825409,0.9224432,0.9720873,Other
983,MHL,Marshall Islands,1994,49,67,0.8390762,0.6431202,0.6839497,0.8381416,0.997803,1.036313,Other
983,MHL,Marshall Islands,1995,50,64,0.6441801,0.4527364,0.4955434,0.6434678,0.7939622,0.8404168,Other
983,MHL,Marshall Islands,1996,51,73,0.8890921,0.7114931,0.7511253,0.8884236,1.023456,1.063608,Other
983,MHL,Marshall Islands,1997,52,72,0.9184347,0.7378922,0.7733009,0.9186118,1.054211,1.093325,Other
983,MHL,Marshall Islands,1998,53,58,1.301074,1.119992,1.158506,1.299978,1.450617,1.49031,Other
983,MHL,Marshall Islands,1999,54,60,1.309841,1.140997,1.173523,1.306504,1.448721,1.497376,Other
983,MHL,Marshall Islands,2000,55,65,1.357318,1.165521,1.207168,1.357442,1.511659,1.549469,Other
983,MHL,Marshall Islands,2001,56,44,2.366277,2.170835,2.216026,2.369689,2.508778,2.548631,Other
983,MHL,Marshall Islands,2002,57,44,2.615199,2.394765,2.440925,2.612379,2.785316,2.845464,Other
983,MHL,Marshall Islands,2003,58,63,1.862587,1.650914,1.69022,1.862577,2.031525,2.079968,Other
983,MHL,Marshall Islands,2004,59,71,1.159499,1.011548,1.040625,1.159048,1.275851,1.306169,Other
983,MHL,Marshall Islands,2005,60,70,1.80952,1.631506,1.669323,1.809401,1.952062,1.983176,Other
983,MHL,Marshall Islands,2006,61,73,1.941625,1.773877,1.811219,1.936747,2.080433,2.121016,Other
983,MHL,Marshall Islands,2007,62,74,1.689771,1.517463,1.554617,1.688737,1.821274,1.858284,Other
983,MHL,Marshall Islands,2008,63,72,1.305486,1.158539,1.195518,1.307868,1.412295,1.443789,Other
983,MHL,Marshall Islands,2009,64,62,1.215857,1.068669,1.103533,1.216387,1.329447,1.360145,Other
983,MHL,Marshall Islands,2010,65,68,1.213346,1.068374,1.100398,1.216709,1.323177,1.362041,Other
983,MHL,Marshall Islands,2011,66,63,1.250309,1.089202,1.126301,1.249737,1.379354,1.412788,Other
983,MHL,Marshall Islands,2012,67,63,1.220685,1.074512,1.106735,1.222387,1.338262,1.37791,Other
983,MHL,Marshall Islands,2013,68,60,0.9066319,0.7533315,0.7804468,0.9033433,1.031507,1.062845,Other
983,MHL,Marshall Islands,2014,69,65,0.7887204,0.6437963,0.6745202,0.7844299,0.9051078,0.9535283,Other
983,MHL,Marshall Islands,2015,70,67,0.6646816,0.5288166,0.5602724,0.6628,0.7732653,0.8066774,Other
983,MHL,Marshall Islands,2016,71,70,0.7754492,0.6228231,0.6591198,0.7754963,0.8886319,0.9180784,Other
983,MHL,Marshall Islands,2017,72,76,0.8535729,0.6970125,0.7309352,0.8560131,0.9746339,1.004412,Other
983,MHL,Marshall Islands,2018,73,89,0.7951074,0.6680626,0.6952006,0.7928709,0.897074,0.9246003,Other
983,MHL,Marshall Islands,2019,74,78,0.9308562,0.7863599,0.8172207,0.9295388,1.045022,1.0763,Other
983,MHL,Marshall Islands,2020,75,74,0.8234766,0.6767279,0.7104198,0.8204078,0.9400511,0.969446,Other
983,MHL,Marshall Islands,2021,76,73,0.7820935,0.6445155,0.6782406,0.7825553,0.8856884,0.9169672,Other
983,MHL,Marshall Islands,2022,77,77,0.9857028,0.834118,0.8641849,0.9832943,1.112751,1.147589,Other
983,MHL,Marshall Islands,2023,78,65,0.8100525,0.6634351,0.6916724,0.8089753,0.9287724,0.9580698,Other
983,MHL,Marshall Islands,2024,79,92,0.4797918,0.3617775,0.388853,0.4780074,0.5762992,0.6020916,Other
435,MRT,Mauritania,1991,46,73,-0.8026294,-1.200351,-1.110674,-0.794846,-0.4878537,-0.417664,MENA
435,MRT,Mauritania,1992,47,74,-0.8253978,-1.1725,-1.090192,-0.8175698,-0.554763,-0.5003893,MENA
435,MRT,Mauritania,1993,48,64,-0.8317179,-1.15685,-1.085968,-0.8254675,-0.5860244,-0.5209793,MENA
435,MRT,Mauritania,1994,49,67,-0.6202701,-0.9619576,-0.8979344,-0.6172721,-0.3344675,-0.2611648,MENA
435,MRT,Mauritania,1995,50,64,-0.682808,-1.015097,-0.946351,-0.6799519,-0.4318695,-0.3292266,MENA
435,MRT,Mauritania,1996,51,46,-0.4121144,-0.707085,-0.6397943,-0.4070534,-0.1984006,-0.1430127,MENA
435,MRT,Mauritania,1997,52,66,-0.5053276,-0.7709989,-0.7126754,-0.5028731,-0.2976195,-0.2363545,MENA
435,MRT,Mauritania,1998,53,58,-0.653482,-1.037072,-0.944932,-0.6464458,-0.3801883,-0.3165801,MENA
435,MRT,Mauritania,2000,55,37,-1.277414,-1.71296,-1.629815,-1.289921,-0.9273619,-0.8346036,MENA
435,MRT,Mauritania,2001,56,62,-1.183612,-1.608679,-1.488048,-1.171321,-0.8882261,-0.8002717,MENA
435,MRT,Mauritania,2002,57,71,-0.8145066,-1.145608,-1.072042,-0.8047266,-0.5695831,-0.5082222,MENA
435,MRT,Mauritania,2003,58,77,-1.155273,-1.593286,-1.487004,-1.140512,-0.8490969,-0.7531922,MENA
435,MRT,Mauritania,2004,59,40,-1.135231,-1.608491,-1.500586,-1.129053,-0.7852118,-0.7028001,MENA
435,MRT,Mauritania,2005,60,73,-0.382118,-0.6083061,-0.5576583,-0.3751687,-0.230737,-0.1816532,MENA
435,MRT,Mauritania,2006,61,86,-0.7586519,-1.056463,-0.978375,-0.7532608,-0.5256789,-0.4752803,MENA
435,MRT,Mauritania,2007,62,76,-0.502931,-0.744297,-0.7034724,-0.4942638,-0.3209547,-0.274617,MENA
435,MRT,Mauritania,2008,63,73,-0.7805724,-1.0843,-1.024173,-0.7738498,-0.5597637,-0.4932734,MENA
435,MRT,Mauritania,2009,64,65,-0.9564319,-1.289376,-1.205502,-0.9467224,-0.7107937,-0.6513365,MENA
435,MRT,Mauritania,2010,65,70,-0.8138667,-1.155521,-1.059998,-0.8037372,-0.5681667,-0.4982638,MENA
435,MRT,Mauritania,2011,66,61,-0.708169,-1.023827,-0.9373188,-0.7081356,-0.4792682,-0.4029761,MENA
435,MRT,Mauritania,2012,67,70,-0.6208792,-0.9109272,-0.8441296,-0.6093263,-0.4089587,-0.3543824,MENA
435,MRT,Mauritania,2013,68,61,-0.6021095,-0.88847,-0.8090028,-0.5969055,-0.4050124,-0.3552007,MENA
435,MRT,Mauritania,2014,69,70,-0.6939435,-0.9747351,-0.9123716,-0.6891743,-0.4753881,-0.4254477,MENA
435,MRT,Mauritania,2015,70,74,-0.8417118,-1.164066,-1.091669,-0.8404305,-0.6008625,-0.5389982,MENA
435,MRT,Mauritania,2016,71,77,-0.7984404,-1.116154,-1.059181,-0.7872421,-0.558712,-0.5113547,MENA
435,MRT,Mauritania,2017,72,88,-0.640508,-0.9534714,-0.8798086,-0.632038,-0.4112088,-0.3592545,MENA
435,MRT,Mauritania,2018,73,94,-0.7045128,-0.965822,-0.9146861,-0.7019548,-0.4958424,-0.4400443,MENA
435,MRT,Mauritania,2019,74,91,-0.8223693,-1.138904,-1.061076,-0.8070831,-0.5981918,-0.532669,MENA
435,MRT,Mauritania,2020,75,97,-0.6536517,-0.9121879,-0.8525372,-0.6482661,-0.4570223,-0.3987246,MENA
435,MRT,Mauritania,2021,76,81,-0.5652563,-0.8056611,-0.7559979,-0.560225,-0.3781476,-0.3290313,MENA
435,MRT,Mauritania,2022,77,82,-0.564316,-0.7868099,-0.7366601,-0.5625785,-0.4028453,-0.3605751,MENA
435,MRT,Mauritania,2023,78,80,-0.677302,-0.8822155,-0.8380295,-0.6702866,-0.521835,-0.481104,MENA
435,MRT,Mauritania,2024,79,99,-0.5790553,-0.7791129,-0.7327756,-0.5771326,-0.4267931,-0.3798,MENA
590,MUS,Mauritius,1991,46,67,-0.03276928,-0.2421513,-0.1927058,-0.02670559,0.1252804,0.1626128,Sub-Saharan Africa
590,MUS,Mauritius,1992,47,71,-0.2011305,-0.4552736,-0.3836044,-0.194187,-0.02528142,0.02610686,Sub-Saharan Africa
590,MUS,Mauritius,1993,48,64,-0.1542651,-0.373704,-0.3276254,-0.1480128,0.007957284,0.05950868,Sub-Saharan Africa
590,MUS,Mauritius,1994,49,66,-0.3309513,-0.6605428,-0.5870352,-0.3288673,-0.07986589,-0.01759686,Sub-Saharan Africa
590,MUS,Mauritius,1995,50,66,-0.3047418,-0.5917929,-0.5203036,-0.2988466,-0.1033131,-0.04551119,Sub-Saharan Africa
590,MUS,Mauritius,1996,51,70,-0.1547162,-0.4100923,-0.3335532,-0.1543145,0.03716553,0.08871358,Sub-Saharan Africa
590,MUS,Mauritius,1997,52,72,-0.1240286,-0.3767178,-0.3064389,-0.1167104,0.04358031,0.09114934,Sub-Saharan Africa
590,MUS,Mauritius,1998,53,62,-0.2665516,-0.5400197,-0.4798011,-0.2567977,-0.06163609,-0.01484144,Sub-Saharan Africa
590,MUS,Mauritius,1999,54,69,-0.3040899,-0.5514937,-0.4799759,-0.2970198,-0.1371383,-0.0869847,Sub-Saharan Africa
590,MUS,Mauritius,2000,55,66,-0.3497384,-0.6165288,-0.5429951,-0.3492076,-0.1566372,-0.1079966,Sub-Saharan Africa
590,MUS,Mauritius,2001,56,52,-0.2503497,-0.4731005,-0.4227778,-0.248065,-0.09057019,-0.04303961,Sub-Saharan Africa
590,MUS,Mauritius,2002,57,72,-0.3095577,-0.5108371,-0.4627444,-0.3068313,-0.1530745,-0.1137828,Sub-Saharan Africa
590,MUS,Mauritius,2003,58,77,-0.2947559,-0.5079689,-0.4538614,-0.2910818,-0.1366375,-0.0953192,Sub-Saharan Africa
590,MUS,Mauritius,2004,59,72,-0.4324724,-0.6868412,-0.6404324,-0.4242119,-0.2537177,-0.2106787,Sub-Saharan Africa
590,MUS,Mauritius,2005,60,73,-0.4778009,-0.7033793,-0.6455769,-0.4775479,-0.3130637,-0.2600364,Sub-Saharan Africa
590,MUS,Mauritius,2006,61,88,-0.3545974,-0.5425792,-0.5007717,-0.3512755,-0.2123946,-0.1674863,Sub-Saharan Africa
590,MUS,Mauritius,2007,62,79,-0.3685815,-0.5786197,-0.5318439,-0.3664,-0.2127051,-0.1698147,Sub-Saharan Africa
590,MUS,Mauritius,2008,63,76,-0.3817911,-0.5975129,-0.5541982,-0.3745263,-0.2193096,-0.1819104,Sub-Saharan Africa
590,MUS,Mauritius,2009,64,66,-0.3888398,-0.6178975,-0.559319,-0.3815082,-0.2222346,-0.1769814,Sub-Saharan Africa
590,MUS,Mauritius,2010,65,71,-0.4435965,-0.681781,-0.6222908,-0.436349,-0.2670033,-0.2226831,Sub-Saharan Africa
590,MUS,Mauritius,2011,66,68,-0.3907183,-0.6309699,-0.5750681,-0.3852346,-0.2124685,-0.1751883,Sub-Saharan Africa
590,MUS,Mauritius,2012,67,70,-0.5233799,-0.7776638,-0.7207375,-0.5134177,-0.3507518,-0.2983996,Sub-Saharan Africa
590,MUS,Mauritius,2013,68,63,-0.5000912,-0.7655423,-0.7023449,-0.4979518,-0.3099466,-0.253121,Sub-Saharan Africa
590,MUS,Mauritius,2014,69,76,-0.4619191,-0.7062037,-0.6498453,-0.4528998,-0.282336,-0.2372477,Sub-Saharan Africa
590,MUS,Mauritius,2015,70,77,-0.2986368,-0.4854882,-0.4449263,-0.2954713,-0.1554966,-0.1131194,Sub-Saharan Africa
590,MUS,Mauritius,2016,71,77,-0.434683,-0.6818326,-0.6209589,-0.4279387,-0.2474174,-0.2085044,Sub-Saharan Africa
590,MUS,Mauritius,2017,72,92,-0.6324119,-0.9312724,-0.8669421,-0.6153797,-0.4228356,-0.370325,Sub-Saharan Africa
590,MUS,Mauritius,2018,73,105,-0.5130276,-0.7354215,-0.6870768,-0.5066595,-0.3450595,-0.301107,Sub-Saharan Africa
590,MUS,Mauritius,2019,74,96,-0.5089245,-0.7565939,-0.7001999,-0.5062607,-0.3229087,-0.2770919,Sub-Saharan Africa
590,MUS,Mauritius,2020,75,95,-0.5353855,-0.7828473,-0.7286484,-0.5309826,-0.3454126,-0.2921134,Sub-Saharan Africa
590,MUS,Mauritius,2021,76,82,-0.5086789,-0.7610096,-0.7112927,-0.5033603,-0.3173671,-0.271087,Sub-Saharan Africa
590,MUS,Mauritius,2022,77,88,-0.3705236,-0.5509602,-0.5106029,-0.3670087,-0.2381536,-0.2011717,Sub-Saharan Africa
590,MUS,Mauritius,2023,78,80,-0.3497499,-0.5275787,-0.4840435,-0.3444847,-0.217987,-0.1770152,Sub-Saharan Africa
590,MUS,Mauritius,2024,79,101,-0.2931315,-0.4483601,-0.4132714,-0.2894878,-0.1782547,-0.1413034,Sub-Saharan Africa
70,MEX,Mexico,1991,46,74,-0.7614157,-1.129725,-1.046766,-0.752197,-0.4900944,-0.4014386,Latin America & Caribbean
70,MEX,Mexico,1992,47,75,-0.3655967,-0.6381157,-0.5754492,-0.360626,-0.1733646,-0.1263483,Latin America & Caribbean
70,MEX,Mexico,1993,48,65,-0.3311871,-0.6067167,-0.5514802,-0.3267427,-0.119119,-0.06420443,Latin America & Caribbean
70,MEX,Mexico,1994,49,68,-0.6662345,-1.011604,-0.9322342,-0.6673397,-0.4003067,-0.3318559,Latin America & Caribbean
70,MEX,Mexico,1995,50,67,-0.4589737,-0.7580447,-0.6908109,-0.4529219,-0.2352431,-0.1922225,Latin America & Caribbean
70,MEX,Mexico,1996,51,74,-0.3362251,-0.6073844,-0.5411196,-0.3320328,-0.1375087,-0.08108235,Latin America & Caribbean
70,MEX,Mexico,1997,52,73,-0.362536,-0.6110123,-0.5545677,-0.3609005,-0.174461,-0.1169083,Latin America & Caribbean
70,MEX,Mexico,1998,53,63,-0.6182122,-0.9458977,-0.8827031,-0.6081017,-0.3675653,-0.3130112,Latin America & Caribbean
70,MEX,Mexico,1999,54,70,-0.4404215,-0.6926018,-0.6354046,-0.4323917,-0.2551181,-0.2073745,Latin America & Caribbean
70,MEX,Mexico,2000,55,68,-0.4363398,-0.72273,-0.6493495,-0.4289178,-0.2331975,-0.1830613,Latin America & Caribbean
70,MEX,Mexico,2001,56,69,-0.550426,-0.8093267,-0.7643486,-0.5497243,-0.3394136,-0.2836717,Latin America & Caribbean
70,MEX,Mexico,2002,57,76,-0.3126951,-0.5388869,-0.4816122,-0.3056037,-0.1526163,-0.107709,Latin America & Caribbean
70,MEX,Mexico,2003,58,78,-0.2735118,-0.4841042,-0.4360769,-0.2702988,-0.1142842,-0.07313547,Latin America & Caribbean
70,MEX,Mexico,2004,59,72,-0.13888,-0.3103097,-0.2801123,-0.1387309,0.001490868,0.02645784,Latin America & Caribbean
70,MEX,Mexico,2005,60,75,-0.08271786,-0.2374564,-0.2057241,-0.083763,0.03736808,0.07794931,Latin America & Caribbean
70,MEX,Mexico,2006,61,88,-0.09633388,-0.2482781,-0.2147412,-0.09030393,0.0182341,0.04504597,Latin America & Caribbean
70,MEX,Mexico,2007,62,79,-0.1185918,-0.279498,-0.245884,-0.1174555,0.003073837,0.03534915,Latin America & Caribbean
70,MEX,Mexico,2008,63,77,-0.1482141,-0.3164759,-0.2758907,-0.143032,-0.02826934,0.006761971,Latin America & Caribbean
70,MEX,Mexico,2009,64,66,-0.1076901,-0.2580973,-0.2257426,-0.1073319,0.009893061,0.0442032,Latin America & Caribbean
70,MEX,Mexico,2010,65,72,-0.0365575,-0.2008229,-0.1551115,-0.03463783,0.0860116,0.1210107,Latin America & Caribbean
70,MEX,Mexico,2011,66,69,-0.09790791,-0.2678216,-0.2263286,-0.0953228,0.02639686,0.06424323,Latin America & Caribbean
70,MEX,Mexico,2012,67,74,-0.01214896,-0.1639762,-0.1304028,-0.01072562,0.1010361,0.1309798,Latin America & Caribbean
70,MEX,Mexico,2013,68,64,-0.1743074,-0.3595777,-0.3146671,-0.1678687,-0.032861,0.003737524,Latin America & Caribbean
70,MEX,Mexico,2014,69,77,-0.09350373,-0.2711605,-0.2224336,-0.09007015,0.02963178,0.0625297,Latin America & Caribbean
70,MEX,Mexico,2015,70,78,-0.1803705,-0.3438635,-0.3130394,-0.1791577,-0.05049075,-0.02378689,Latin America & Caribbean
70,MEX,Mexico,2016,71,80,-0.1292047,-0.2972735,-0.2688165,-0.1244542,-0.002994188,0.02338419,Latin America & Caribbean
70,MEX,Mexico,2017,72,93,0.01686087,-0.117959,-0.08875073,0.01669034,0.1210036,0.1510333,Latin America & Caribbean
70,MEX,Mexico,2018,73,109,-0.006585977,-0.1439548,-0.1127253,-0.008034429,0.09857798,0.1217069,Latin America & Caribbean
70,MEX,Mexico,2019,74,100,-0.00949359,-0.1327766,-0.1050542,-0.01028867,0.08869809,0.114273,Latin America & Caribbean
70,MEX,Mexico,2020,75,97,-0.01821776,-0.16342,-0.1306325,-0.01654725,0.09095103,0.1202122,Latin America & Caribbean
70,MEX,Mexico,2021,76,86,-0.04699953,-0.1807294,-0.1553026,-0.048128,0.0598613,0.08433191,Latin America & Caribbean
70,MEX,Mexico,2022,77,88,-0.005401035,-0.136916,-0.1071881,-0.004907336,0.09908056,0.1208546,Latin America & Caribbean
70,MEX,Mexico,2023,78,88,0.0177409,-0.1042851,-0.07606094,0.01854442,0.1093639,0.1438939,Latin America & Caribbean
70,MEX,Mexico,2024,79,106,-0.02452753,-0.1423773,-0.1150253,-0.02407002,0.06693151,0.09336516,Latin America & Caribbean
987,FSM,Micronesia (Federated States of),1991,46,61,0.4580931,0.2928075,0.3321256,0.4573549,0.580954,0.6139202,Other
987,FSM,Micronesia (Federated States of),1992,47,59,1.229843,1.05466,1.099904,1.227998,1.366223,1.39083,Other
987,FSM,Micronesia (Federated States of),1993,48,62,0.7733687,0.6098065,0.649049,0.7636809,0.9118664,0.9459465,Other
987,FSM,Micronesia (Federated States of),1994,49,64,0.8182574,0.6252865,0.6664774,0.8151113,0.9701145,1.012803,Other
987,FSM,Micronesia (Federated States of),1995,50,65,0.5579092,0.3677248,0.4119653,0.5607673,0.7024025,0.7471968,Other
987,FSM,Micronesia (Federated States of),1996,51,70,0.8154597,0.6387641,0.6789204,0.8176537,0.9519385,0.9905498,Other
987,FSM,Micronesia (Federated States of),1997,52,61,1.848651,1.603347,1.655518,1.849454,2.041296,2.084155,Other
987,FSM,Micronesia (Federated States of),1998,53,52,2.057215,1.852606,1.893818,2.059792,2.221368,2.266256,Other
987,FSM,Micronesia (Federated States of),1999,54,53,1.882099,1.689972,1.727523,1.879646,2.036744,2.073284,Other
987,FSM,Micronesia (Federated States of),2000,55,59,1.881789,1.704393,1.748494,1.880483,2.017347,2.053465,Other
987,FSM,Micronesia (Federated States of),2001,56,60,2.071569,1.900881,1.942999,2.071424,2.202808,2.228956,Other
987,FSM,Micronesia (Federated States of),2002,57,67,2.296931,2.126614,2.159017,2.295123,2.433534,2.478916,Other
987,FSM,Micronesia (Federated States of),2003,58,66,2.30454,2.102324,2.143567,2.304127,2.468451,2.504151,Other
987,FSM,Micronesia (Federated States of),2004,59,63,1.76161,1.563591,1.614154,1.758256,1.919386,1.957206,Other
987,FSM,Micronesia (Federated States of),2005,60,64,1.777221,1.591885,1.634947,1.779524,1.923563,1.960276,Other
987,FSM,Micronesia (Federated States of),2006,61,77,1.702851,1.526472,1.563567,1.698484,1.837162,1.880188,Other
987,FSM,Micronesia (Federated States of),2007,62,69,1.658199,1.475495,1.521587,1.660941,1.803162,1.839692,Other
987,FSM,Micronesia (Federated States of),2008,63,64,1.730252,1.542215,1.586608,1.730982,1.869091,1.915525,Other
987,FSM,Micronesia (Federated States of),2009,64,53,1.912821,1.709241,1.750672,1.911681,2.076145,2.134434,Other
987,FSM,Micronesia (Federated States of),2010,65,60,1.785543,1.573513,1.629322,1.779008,1.941032,1.994259,Other
987,FSM,Micronesia (Federated States of),2011,66,55,2.004624,1.780822,1.832149,2.002626,2.175823,2.224481,Other
987,FSM,Micronesia (Federated States of),2012,67,58,1.768147,1.563088,1.605572,1.768643,1.934301,1.989407,Other
987,FSM,Micronesia (Federated States of),2013,68,53,2.012329,1.786628,1.823381,2.013415,2.190146,2.260205,Other
987,FSM,Micronesia (Federated States of),2014,69,63,1.411779,1.2016,1.251442,1.405162,1.574005,1.616431,Other
987,FSM,Micronesia (Federated States of),2015,70,58,1.775986,1.53808,1.582009,1.770118,1.973944,2.033505,Other
987,FSM,Micronesia (Federated States of),2016,71,65,1.522722,1.30483,1.346944,1.522192,1.705464,1.754904,Other
987,FSM,Micronesia (Federated States of),2017,72,72,1.425297,1.21318,1.259036,1.423871,1.586861,1.640836,Other
987,FSM,Micronesia (Federated States of),2018,73,80,1.403558,1.208054,1.246949,1.402242,1.563213,1.614897,Other
987,FSM,Micronesia (Federated States of),2019,74,70,1.283185,1.076488,1.132018,1.283708,1.4319,1.475239,Other
987,FSM,Micronesia (Federated States of),2020,75,61,1.176933,0.9789341,1.01202,1.172933,1.34984,1.386165,Other
987,FSM,Micronesia (Federated States of),2021,76,63,1.567489,1.307842,1.365835,1.573076,1.765586,1.830324,Other
987,FSM,Micronesia (Federated States of),2022,77,67,1.347801,1.122467,1.179106,1.346091,1.530937,1.590604,Other
987,FSM,Micronesia (Federated States of),2023,78,67,1.432855,1.190228,1.248438,1.429624,1.622009,1.67556,Other
987,FSM,Micronesia (Federated States of),2024,79,79,1.056076,0.8781276,0.915685,1.052368,1.189338,1.229273,Other
359,MDA,Moldova,1992,47,71,1.142311,0.9808757,1.010724,1.143046,1.27755,1.31853,Other
359,MDA,Moldova,1993,48,60,1.183111,0.9846758,1.03009,1.178261,1.346979,1.391247,Other
359,MDA,Moldova,1994,49,66,1.220372,1.001836,1.052606,1.220085,1.394855,1.432594,Other
359,MDA,Moldova,1995,50,62,1.222424,0.991782,1.050804,1.215906,1.404825,1.457823,Other
359,MDA,Moldova,1996,51,69,1.067888,0.8533641,0.9026511,1.074102,1.225233,1.274016,Other
359,MDA,Moldova,1997,52,67,1.182001,0.971627,1.011812,1.17636,1.352206,1.413677,Other
359,MDA,Moldova,1998,53,59,0.9543759,0.769114,0.8004082,0.9500724,1.115516,1.157547,Other
359,MDA,Moldova,1999,54,67,0.9362441,0.7239971,0.7789758,0.9369765,1.095988,1.149388,Other
359,MDA,Moldova,2000,55,64,0.8782688,0.6767915,0.718725,0.8724745,1.041426,1.081902,Other
359,MDA,Moldova,2001,56,64,0.880663,0.6902378,0.7339236,0.8775126,1.02501,1.074395,Other
359,MDA,Moldova,2002,57,70,0.8621705,0.6859529,0.7236805,0.8596702,1.006057,1.046352,Other
359,MDA,Moldova,2003,58,74,0.694013,0.5402702,0.5738936,0.69019,0.8197718,0.8570497,Other
359,MDA,Moldova,2004,59,68,0.7045178,0.5449725,0.5785128,0.7062517,0.8295969,0.858603,Other
359,MDA,Moldova,2005,60,70,0.7654412,0.5955415,0.6346858,0.763859,0.9042707,0.9498374,Other
359,MDA,Moldova,2006,61,86,0.9136891,0.7306424,0.772736,0.9118394,1.05969,1.095008,Other
359,MDA,Moldova,2007,62,79,0.8664812,0.697096,0.731855,0.8668583,1.006484,1.047044,Other
359,MDA,Moldova,2008,63,77,0.8017781,0.6319136,0.6670099,0.8024299,0.940652,0.9900288,Other
359,MDA,Moldova,2009,64,66,0.8312695,0.6610857,0.6972284,0.8324096,0.9633903,1.000785,Other
359,MDA,Moldova,2010,65,72,0.8440736,0.6717645,0.7101757,0.8428221,0.9803362,1.023238,Other
359,MDA,Moldova,2011,66,69,0.8837448,0.6891238,0.7335773,0.8796786,1.034104,1.075138,Other
359,MDA,Moldova,2012,67,74,0.8915151,0.7116136,0.7475134,0.8864476,1.036461,1.086927,Other
359,MDA,Moldova,2013,68,63,0.8724561,0.6800353,0.720665,0.8705928,1.022524,1.063279,Other
359,MDA,Moldova,2014,69,76,0.855429,0.7049318,0.7351132,0.8565453,0.9765929,1.011492,Other
359,MDA,Moldova,2015,70,77,0.8423348,0.6854199,0.7194763,0.842243,0.9679067,1.003033,Other
359,MDA,Moldova,2016,71,78,0.7882835,0.6276315,0.6732106,0.7863176,0.9108499,0.9479262,Other
359,MDA,Moldova,2017,72,89,0.7006244,0.5492079,0.5850468,0.700264,0.8200024,0.8598569,Other
359,MDA,Moldova,2018,73,103,0.6606902,0.5291722,0.5599533,0.6606627,0.7607288,0.7947101,Other
359,MDA,Moldova,2019,74,92,0.6557693,0.5298274,0.5553092,0.6513329,0.7578357,0.7897509,Other
359,MDA,Moldova,2020,75,97,0.6045915,0.4743885,0.5040454,0.6046255,0.7022886,0.7344747,Other
359,MDA,Moldova,2021,76,84,0.6443802,0.5193403,0.5386406,0.6453825,0.7477994,0.7757118,Other
359,MDA,Moldova,2022,77,86,0.7634626,0.62066,0.6522186,0.7565909,0.883013,0.9234993,Other
359,MDA,Moldova,2023,78,87,0.7795988,0.6391455,0.6671258,0.7766699,0.8957356,0.9356344,Other
359,MDA,Moldova,2024,79,108,0.8341572,0.6998713,0.7265351,0.8340386,0.9400614,0.9750322,Other
221,MCO,Monaco,1993,48,36,2.208238,1.927829,1.982128,2.20841,2.433109,2.50306,Other
221,MCO,Monaco,1994,49,55,1.724802,1.454343,1.503183,1.721736,1.951052,2.004423,Other
221,MCO,Monaco,1995,50,61,1.418755,1.16411,1.221858,1.416177,1.620173,1.685996,Other
221,MCO,Monaco,1996,51,67,1.408452,1.150676,1.189617,1.400317,1.626442,1.681695,Other
221,MCO,Monaco,1997,52,67,1.430392,1.180429,1.230554,1.424445,1.630481,1.703053,Other
221,MCO,Monaco,1998,53,61,1.39431,1.163489,1.205939,1.398133,1.564229,1.604301,Other
221,MCO,Monaco,1999,54,68,1.355415,1.163036,1.194959,1.352157,1.523278,1.564895,Other
221,MCO,Monaco,2000,55,67,1.114891,0.8809704,0.9462169,1.108012,1.292263,1.343443,Other
221,MCO,Monaco,2001,56,63,1.10348,0.8775418,0.9174632,1.102874,1.28833,1.343658,Other
221,MCO,Monaco,2002,57,70,1.077459,0.8683627,0.9178265,1.069346,1.243133,1.294067,Other
221,MCO,Monaco,2003,58,73,1.003123,0.7983029,0.8429453,1.0085,1.157429,1.199684,Other
221,MCO,Monaco,2004,59,68,0.9293869,0.7385694,0.7769887,0.922897,1.09464,1.138821,Other
221,MCO,Monaco,2005,60,71,0.9664045,0.765998,0.8069084,0.9664846,1.130257,1.167351,Other
221,MCO,Monaco,2006,61,83,0.9369727,0.741158,0.7839552,0.9399774,1.087527,1.130553,Other
221,MCO,Monaco,2007,62,71,0.9206623,0.7358813,0.7740369,0.9153833,1.079665,1.121587,Other
221,MCO,Monaco,2008,63,69,0.8911998,0.7059188,0.7437033,0.8898605,1.049427,1.089226,Other
221,MCO,Monaco,2009,64,61,0.8791629,0.6945707,0.7437052,0.8755029,1.020687,1.069112,Other
221,MCO,Monaco,2010,65,67,0.8240416,0.6303577,0.6828072,0.8248486,0.9708026,1.009173,Other
221,MCO,Monaco,2011,66,67,0.8805911,0.6845453,0.7224045,0.8717057,1.04222,1.094016,Other
221,MCO,Monaco,2012,67,70,0.8922271,0.7052912,0.7416351,0.8889714,1.047662,1.090814,Other
221,MCO,Monaco,2013,68,62,0.8913758,0.7098043,0.739568,0.8914335,1.044973,1.102786,Other
221,MCO,Monaco,2014,69,73,0.9188472,0.7407881,0.7754852,0.9219252,1.061369,1.100013,Other
221,MCO,Monaco,2015,70,76,1.025806,0.8474191,0.8839923,1.024319,1.166128,1.196653,Other
221,MCO,Monaco,2016,71,75,1.073385,0.8780517,0.9184979,1.075729,1.214975,1.25895,Other
221,MCO,Monaco,2017,72,90,0.929482,0.7626848,0.8057744,0.9312524,1.058026,1.092265,Other
221,MCO,Monaco,2018,73,108,0.9588781,0.8149056,0.8490208,0.9587316,1.076191,1.116317,Other
221,MCO,Monaco,2019,74,99,0.9230068,0.7715866,0.8062633,0.9216246,1.046304,1.082132,Other
221,MCO,Monaco,2020,75,96,1.021351,0.8568168,0.8994326,1.019659,1.14585,1.185395,Other
221,MCO,Monaco,2021,76,86,0.9996759,0.8466203,0.8806508,0.9974938,1.129126,1.162305,Other
221,MCO,Monaco,2022,77,88,1.007791,0.8404789,0.8793995,1.005243,1.140858,1.178056,Other
221,MCO,Monaco,2023,78,87,1.052206,0.8970992,0.9258251,1.046854,1.183856,1.240306,Other
221,MCO,Monaco,2024,79,105,1.042387,0.8791172,0.9177824,1.041433,1.171302,1.208548,Other
712,MNG,Mongolia,1991,46,70,-0.1535122,-0.4015006,-0.3502348,-0.1486146,0.03843137,0.08301016,South & East Asia
712,MNG,Mongolia,1992,47,68,-0.3135773,-0.6268194,-0.5563855,-0.3026639,-0.08453073,-0.02830023,South & East Asia
712,MNG,Mongolia,1993,48,61,-0.3870791,-0.7030169,-0.6184409,-0.3824885,-0.1545239,-0.08269518,South & East Asia
712,MNG,Mongolia,1994,49,66,-0.3655856,-0.7167165,-0.6334892,-0.3596534,-0.127097,-0.05773508,South & East Asia
712,MNG,Mongolia,1995,50,64,-0.07289229,-0.3281802,-0.2635842,-0.06742679,0.1126891,0.1549097,South & East Asia
712,MNG,Mongolia,1996,51,69,0.02564362,-0.2270495,-0.1660837,0.0327699,0.2038004,0.2441721,South & East Asia
712,MNG,Mongolia,1997,52,71,-0.04072453,-0.2575214,-0.2085427,-0.04447224,0.1312572,0.1747926,South & East Asia
712,MNG,Mongolia,1998,53,58,-0.1573538,-0.3912445,-0.3480696,-0.1487963,0.01904055,0.05560045,South & East Asia
712,MNG,Mongolia,1999,54,62,-0.1959024,-0.422574,-0.370802,-0.1871747,-0.02966517,0.006129386,South & East Asia
712,MNG,Mongolia,2000,55,65,-0.2187317,-0.4617601,-0.4079182,-0.21426,-0.03761144,0.007984397,South & East Asia
712,MNG,Mongolia,2001,56,66,-0.2751958,-0.5139803,-0.4474358,-0.2764715,-0.0981712,-0.05722717,South & East Asia
712,MNG,Mongolia,2002,57,65,-0.3862437,-0.6173792,-0.5642206,-0.3858918,-0.1986735,-0.1561669,South & East Asia
712,MNG,Mongolia,2003,58,75,-0.3505927,-0.5958488,-0.5271279,-0.3473621,-0.1767993,-0.1328036,South & East Asia
712,MNG,Mongolia,2004,59,67,-0.4239534,-0.7308376,-0.6489948,-0.4110361,-0.2234714,-0.1670391,South & East Asia
712,MNG,Mongolia,2005,60,64,-0.4159245,-0.6911115,-0.6192181,-0.4018566,-0.2197992,-0.1787095,South & East Asia
712,MNG,Mongolia,2006,61,78,-0.4005273,-0.6618353,-0.5960063,-0.3962715,-0.2088877,-0.1614264,South & East Asia
712,MNG,Mongolia,2007,62,75,-0.3089513,-0.5205217,-0.4580848,-0.307601,-0.1501721,-0.1072336,South & East Asia
712,MNG,Mongolia,2008,63,74,-0.3044508,-0.4986985,-0.4538461,-0.3035183,-0.1428159,-0.103771,South & East Asia
712,MNG,Mongolia,2009,64,63,-0.3148654,-0.5317594,-0.4754983,-0.3123617,-0.155282,-0.1132891,South & East Asia
712,MNG,Mongolia,2010,65,69,-0.2392758,-0.4621999,-0.3953661,-0.2331675,-0.0848136,-0.04969845,South & East Asia
712,MNG,Mongolia,2011,66,66,-0.2395372,-0.4597355,-0.4070521,-0.2340209,-0.08784225,-0.04444792,South & East Asia
712,MNG,Mongolia,2012,67,70,-0.2187257,-0.4264865,-0.3818691,-0.2086397,-0.06324247,-0.03255015,South & East Asia
712,MNG,Mongolia,2013,68,61,-0.3661888,-0.6301141,-0.5700367,-0.3549042,-0.1898362,-0.139323,South & East Asia
712,MNG,Mongolia,2014,69,74,-0.4356846,-0.6839012,-0.6186823,-0.4243065,-0.2578056,-0.2051883,South & East Asia
712,MNG,Mongolia,2015,70,72,-0.4885246,-0.7525707,-0.6925795,-0.4846205,-0.2895808,-0.2400891,South & East Asia
712,MNG,Mongolia,2016,71,78,-0.5557225,-0.8449256,-0.7887567,-0.5431795,-0.3450184,-0.2828162,South & East Asia
712,MNG,Mongolia,2017,72,90,-0.5068631,-0.7783272,-0.7021181,-0.4999713,-0.3189887,-0.2684198,South & East Asia
712,MNG,Mongolia,2018,73,104,-0.4980526,-0.7075186,-0.657877,-0.4929216,-0.336358,-0.2991841,South & East Asia
712,MNG,Mongolia,2019,74,96,-0.5216915,-0.7567805,-0.7082699,-0.5211417,-0.3425131,-0.2938641,South & East Asia
712,MNG,Mongolia,2020,75,95,-0.5390487,-0.7898525,-0.7299742,-0.5355588,-0.3488087,-0.307107,South & East Asia
712,MNG,Mongolia,2021,76,86,-0.5541499,-0.7894021,-0.7341957,-0.5511759,-0.381175,-0.341296,South & East Asia
712,MNG,Mongolia,2022,77,86,-0.5935443,-0.798636,-0.7492651,-0.5929551,-0.4379669,-0.4002403,South & East Asia
712,MNG,Mongolia,2023,78,88,-0.5340678,-0.7209425,-0.682391,-0.5313062,-0.3916806,-0.350065,South & East Asia
712,MNG,Mongolia,2024,79,103,-0.4929048,-0.668298,-0.6351999,-0.4877775,-0.3622935,-0.3247925,South & East Asia
341,MNE,Montenegro,2006,61,80,0.9099871,0.7265781,0.7618685,0.9075448,1.05581,1.106405,Other
341,MNE,Montenegro,2007,62,77,0.8830449,0.7028105,0.74099,0.8823981,1.028786,1.073018,Other
341,MNE,Montenegro,2008,63,75,0.8016021,0.6247243,0.6638961,0.8063351,0.9358561,0.9867589,Other
341,MNE,Montenegro,2009,64,66,0.8921624,0.7225529,0.75538,0.8911758,1.031921,1.079055,Other
341,MNE,Montenegro,2010,65,72,0.8322996,0.6581944,0.6957708,0.8313564,0.9630525,1.007205,Other
341,MNE,Montenegro,2011,66,69,0.9569887,0.7623467,0.8081896,0.9554048,1.111339,1.159646,Other
341,MNE,Montenegro,2012,67,74,0.7823242,0.6059516,0.6415827,0.7811072,0.9248601,0.9597525,Other
341,MNE,Montenegro,2013,68,64,0.7736616,0.6021286,0.6411174,0.767289,0.9207499,0.9592879,Other
341,MNE,Montenegro,2014,69,77,0.7433258,0.5947273,0.6206607,0.7405361,0.8715072,0.9075286,Other
341,MNE,Montenegro,2015,70,78,0.694854,0.5500375,0.5838761,0.6931359,0.8136819,0.8413925,Other
341,MNE,Montenegro,2016,71,80,1.0404,0.8596982,0.8993514,1.043544,1.181452,1.223146,Other
341,MNE,Montenegro,2017,72,91,0.9992366,0.842334,0.8767208,0.9981809,1.128976,1.154596,Other
341,MNE,Montenegro,2018,73,109,0.9118921,0.7585377,0.7882479,0.9106973,1.038029,1.06257,Other
341,MNE,Montenegro,2019,74,100,0.9592675,0.8111327,0.8407908,0.9577477,1.075465,1.115949,Other
341,MNE,Montenegro,2020,75,97,0.9719244,0.8049813,0.8445046,0.9703572,1.095835,1.135209,Other
341,MNE,Montenegro,2021,76,86,0.982001,0.8258984,0.8600045,0.9771934,1.108681,1.152412,Other
341,MNE,Montenegro,2022,77,88,0.9476924,0.7894022,0.8202176,0.9414911,1.0872,1.123821,Other
341,MNE,Montenegro,2023,78,87,0.9903666,0.8349826,0.8673143,0.9878523,1.116653,1.153276,Other
341,MNE,Montenegro,2024,79,108,0.9914707,0.8410253,0.8780039,0.9877199,1.112954,1.147953,Other
600,MAR,Morocco,1991,46,73,-0.7682238,-1.159196,-1.077109,-0.7548495,-0.4610303,-0.3875358,MENA
600,MAR,Morocco,1992,47,71,-0.6278613,-0.9968601,-0.9096578,-0.6033054,-0.3636419,-0.285345,MENA
600,MAR,Morocco,1993,48,60,-0.8561648,-1.271831,-1.187175,-0.854559,-0.5375956,-0.4507779,MENA
600,MAR,Morocco,1994,49,63,-0.1027466,-0.3784625,-0.3150976,-0.1023552,0.11614,0.1596512,MENA
600,MAR,Morocco,1995,50,64,-0.1683873,-0.4015068,-0.3576849,-0.1687208,0.0201082,0.07835221,MENA
600,MAR,Morocco,1996,51,70,-0.6595559,-0.9970171,-0.912578,-0.6581536,-0.416672,-0.3349642,MENA
600,MAR,Morocco,1997,52,70,-0.6717205,-0.986224,-0.9200802,-0.6661779,-0.436183,-0.3756246,MENA
600,MAR,Morocco,1998,53,63,-0.7387342,-1.095417,-1.021045,-0.7332365,-0.4584298,-0.3876084,MENA
600,MAR,Morocco,1999,54,66,-0.7556969,-1.059632,-1.006887,-0.7443918,-0.5136656,-0.4637727,MENA
600,MAR,Morocco,2000,55,62,-0.4781023,-0.748989,-0.6883782,-0.4746776,-0.2781276,-0.2345103,MENA
600,MAR,Morocco,2001,56,66,-0.8603864,-1.204696,-1.13425,-0.8606143,-0.5934293,-0.5165371,MENA
600,MAR,Morocco,2002,57,75,-1.044044,-1.42364,-1.345591,-1.035676,-0.7444848,-0.681927,MENA
600,MAR,Morocco,2003,58,78,-1.063957,-1.486657,-1.380519,-1.045549,-0.7799926,-0.6927219,MENA
600,MAR,Morocco,2004,59,71,-0.962424,-1.385762,-1.282833,-0.9437892,-0.6446561,-0.5868366,MENA
600,MAR,Morocco,2005,60,74,-0.936998,-1.271353,-1.194208,-0.9263936,-0.7065323,-0.6395928,MENA
600,MAR,Morocco,2006,61,88,-0.7266756,-1.040169,-0.9717412,-0.7150394,-0.5066652,-0.4493775,MENA
600,MAR,Morocco,2007,62,78,-0.5969131,-0.8876206,-0.8222747,-0.5830437,-0.3989137,-0.3497364,MENA
600,MAR,Morocco,2008,63,76,-0.6092207,-0.8786852,-0.8126086,-0.5962835,-0.4151301,-0.365271,MENA
600,MAR,Morocco,2009,64,66,-0.6611886,-0.9355132,-0.8630053,-0.6574769,-0.4672289,-0.4115084,MENA
600,MAR,Morocco,2010,65,72,-0.5115975,-0.7850482,-0.7126912,-0.5024997,-0.313153,-0.2702692,MENA
600,MAR,Morocco,2011,66,69,-0.6153852,-0.8995418,-0.8220386,-0.6090057,-0.4112108,-0.3606946,MENA
600,MAR,Morocco,2012,67,74,-0.5849932,-0.8611239,-0.7999962,-0.5795102,-0.3808332,-0.3462179,MENA
600,MAR,Morocco,2013,68,64,-0.6694783,-0.9580039,-0.8978867,-0.668069,-0.4430012,-0.389472,MENA
600,MAR,Morocco,2014,69,76,-0.6608682,-0.9251163,-0.8760996,-0.6626928,-0.4513228,-0.3835559,MENA
600,MAR,Morocco,2015,70,78,-0.5103833,-0.7850825,-0.7156737,-0.5014486,-0.3186014,-0.270372,MENA
600,MAR,Morocco,2016,71,77,-0.626109,-0.9222714,-0.8651765,-0.6197155,-0.4010048,-0.3445816,MENA
600,MAR,Morocco,2017,72,91,-0.3638549,-0.5910948,-0.5417581,-0.3558301,-0.1969618,-0.1504743,MENA
600,MAR,Morocco,2018,73,105,-0.4762117,-0.7046081,-0.6486103,-0.4697714,-0.3055675,-0.2680008,MENA
600,MAR,Morocco,2019,74,98,-0.5352444,-0.7749916,-0.7239007,-0.5307088,-0.3512654,-0.3197952,MENA
600,MAR,Morocco,2020,75,94,-0.5742608,-0.8476472,-0.7847625,-0.5669563,-0.3725737,-0.3154627,MENA
600,MAR,Morocco,2021,76,83,-0.359676,-0.5756992,-0.5322657,-0.3549605,-0.1948764,-0.1562964,MENA
600,MAR,Morocco,2022,77,80,-0.433683,-0.6523536,-0.6080947,-0.4273426,-0.2719013,-0.2248617,MENA
600,MAR,Morocco,2023,78,83,-0.3420153,-0.5244793,-0.4796651,-0.3424694,-0.2019621,-0.1640475,MENA
600,MAR,Morocco,2024,79,101,-0.4576042,-0.6426981,-0.5978283,-0.4527346,-0.3226202,-0.2890071,MENA
541,MOZ,Mozambique,1991,46,73,-0.5690271,-0.8977486,-0.8351717,-0.5583679,-0.3133583,-0.2649814,Sub-Saharan Africa
541,MOZ,Mozambique,1992,47,56,-0.5200342,-0.9612474,-0.864897,-0.4981014,-0.1921576,-0.1191149,Sub-Saharan Africa
541,MOZ,Mozambique,1993,48,62,-0.6238888,-0.9689982,-0.8883228,-0.6187036,-0.3671811,-0.2854913,Sub-Saharan Africa
541,MOZ,Mozambique,1994,49,67,-0.7377791,-1.106602,-1.029466,-0.7318517,-0.4655457,-0.3976497,Sub-Saharan Africa
541,MOZ,Mozambique,1995,50,64,-0.5984069,-0.9178955,-0.8542511,-0.5893593,-0.3671348,-0.2730906,Sub-Saharan Africa
541,MOZ,Mozambique,1996,51,72,-0.4895498,-0.7944497,-0.7247892,-0.4835389,-0.247276,-0.1875893,Sub-Saharan Africa
541,MOZ,Mozambique,1997,52,70,-0.6136469,-0.9113332,-0.8483648,-0.6104552,-0.3859071,-0.3132416,Sub-Saharan Africa
541,MOZ,Mozambique,1998,53,61,-0.4862623,-0.7759147,-0.710957,-0.4805257,-0.2659529,-0.2192952,Sub-Saharan Africa
541,MOZ,Mozambique,1999,54,69,-0.710626,-1.01996,-0.9312101,-0.7080806,-0.4865353,-0.4289377,Sub-Saharan Africa
541,MOZ,Mozambique,2000,55,65,-0.6796884,-1.046034,-0.941086,-0.6701964,-0.4220377,-0.3548633,Sub-Saharan Africa
541,MOZ,Mozambique,2001,56,64,-0.6123644,-0.9072013,-0.8293964,-0.6122562,-0.3931426,-0.3241033,Sub-Saharan Africa
541,MOZ,Mozambique,2002,57,69,-0.6119832,-0.9450701,-0.8592795,-0.6130982,-0.370623,-0.2989687,Sub-Saharan Africa
541,MOZ,Mozambique,2003,58,78,-0.6222591,-0.9321277,-0.8746064,-0.6161644,-0.4009957,-0.3571871,Sub-Saharan Africa
541,MOZ,Mozambique,2004,59,71,-0.5852065,-0.8835565,-0.805461,-0.5712392,-0.3635425,-0.3238606,Sub-Saharan Africa
541,MOZ,Mozambique,2005,60,67,-0.5879451,-0.8447988,-0.7774223,-0.5843104,-0.3819653,-0.3413096,Sub-Saharan Africa
541,MOZ,Mozambique,2006,61,85,-0.5886025,-0.8530636,-0.795157,-0.580206,-0.3941264,-0.3428748,Sub-Saharan Africa
541,MOZ,Mozambique,2007,62,79,-0.5654544,-0.825134,-0.7596459,-0.5563903,-0.3727077,-0.3325393,Sub-Saharan Africa
541,MOZ,Mozambique,2008,63,75,-0.5554039,-0.8196719,-0.7527249,-0.554233,-0.3558776,-0.3029304,Sub-Saharan Africa
541,MOZ,Mozambique,2009,64,63,-0.590638,-0.8611512,-0.8004979,-0.5900044,-0.3907642,-0.3368866,Sub-Saharan Africa
541,MOZ,Mozambique,2010,65,62,-0.6282497,-0.9786597,-0.8763623,-0.625773,-0.3796533,-0.3225925,Sub-Saharan Africa
541,MOZ,Mozambique,2011,66,60,-0.6586776,-0.9602575,-0.8965035,-0.647815,-0.4439427,-0.3879779,Sub-Saharan Africa
541,MOZ,Mozambique,2012,67,69,-0.3237064,-0.5462188,-0.4871794,-0.3181693,-0.1639126,-0.1210339,Sub-Saharan Africa
541,MOZ,Mozambique,2013,68,61,-0.6254712,-0.9148129,-0.8427772,-0.623154,-0.4129745,-0.3662011,Sub-Saharan Africa
541,MOZ,Mozambique,2014,69,76,-0.7165617,-1.006663,-0.9418483,-0.7131875,-0.4931217,-0.4403188,Sub-Saharan Africa
541,MOZ,Mozambique,2015,70,74,-0.8195392,-1.138549,-1.062545,-0.8162393,-0.5733021,-0.5154139,Sub-Saharan Africa
541,MOZ,Mozambique,2016,71,77,-0.6953595,-1.012794,-0.9339779,-0.6932969,-0.4652019,-0.399258,Sub-Saharan Africa
541,MOZ,Mozambique,2017,72,89,-0.7400265,-1.091953,-0.9827434,-0.7302032,-0.5026319,-0.4491067,Sub-Saharan Africa
541,MOZ,Mozambique,2018,73,106,-0.5844584,-0.8076615,-0.7635331,-0.5827755,-0.4053916,-0.3583589,Sub-Saharan Africa
541,MOZ,Mozambique,2019,74,98,-0.5821948,-0.8295632,-0.7714386,-0.5750314,-0.4092861,-0.3676049,Sub-Saharan Africa
541,MOZ,Mozambique,2020,75,97,-0.5193538,-0.7579321,-0.7047324,-0.5174755,-0.3277532,-0.2788088,Sub-Saharan Africa
541,MOZ,Mozambique,2021,76,74,-0.5250642,-0.7931962,-0.7297996,-0.5217682,-0.3314077,-0.27785,Sub-Saharan Africa
541,MOZ,Mozambique,2022,77,86,-0.5891044,-0.7746647,-0.7321662,-0.589128,-0.4322711,-0.3976854,Sub-Saharan Africa
541,MOZ,Mozambique,2023,78,85,-0.5612808,-0.761208,-0.7129626,-0.5622322,-0.4074615,-0.3716955,Sub-Saharan Africa
541,MOZ,Mozambique,2024,79,98,-0.4668108,-0.6269118,-0.591534,-0.4645259,-0.3444331,-0.3090495,Sub-Saharan Africa
775,MMR,Myanmar (Burma),1991,46,71,-0.3815957,-0.6847668,-0.619039,-0.370698,-0.1582049,-0.1033762,South & East Asia
775,MMR,Myanmar (Burma),1992,47,72,-0.8121325,-1.173379,-1.082189,-0.809375,-0.5619628,-0.4974072,South & East Asia
775,MMR,Myanmar (Burma),1993,48,60,-1.114817,-1.490654,-1.401392,-1.103382,-0.8421787,-0.7787939,South & East Asia
775,MMR,Myanmar (Burma),1994,49,67,-1.438337,-1.825156,-1.722297,-1.432544,-1.155762,-1.084539,South & East Asia
775,MMR,Myanmar (Burma),1995,50,66,-1.607429,-2.003127,-1.889037,-1.599551,-1.326362,-1.264001,South & East Asia
775,MMR,Myanmar (Burma),1996,51,73,-1.626749,-1.99354,-1.911005,-1.625647,-1.337567,-1.229648,South & East Asia
775,MMR,Myanmar (Burma),1997,52,71,-1.54664,-1.903508,-1.823564,-1.545873,-1.274842,-1.208934,South & East Asia
775,MMR,Myanmar (Burma),1998,53,63,-0.9972591,-1.382171,-1.316039,-0.9942538,-0.6644112,-0.5885298,South & East Asia
775,MMR,Myanmar (Burma),1999,54,70,-1.240189,-1.584368,-1.518709,-1.232239,-0.972646,-0.8924348,South & East Asia
775,MMR,Myanmar (Burma),2000,55,68,-1.336786,-1.735062,-1.64109,-1.338128,-1.030751,-0.9430704,South & East Asia
775,MMR,Myanmar (Burma),2001,56,69,-1.314122,-1.739065,-1.643462,-1.304625,-0.9963927,-0.906277,South & East Asia
775,MMR,Myanmar (Burma),2002,57,76,-1.214045,-1.64683,-1.537442,-1.204812,-0.8837033,-0.8060722,South & East Asia
775,MMR,Myanmar (Burma),2003,58,77,-1.364571,-1.794681,-1.684119,-1.359551,-1.038865,-0.9453394,South & East Asia
775,MMR,Myanmar (Burma),2004,59,72,-1.193417,-1.635453,-1.531848,-1.187558,-0.8548534,-0.7612049,South & East Asia
775,MMR,Myanmar (Burma),2005,60,73,-1.116368,-1.533375,-1.423244,-1.092879,-0.8306699,-0.7680923,South & East Asia
775,MMR,Myanmar (Burma),2006,61,86,-1.137725,-1.477388,-1.405613,-1.1357,-0.8623183,-0.7841896,South & East Asia
775,MMR,Myanmar (Burma),2007,62,79,-1.144314,-1.543035,-1.443972,-1.133954,-0.8548435,-0.7865118,South & East Asia
775,MMR,Myanmar (Burma),2008,63,77,-1.12414,-1.454431,-1.363555,-1.115531,-0.8781776,-0.7990098,South & East Asia
775,MMR,Myanmar (Burma),2009,64,62,-1.154114,-1.492621,-1.411028,-1.148478,-0.8908803,-0.820676,South & East Asia
775,MMR,Myanmar (Burma),2010,65,71,-1.44761,-1.810049,-1.733515,-1.441931,-1.155521,-1.083873,South & East Asia
775,MMR,Myanmar (Burma),2011,66,54,-1.301414,-1.625901,-1.564957,-1.2968,-1.048448,-0.9805055,South & East Asia
775,MMR,Myanmar (Burma),2012,67,66,-1.047647,-1.398061,-1.318471,-1.036552,-0.795348,-0.7196038,South & East Asia
775,MMR,Myanmar (Burma),2013,68,61,-1.237685,-1.612737,-1.531209,-1.233627,-0.9500538,-0.8634878,South & East Asia
775,MMR,Myanmar (Burma),2014,69,76,-1.028498,-1.360693,-1.273917,-1.029527,-0.7739793,-0.7206919,South & East Asia
775,MMR,Myanmar (Burma),2015,70,78,-0.876021,-1.19382,-1.136548,-0.8674867,-0.635201,-0.586984,South & East Asia
775,MMR,Myanmar (Burma),2016,71,79,-0.7326862,-1.02351,-0.9667057,-0.7328584,-0.5043466,-0.4455624,South & East Asia
775,MMR,Myanmar (Burma),2017,72,73,-0.6446952,-0.9971124,-0.897255,-0.6338857,-0.4072073,-0.3567461,South & East Asia
775,MMR,Myanmar (Burma),2018,73,83,-0.9488989,-1.247978,-1.168143,-0.9501643,-0.7307066,-0.6552326,South & East Asia
775,MMR,Myanmar (Burma),2019,74,81,-0.874851,-1.174905,-1.109625,-0.8637845,-0.6571146,-0.5979239,South & East Asia
775,MMR,Myanmar (Burma),2020,75,79,-0.9194908,-1.251174,-1.173134,-0.913813,-0.6740504,-0.605613,South & East Asia
775,MMR,Myanmar (Burma),2021,76,66,-0.4170353,-0.6588363,-0.5974358,-0.4151873,-0.2401313,-0.2018961,South & East Asia
775,MMR,Myanmar (Burma),2022,77,85,-0.1182815,-0.2822055,-0.2430063,-0.1175315,0.004713068,0.03592118,South & East Asia
775,MMR,Myanmar (Burma),2023,78,86,-0.1253877,-0.2701139,-0.2366251,-0.1281826,-0.01073757,0.02313059,South & East Asia
775,MMR,Myanmar (Burma),2024,79,99,-0.1796654,-0.3320316,-0.296606,-0.1780101,-0.06370991,-0.03655626,South & East Asia
565,NAM,Namibia,1991,46,74,-0.6929857,-1.096121,-0.9895521,-0.6752594,-0.4117073,-0.3467779,Sub-Saharan Africa
565,NAM,Namibia,1992,47,72,-0.9686724,-1.32869,-1.252898,-0.9655697,-0.6917138,-0.6255656,Sub-Saharan Africa
565,NAM,Namibia,1993,48,62,-0.8760577,-1.218079,-1.133622,-0.870053,-0.6216717,-0.555666,Sub-Saharan Africa
565,NAM,Namibia,1994,49,67,-0.8707516,-1.235169,-1.157321,-0.8717989,-0.5937198,-0.4948833,Sub-Saharan Africa
565,NAM,Namibia,1995,50,50,-0.7880231,-1.112691,-1.047454,-0.785994,-0.5338067,-0.4477059,Sub-Saharan Africa
565,NAM,Namibia,1996,51,72,-0.671736,-0.9689845,-0.9135455,-0.6614113,-0.4401924,-0.3911002,Sub-Saharan Africa
565,NAM,Namibia,1997,52,71,-0.7400399,-1.083864,-0.9896443,-0.7303904,-0.4986828,-0.4362445,Sub-Saharan Africa
565,NAM,Namibia,1998,53,59,-0.557475,-0.858512,-0.7904019,-0.5510557,-0.3375291,-0.2745897,Sub-Saharan Africa
565,NAM,Namibia,1999,54,70,-0.7161617,-1.035327,-0.9560432,-0.7157373,-0.4787143,-0.4211414,Sub-Saharan Africa
565,NAM,Namibia,2000,55,66,-0.6194144,-0.94061,-0.8594353,-0.6137726,-0.37122,-0.3234909,Sub-Saharan Africa
565,NAM,Namibia,2001,56,63,-0.6225407,-0.9529493,-0.8620096,-0.614739,-0.3856534,-0.3329404,Sub-Saharan Africa
565,NAM,Namibia,2002,57,64,-0.5371025,-0.8281303,-0.7549435,-0.5216265,-0.3311512,-0.2866249,Sub-Saharan Africa
565,NAM,Namibia,2003,58,75,-0.6750585,-1.013571,-0.9291448,-0.6615231,-0.4490816,-0.3845818,Sub-Saharan Africa
565,NAM,Namibia,2004,59,71,-0.5807475,-0.8691788,-0.8085177,-0.5671174,-0.3615104,-0.3092843,Sub-Saharan Africa
565,NAM,Namibia,2005,60,74,-0.4316251,-0.663057,-0.6104483,-0.4251204,-0.2666458,-0.2354815,Sub-Saharan Africa
565,NAM,Namibia,2006,61,86,-0.5775269,-0.8122549,-0.7700342,-0.5723224,-0.3956235,-0.3444337,Sub-Saharan Africa
565,NAM,Namibia,2007,62,70,-0.5360646,-0.8147487,-0.7443398,-0.5291874,-0.3430585,-0.2940422,Sub-Saharan Africa
565,NAM,Namibia,2008,63,75,-0.525994,-0.7819365,-0.7214704,-0.5195691,-0.3308852,-0.2927531,Sub-Saharan Africa
565,NAM,Namibia,2009,64,61,-0.790491,-1.092772,-1.016762,-0.7871339,-0.5716054,-0.5105278,Sub-Saharan Africa
565,NAM,Namibia,2010,65,50,-0.6545648,-0.9519222,-0.8909185,-0.6563743,-0.4245259,-0.3693816,Sub-Saharan Africa
565,NAM,Namibia,2011,66,64,-0.6770048,-0.9759652,-0.923594,-0.667307,-0.4384028,-0.3757056,Sub-Saharan Africa
565,NAM,Namibia,2012,67,69,-0.7887144,-1.07037,-1.012855,-0.7884773,-0.5605486,-0.5127925,Sub-Saharan Africa
565,NAM,Namibia,2013,68,63,-0.7591148,-1.069341,-0.9903709,-0.7513266,-0.534305,-0.4776324,Sub-Saharan Africa
565,NAM,Namibia,2014,69,77,-0.7530029,-1.026349,-0.9664787,-0.7463517,-0.5456903,-0.4868222,Sub-Saharan Africa
565,NAM,Namibia,2015,70,70,-0.9807762,-1.318949,-1.239532,-0.9784806,-0.7235449,-0.6608594,Sub-Saharan Africa
565,NAM,Namibia,2016,71,73,-0.7160838,-1.033778,-0.9583391,-0.7042574,-0.4862924,-0.422258,Sub-Saharan Africa
565,NAM,Namibia,2017,72,92,-0.7592596,-1.114934,-1.017938,-0.7486252,-0.5105456,-0.4540325,Sub-Saharan Africa
565,NAM,Namibia,2018,73,107,-0.6629841,-0.9074389,-0.8482607,-0.65772,-0.4882521,-0.4442053,Sub-Saharan Africa
565,NAM,Namibia,2019,74,95,-0.5280265,-0.7518611,-0.7020928,-0.5254851,-0.3594537,-0.3147515,Sub-Saharan Africa
565,NAM,Namibia,2020,75,95,-0.5520168,-0.8276778,-0.7550906,-0.5416572,-0.3671865,-0.3242433,Sub-Saharan Africa
565,NAM,Namibia,2021,76,83,-0.4860057,-0.7024788,-0.6544634,-0.4867557,-0.3169248,-0.2736794,Sub-Saharan Africa
565,NAM,Namibia,2022,77,86,-0.597154,-0.7758405,-0.7413315,-0.5920292,-0.461858,-0.4141093,Sub-Saharan Africa
565,NAM,Namibia,2023,78,82,-0.5885776,-0.7780818,-0.7398276,-0.5814785,-0.4367394,-0.4015941,Sub-Saharan Africa
565,NAM,Namibia,2024,79,102,-0.5499108,-0.7506051,-0.7031689,-0.5465091,-0.4014359,-0.3564124,Sub-Saharan Africa
970,NRU,Nauru,2000,55,63,0.3005645,0.1284265,0.1614081,0.3026498,0.4325146,0.4713192,Other
970,NRU,Nauru,2001,56,34,0.447772,0.2527452,0.2931658,0.4485217,0.6000037,0.6449705,Other
970,NRU,Nauru,2002,57,68,0.4453647,0.3007436,0.330016,0.4486222,0.5506793,0.5790746,Other
970,NRU,Nauru,2003,58,72,0.5954651,0.4580697,0.490437,0.5962549,0.7024833,0.7284517,Other
970,NRU,Nauru,2004,59,64,0.5114654,0.3655257,0.4007193,0.5139307,0.6183673,0.6504908,Other
970,NRU,Nauru,2005,60,9,1.435577,1.173029,1.230622,1.433417,1.649183,1.704072,Other
970,NRU,Nauru,2006,61,67,0.6374732,0.4875474,0.5152397,0.6370087,0.7619776,0.7927042,Other
970,NRU,Nauru,2007,62,65,0.6044306,0.46928,0.4993774,0.6029996,0.7136603,0.7389739,Other
970,NRU,Nauru,2008,63,54,0.8964027,0.7201376,0.7561063,0.8911135,1.040304,1.080675,Other
970,NRU,Nauru,2009,64,28,2.317696,2.010916,2.061814,2.321954,2.564731,2.658119,Other
970,NRU,Nauru,2010,65,29,2.277742,1.937965,2.011469,2.271954,2.544705,2.626816,Other
970,NRU,Nauru,2011,66,23,2.482412,2.143153,2.210725,2.472999,2.756102,2.843038,Other
970,NRU,Nauru,2012,67,21,0.6531881,0.3983332,0.4496103,0.6543207,0.8549529,0.915247,Other
970,NRU,Nauru,2013,68,33,0.2535037,0.05311649,0.1022064,0.257795,0.4030606,0.4461986,Other
970,NRU,Nauru,2014,69,14,0.5767785,0.223548,0.2958958,0.566373,0.8528288,0.9555799,Other
970,NRU,Nauru,2015,70,33,0.6569452,0.4698064,0.503883,0.6583942,0.8000447,0.8431706,Other
970,NRU,Nauru,2016,71,53,0.1396431,-0.02079275,0.01424233,0.1424638,0.2635054,0.2972786,Other
970,NRU,Nauru,2017,72,67,0.298221,0.1467583,0.1783852,0.3012382,0.4184598,0.4503644,Other
970,NRU,Nauru,2018,73,67,0.3520966,0.211639,0.2440249,0.3529476,0.4591479,0.4933298,Other
970,NRU,Nauru,2019,74,69,0.2392737,0.1142666,0.1401499,0.2386345,0.3378843,0.3685519,Other
970,NRU,Nauru,2020,75,56,0.3644664,0.2086353,0.2481663,0.3606056,0.4897858,0.5195113,Other
970,NRU,Nauru,2021,76,46,0.2010062,0.04445573,0.07415063,0.2068732,0.3144214,0.3481575,Other
970,NRU,Nauru,2022,77,52,0.3340551,0.1802019,0.2084554,0.3371502,0.4507142,0.4794911,Other
970,NRU,Nauru,2023,78,49,0.28399,0.1234035,0.1668829,0.2847482,0.4027713,0.4398444,Other
970,NRU,Nauru,2024,79,52,0.2930462,0.1279936,0.1724153,0.2905789,0.4131204,0.4481334,Other
790,NPL,Nepal,1991,46,73,-0.482811,-0.8221633,-0.7474332,-0.4712876,-0.2303026,-0.1628002,South & East Asia
790,NPL,Nepal,1992,47,73,-0.3072796,-0.5965199,-0.5307864,-0.3061895,-0.1020893,-0.0369708,South & East Asia
790,NPL,Nepal,1993,48,65,-0.1686964,-0.3976619,-0.3557626,-0.167975,0.02135283,0.06535974,South & East Asia
790,NPL,Nepal,1994,49,67,-0.4732366,-0.8033001,-0.7252208,-0.4677338,-0.2253437,-0.165418,South & East Asia
790,NPL,Nepal,1995,50,64,-0.3250446,-0.5972203,-0.5394491,-0.321189,-0.1192655,-0.0559883,South & East Asia
790,NPL,Nepal,1996,51,74,-0.5868981,-0.8995485,-0.828446,-0.583388,-0.3542227,-0.2850015,South & East Asia
790,NPL,Nepal,1997,52,72,-0.6666244,-1.001476,-0.9078561,-0.6506807,-0.4345697,-0.3808995,South & East Asia
790,NPL,Nepal,1998,53,61,-0.5176772,-0.8464496,-0.7624549,-0.5106709,-0.278039,-0.2169806,South & East Asia
790,NPL,Nepal,1999,54,69,-0.807871,-1.143206,-1.083401,-0.8023482,-0.5525395,-0.4963832,South & East Asia
790,NPL,Nepal,2000,55,68,-0.6015606,-0.9039432,-0.8431256,-0.5937355,-0.3813086,-0.3252693,South & East Asia
790,NPL,Nepal,2001,56,68,-0.7525196,-1.079558,-1.001734,-0.7467163,-0.5177974,-0.469311,South & East Asia
790,NPL,Nepal,2002,57,76,-0.6778108,-0.9892326,-0.9213876,-0.6712529,-0.4486219,-0.3995926,South & East Asia
790,NPL,Nepal,2003,58,77,-0.5109374,-0.7694631,-0.7191823,-0.4997255,-0.318773,-0.272692,South & East Asia
790,NPL,Nepal,2004,59,70,-0.6317941,-0.9690655,-0.8730165,-0.6199864,-0.4029417,-0.3459484,South & East Asia
790,NPL,Nepal,2005,60,75,-0.3981354,-0.6097478,-0.5623998,-0.3969077,-0.2335173,-0.1923033,South & East Asia
790,NPL,Nepal,2006,61,85,-0.3499564,-0.5543206,-0.5000385,-0.3459102,-0.1967207,-0.1686115,South & East Asia
790,NPL,Nepal,2007,62,77,-0.4214355,-0.6536646,-0.5897475,-0.4170689,-0.2595207,-0.2182332,South & East Asia
790,NPL,Nepal,2008,63,76,-0.4450069,-0.684872,-0.6393702,-0.4358971,-0.2655223,-0.2326057,South & East Asia
790,NPL,Nepal,2009,64,64,-0.5043219,-0.7579646,-0.7010805,-0.4999987,-0.3231068,-0.2695302,South & East Asia
790,NPL,Nepal,2010,65,72,-0.5544792,-0.8105906,-0.7610333,-0.5483872,-0.3661561,-0.3265485,South & East Asia
790,NPL,Nepal,2011,66,69,-0.6867768,-0.948557,-0.8973417,-0.6844665,-0.4752259,-0.4303239,South & East Asia
790,NPL,Nepal,2012,67,71,-0.6154384,-0.8926644,-0.8219578,-0.6066788,-0.4193446,-0.3686127,South & East Asia
790,NPL,Nepal,2013,68,63,-0.6826593,-0.9788985,-0.9009622,-0.6844566,-0.4710802,-0.4120661,South & East Asia
790,NPL,Nepal,2014,69,77,-0.662104,-0.9427263,-0.8731415,-0.6639996,-0.4451924,-0.3892347,South & East Asia
790,NPL,Nepal,2015,70,77,-0.6882232,-0.994887,-0.9228252,-0.6821015,-0.4602899,-0.4205836,South & East Asia
790,NPL,Nepal,2016,71,78,-0.6573461,-0.9744374,-0.8955395,-0.6446325,-0.4371016,-0.3804919,South & East Asia
790,NPL,Nepal,2017,72,93,-0.7671525,-1.090881,-1.00867,-0.7607229,-0.5339727,-0.4612462,South & East Asia
790,NPL,Nepal,2018,73,108,-0.4937043,-0.7087632,-0.6557208,-0.4873185,-0.3314155,-0.2956186,South & East Asia
790,NPL,Nepal,2019,74,98,-0.5876659,-0.8428243,-0.7821009,-0.5796399,-0.4026485,-0.356493,South & East Asia
790,NPL,Nepal,2020,75,96,-0.5075246,-0.7560195,-0.7001004,-0.498973,-0.3340613,-0.2818464,South & East Asia
790,NPL,Nepal,2021,76,85,-0.5867114,-0.8613058,-0.7869885,-0.5762466,-0.4015125,-0.3620749,South & East Asia
790,NPL,Nepal,2022,77,87,-0.4272186,-0.6119591,-0.5645654,-0.4252423,-0.2927582,-0.2563818,South & East Asia
790,NPL,Nepal,2023,78,86,-0.3953868,-0.5875487,-0.5402778,-0.3947339,-0.2525315,-0.2165464,South & East Asia
790,NPL,Nepal,2024,79,103,-0.362043,-0.5169964,-0.4811583,-0.3622793,-0.2411552,-0.2060626,South & East Asia
210,NLD,Netherlands,1991,46,72,1.688645,1.505208,1.544584,1.68704,1.845087,1.881215,Western Europe & North America
210,NLD,Netherlands,1992,47,74,1.560519,1.357417,1.402641,1.559457,1.71293,1.772581,Western Europe & North America
210,NLD,Netherlands,1993,48,64,1.63635,1.421268,1.472033,1.637059,1.79754,1.852558,Western Europe & North America
210,NLD,Netherlands,1994,49,67,1.577908,1.333331,1.380341,1.581204,1.770084,1.830013,Western Europe & North America
210,NLD,Netherlands,1995,50,67,1.645832,1.398212,1.449543,1.637395,1.860439,1.91173,Western Europe & North America
210,NLD,Netherlands,1996,51,73,1.611338,1.352891,1.404859,1.607156,1.82104,1.878526,Western Europe & North America
210,NLD,Netherlands,1997,52,73,1.514117,1.267575,1.319551,1.510227,1.713808,1.771478,Western Europe & North America
210,NLD,Netherlands,1998,53,63,1.238616,0.9897117,1.047793,1.236875,1.424939,1.481338,Western Europe & North America
210,NLD,Netherlands,1999,54,70,1.263391,1.037664,1.081795,1.262921,1.443309,1.488719,Western Europe & North America
210,NLD,Netherlands,2000,55,68,1.213261,1.000988,1.037759,1.213292,1.380831,1.436038,Western Europe & North America
210,NLD,Netherlands,2001,56,69,1.164625,0.953757,0.9982338,1.165831,1.33189,1.374957,Western Europe & North America
210,NLD,Netherlands,2002,57,75,1.152248,0.9540638,0.9952733,1.150995,1.309932,1.354546,Western Europe & North America
210,NLD,Netherlands,2003,58,78,1.073456,0.8736632,0.9220241,1.069765,1.221954,1.270047,Western Europe & North America
210,NLD,Netherlands,2004,59,72,0.9455481,0.751482,0.7930089,0.945209,1.10182,1.156469,Western Europe & North America
210,NLD,Netherlands,2005,60,75,0.9992212,0.8019098,0.8398341,0.9957895,1.161475,1.207844,Western Europe & North America
210,NLD,Netherlands,2006,61,88,0.948652,0.76244,0.8049828,0.9423334,1.096997,1.148435,Western Europe & North America
210,NLD,Netherlands,2007,62,79,0.9951666,0.794586,0.8382829,0.9935964,1.150055,1.203367,Western Europe & North America
210,NLD,Netherlands,2008,63,77,1.003781,0.8283639,0.8618524,0.99977,1.148278,1.188105,Western Europe & North America
210,NLD,Netherlands,2009,64,66,1.071528,0.8770396,0.9223423,1.069417,1.224534,1.270328,Western Europe & North America
210,NLD,Netherlands,2010,65,72,1.058709,0.8785059,0.9131498,1.057134,1.209922,1.249555,Western Europe & North America
210,NLD,Netherlands,2011,66,69,1.031938,0.8373975,0.8761667,1.028359,1.192836,1.241934,Western Europe & North America
210,NLD,Netherlands,2012,67,74,0.9339609,0.751718,0.7869753,0.9292974,1.084547,1.135527,Western Europe & North America
210,NLD,Netherlands,2013,68,64,0.9488009,0.74925,0.7850319,0.9523636,1.112744,1.153872,Western Europe & North America
210,NLD,Netherlands,2014,69,77,0.9867043,0.8125452,0.8506244,0.9828289,1.125805,1.162754,Western Europe & North America
210,NLD,Netherlands,2015,70,78,1.015049,0.8319229,0.8723965,1.01458,1.162932,1.201573,Western Europe & North America
210,NLD,Netherlands,2016,71,80,0.9855138,0.8024831,0.8453052,0.9824227,1.123781,1.172163,Western Europe & North America
210,NLD,Netherlands,2017,72,91,0.9387883,0.7896687,0.8212882,0.9374158,1.061738,1.098932,Western Europe & North America
210,NLD,Netherlands,2018,73,108,1.015124,0.8546121,0.8908982,1.0166,1.134739,1.16685,Western Europe & North America
210,NLD,Netherlands,2019,74,100,0.9789584,0.8227372,0.8564073,0.9814175,1.096883,1.129655,Western Europe & North America
210,NLD,Netherlands,2020,75,97,1.092126,0.9220157,0.9575131,1.089074,1.228942,1.262974,Western Europe & North America
210,NLD,Netherlands,2021,76,86,1.026588,0.8691639,0.9104126,1.024597,1.157176,1.18191,Western Europe & North America
210,NLD,Netherlands,2022,77,88,1.133262,0.9502498,0.9948463,1.126441,1.279675,1.324521,Western Europe & North America
210,NLD,Netherlands,2023,78,88,1.013753,0.8521165,0.8867849,1.010189,1.140321,1.184989,Western Europe & North America
210,NLD,Netherlands,2024,79,107,1.038741,0.8868703,0.9162634,1.036442,1.161254,1.2061,Western Europe & North America
920,NZL,New Zealand,1991,46,72,1.034343,0.8785524,0.9150106,1.030975,1.15717,1.192672,Western Europe & North America
920,NZL,New Zealand,1992,47,74,0.9827605,0.8244454,0.851401,0.9819529,1.115606,1.150843,Western Europe & North America
920,NZL,New Zealand,1993,48,64,0.7547073,0.5727485,0.6215875,0.7531422,0.8862094,0.9270969,Western Europe & North America
920,NZL,New Zealand,1994,49,68,0.8557908,0.6654506,0.7006095,0.8554089,1.011106,1.052129,Western Europe & North America
920,NZL,New Zealand,1995,50,67,0.7012537,0.5109495,0.5501692,0.701635,0.8452109,0.8862606,Western Europe & North America
920,NZL,New Zealand,1996,51,74,0.7224285,0.537372,0.5775048,0.7226515,0.8601791,0.9055295,Western Europe & North America
920,NZL,New Zealand,1997,52,73,0.8973441,0.7067955,0.754418,0.8968794,1.047296,1.092743,Western Europe & North America
920,NZL,New Zealand,1998,53,63,0.9003634,0.6947344,0.7478391,0.8930007,1.068473,1.113389,Western Europe & North America
920,NZL,New Zealand,1999,54,70,0.7695128,0.6015477,0.6397177,0.7661423,0.9054722,0.9377753,Western Europe & North America
920,NZL,New Zealand,2000,55,68,0.77052,0.5869646,0.6214472,0.7671747,0.9216477,0.965757,Western Europe & North America
920,NZL,New Zealand,2001,56,68,0.8383574,0.654347,0.6953865,0.8381687,0.9802145,1.031717,Western Europe & North America
920,NZL,New Zealand,2002,57,76,0.7523045,0.5777614,0.6191905,0.7513668,0.8808822,0.9212624,Western Europe & North America
920,NZL,New Zealand,2003,58,77,0.7164282,0.5489919,0.5839402,0.7181263,0.8509999,0.890643,Western Europe & North America
920,NZL,New Zealand,2004,59,72,0.7655837,0.5919153,0.6331414,0.7681525,0.8945082,0.9329059,Western Europe & North America
920,NZL,New Zealand,2005,60,75,0.6882511,0.5100444,0.5538392,0.6874491,0.8141042,0.8515696,Western Europe & North America
920,NZL,New Zealand,2006,61,88,0.6643401,0.5128383,0.5484409,0.6662012,0.7810284,0.8111735,Western Europe & North America
920,NZL,New Zealand,2007,62,79,0.5988861,0.4529671,0.4818505,0.5957603,0.7299487,0.7625105,Western Europe & North America
920,NZL,New Zealand,2008,63,76,0.6122835,0.45715,0.4896857,0.6128866,0.7369075,0.7680721,Western Europe & North America
920,NZL,New Zealand,2009,64,66,0.8036138,0.652726,0.6808331,0.8016976,0.9236677,0.9628296,Western Europe & North America
920,NZL,New Zealand,2010,65,72,0.7896061,0.6190893,0.6496446,0.7860027,0.9350815,0.9757461,Western Europe & North America
920,NZL,New Zealand,2011,66,69,0.7825994,0.6159602,0.650982,0.782783,0.9116188,0.9485087,Western Europe & North America
920,NZL,New Zealand,2012,67,74,0.6647244,0.5037057,0.5349351,0.6637229,0.7888383,0.8325036,Western Europe & North America
920,NZL,New Zealand,2013,68,64,0.6512609,0.4849105,0.524578,0.6499407,0.7805164,0.8187065,Western Europe & North America
920,NZL,New Zealand,2014,69,76,0.7274702,0.566074,0.5951082,0.7274536,0.8605002,0.8901155,Western Europe & North America
920,NZL,New Zealand,2015,70,78,0.5905503,0.456519,0.483699,0.5875444,0.6981472,0.7322028,Western Europe & North America
920,NZL,New Zealand,2016,71,80,0.6081353,0.4698431,0.5026475,0.6057344,0.7220179,0.7577109,Western Europe & North America
920,NZL,New Zealand,2017,72,93,0.6058144,0.4806158,0.5056167,0.6049794,0.7064205,0.7449488,Western Europe & North America
920,NZL,New Zealand,2018,73,109,0.6579947,0.5304978,0.555825,0.6557566,0.7619643,0.7921712,Western Europe & North America
920,NZL,New Zealand,2019,74,100,0.6372511,0.5138463,0.5377935,0.6386379,0.7302224,0.7561349,Western Europe & North America
920,NZL,New Zealand,2020,75,97,0.6981446,0.5617058,0.5921765,0.7000124,0.799928,0.8288319,Western Europe & North America
920,NZL,New Zealand,2021,76,86,0.6542177,0.5222967,0.5510861,0.6600471,0.7552872,0.7812927,Western Europe & North America
920,NZL,New Zealand,2022,77,88,0.7107647,0.5705587,0.5982125,0.7096988,0.823613,0.8506832,Western Europe & North America
920,NZL,New Zealand,2023,78,87,0.7392307,0.6048844,0.6342871,0.7333557,0.8477522,0.8792114,Western Europe & North America
920,NZL,New Zealand,2024,79,107,0.7687167,0.6435646,0.6623099,0.7680728,0.8683411,0.9069836,Western Europe & North America
93,NIC,Nicaragua,1991,46,73,-0.5611494,-0.9065087,-0.829723,-0.5501819,-0.3057497,-0.2532858,Latin America & Caribbean
93,NIC,Nicaragua,1992,47,74,-0.3172143,-0.5880809,-0.5150253,-0.3147738,-0.1065571,-0.05916143,Latin America & Caribbean
93,NIC,Nicaragua,1993,48,64,0.004856229,-0.2177231,-0.1664958,0.01182928,0.1648841,0.2047428,Latin America & Caribbean
93,NIC,Nicaragua,1994,49,66,0.04156497,-0.1952978,-0.1456224,0.04679538,0.2157529,0.2676426,Latin America & Caribbean
93,NIC,Nicaragua,1995,50,62,-0.01062862,-0.2482161,-0.193439,-0.004112992,0.1688921,0.2117711,Latin America & Caribbean
93,NIC,Nicaragua,1996,51,60,-0.06878727,-0.3452989,-0.2736091,-0.06300643,0.1249446,0.1715202,Latin America & Caribbean
93,NIC,Nicaragua,1997,52,63,0.03093147,-0.1799509,-0.12867,0.03516485,0.1965896,0.2388872,Latin America & Caribbean
93,NIC,Nicaragua,1998,53,54,0.193712,0.009851832,0.04830386,0.1946507,0.3402707,0.376518,Latin America & Caribbean
93,NIC,Nicaragua,1999,54,54,-0.03752386,-0.2368321,-0.191228,-0.03376236,0.119815,0.1533813,Latin America & Caribbean
93,NIC,Nicaragua,2000,55,63,-0.07570479,-0.2821417,-0.2379733,-0.06366492,0.07251637,0.1123956,Latin America & Caribbean
93,NIC,Nicaragua,2001,56,66,0.3321762,0.1770421,0.2117863,0.3319238,0.4500941,0.4896778,Latin America & Caribbean
93,NIC,Nicaragua,2002,57,62,-0.1092706,-0.2918964,-0.2486552,-0.1037848,0.03381736,0.06534071,Latin America & Caribbean
93,NIC,Nicaragua,2003,58,76,0.03403786,-0.1459934,-0.101856,0.04008768,0.1618508,0.1987185,Latin America & Caribbean
93,NIC,Nicaragua,2004,59,70,-0.008608081,-0.1793676,-0.1482516,-0.01003313,0.1205769,0.1618279,Latin America & Caribbean
93,NIC,Nicaragua,2005,60,70,-0.04726615,-0.2176579,-0.1818616,-0.04777131,0.08131358,0.1209024,Latin America & Caribbean
93,NIC,Nicaragua,2006,61,82,-0.08187001,-0.2364188,-0.2046966,-0.08046818,0.03520931,0.07243205,Latin America & Caribbean
93,NIC,Nicaragua,2007,62,79,-0.6795963,-0.983748,-0.914784,-0.6669803,-0.4569441,-0.4102647,Latin America & Caribbean
93,NIC,Nicaragua,2008,63,76,-0.8420679,-1.133301,-1.061705,-0.8350124,-0.6099403,-0.5597971,Latin America & Caribbean
93,NIC,Nicaragua,2009,64,63,-1.077324,-1.408112,-1.324568,-1.075796,-0.8307928,-0.7668486,Latin America & Caribbean
93,NIC,Nicaragua,2010,65,72,-1.067716,-1.403853,-1.330441,-1.06525,-0.8047851,-0.7409269,Latin America & Caribbean
93,NIC,Nicaragua,2011,66,68,-1.421673,-1.765353,-1.689474,-1.418057,-1.166174,-1.099854,Latin America & Caribbean
93,NIC,Nicaragua,2012,67,74,-1.627137,-1.970822,-1.894574,-1.629299,-1.363132,-1.28993,Latin America & Caribbean
93,NIC,Nicaragua,2013,68,63,-1.480955,-1.858998,-1.773926,-1.46867,-1.202679,-1.113559,Latin America & Caribbean
93,NIC,Nicaragua,2014,69,77,-1.2923,-1.603354,-1.545057,-1.291034,-1.02882,-0.9663054,Latin America & Caribbean
93,NIC,Nicaragua,2015,70,78,-1.490954,-1.903122,-1.801186,-1.486004,-1.199717,-1.11748,Latin America & Caribbean
93,NIC,Nicaragua,2016,71,79,-1.365616,-1.741195,-1.643796,-1.356633,-1.10146,-1.01963,Latin America & Caribbean
93,NIC,Nicaragua,2017,72,92,-1.172525,-1.541118,-1.459129,-1.152437,-0.9051507,-0.8317711,Latin America & Caribbean
93,NIC,Nicaragua,2018,73,108,-1.460161,-1.795736,-1.710102,-1.454728,-1.21182,-1.136625,Latin America & Caribbean
93,NIC,Nicaragua,2019,74,97,-1.431223,-1.774726,-1.697927,-1.427922,-1.159803,-1.09284,Latin America & Caribbean
93,NIC,Nicaragua,2020,75,96,-1.452334,-1.7878,-1.718205,-1.459489,-1.19943,-1.138587,Latin America & Caribbean
93,NIC,Nicaragua,2021,76,85,-1.555813,-1.871176,-1.798142,-1.555198,-1.317804,-1.2494,Latin America & Caribbean
93,NIC,Nicaragua,2022,77,88,-1.440424,-1.66475,-1.621447,-1.433751,-1.263794,-1.209033,Latin America & Caribbean
93,NIC,Nicaragua,2023,78,85,-1.556468,-1.824319,-1.767339,-1.555237,-1.359763,-1.305542,Latin America & Caribbean
93,NIC,Nicaragua,2024,79,107,-1.511736,-1.753385,-1.707134,-1.50717,-1.318233,-1.27093,Latin America & Caribbean
436,NER,Niger,1991,46,72,-0.6483384,-1.020259,-0.9582825,-0.6404475,-0.3559912,-0.2868317,Sub-Saharan Africa
436,NER,Niger,1992,47,73,-0.6757245,-1.00438,-0.9291137,-0.6698537,-0.4197791,-0.3544682,Sub-Saharan Africa
436,NER,Niger,1993,48,62,-0.7131103,-1.06503,-0.9722269,-0.706936,-0.4577558,-0.4090384,Sub-Saharan Africa
436,NER,Niger,1994,49,67,-0.6336189,-0.9950398,-0.9079607,-0.6234819,-0.3675248,-0.3084051,Sub-Saharan Africa
436,NER,Niger,1995,50,64,-0.7759795,-1.127827,-1.051602,-0.7728364,-0.501714,-0.4164105,Sub-Saharan Africa
436,NER,Niger,1996,51,66,-0.9258041,-1.275735,-1.207457,-0.9219313,-0.6376391,-0.5698324,Sub-Saharan Africa
436,NER,Niger,1997,52,71,-1.034737,-1.387291,-1.308738,-1.035537,-0.7637134,-0.682229,Sub-Saharan Africa
436,NER,Niger,1998,53,60,-0.744297,-1.116953,-1.010059,-0.7411366,-0.476529,-0.3987576,Sub-Saharan Africa
436,NER,Niger,2003,58,75,-0.9521414,-1.323387,-1.233686,-0.9488473,-0.6780527,-0.6040311,Sub-Saharan Africa
436,NER,Niger,2004,59,51,-0.8408305,-1.237219,-1.1488,-0.8301967,-0.5477651,-0.4827676,Sub-Saharan Africa
436,NER,Niger,2005,60,63,-0.4468548,-0.7004061,-0.6240697,-0.4427505,-0.2743117,-0.2312699,Sub-Saharan Africa
436,NER,Niger,2006,61,87,-0.6722314,-0.9408191,-0.872881,-0.6683839,-0.4753208,-0.4188319,Sub-Saharan Africa
436,NER,Niger,2007,62,79,-0.6764754,-0.9695319,-0.9065707,-0.6691117,-0.4664009,-0.4101121,Sub-Saharan Africa
436,NER,Niger,2008,63,68,-0.745755,-1.058041,-0.9784771,-0.7407993,-0.5205228,-0.4614098,Sub-Saharan Africa
436,NER,Niger,2009,64,64,-0.6936329,-1.004356,-0.9311758,-0.6817308,-0.4797665,-0.4320641,Sub-Saharan Africa
436,NER,Niger,2010,65,70,-0.5735369,-0.8480375,-0.7819978,-0.5709884,-0.3731364,-0.3255532,Sub-Saharan Africa
436,NER,Niger,2011,66,42,-0.7703436,-1.102051,-1.01205,-0.7689502,-0.5262162,-0.4755029,Sub-Saharan Africa
436,NER,Niger,2012,67,71,-0.511662,-0.7889304,-0.7253337,-0.5049338,-0.3101724,-0.2622943,Sub-Saharan Africa
436,NER,Niger,2013,68,62,-0.6543438,-0.9399479,-0.8649464,-0.6468627,-0.4416867,-0.4001988,Sub-Saharan Africa
436,NER,Niger,2014,69,77,-0.61944,-0.871596,-0.8158231,-0.6194309,-0.4235555,-0.3691701,Sub-Saharan Africa
436,NER,Niger,2015,70,77,-0.8929414,-1.207476,-1.132073,-0.8911566,-0.6565633,-0.590933,Sub-Saharan Africa
436,NER,Niger,2016,71,75,-0.5669286,-0.8630929,-0.7960105,-0.554021,-0.3622572,-0.3151075,Sub-Saharan Africa
436,NER,Niger,2017,72,35,-0.602436,-1.004602,-0.9040438,-0.5887995,-0.319722,-0.2443859,Sub-Saharan Africa
436,NER,Niger,2018,73,87,-0.7114725,-1.007942,-0.9222108,-0.7064264,-0.4899102,-0.4371412,Sub-Saharan Africa
436,NER,Niger,2019,74,68,-0.5880478,-0.9336935,-0.8240633,-0.5826817,-0.3644893,-0.3144762,Sub-Saharan Africa
436,NER,Niger,2020,75,85,-0.3165959,-0.5305317,-0.4750785,-0.3126195,-0.1554829,-0.1251128,Sub-Saharan Africa
436,NER,Niger,2021,76,54,-0.4798434,-0.7642452,-0.6946979,-0.4713094,-0.2766128,-0.2133175,Sub-Saharan Africa
436,NER,Niger,2022,77,63,-0.4052875,-0.60731,-0.5572936,-0.4052331,-0.2462032,-0.2110262,Sub-Saharan Africa
436,NER,Niger,2023,78,78,-0.6290592,-0.8369576,-0.792363,-0.6264935,-0.4670896,-0.4317209,Sub-Saharan Africa
436,NER,Niger,2024,79,96,-1.046594,-1.321776,-1.249621,-1.04671,-0.8420345,-0.7933965,Sub-Saharan Africa
475,NGA,Nigeria,1991,46,71,-0.6904008,-1.054943,-0.9744741,-0.6886548,-0.4217873,-0.3418688,Sub-Saharan Africa
475,NGA,Nigeria,1992,47,73,-0.6686395,-0.9962528,-0.9217873,-0.6669003,-0.4300216,-0.3630795,Sub-Saharan Africa
475,NGA,Nigeria,1993,48,62,-0.340142,-0.6119,-0.5394849,-0.3334935,-0.1522747,-0.1099699,Sub-Saharan Africa
475,NGA,Nigeria,1994,49,68,-0.5685841,-0.9296486,-0.8353508,-0.5640748,-0.298773,-0.2277911,Sub-Saharan Africa
475,NGA,Nigeria,1995,50,65,-1.384893,-1.7203,-1.650946,-1.385939,-1.116279,-1.041131,Sub-Saharan Africa
475,NGA,Nigeria,1996,51,73,-1.467354,-1.853145,-1.774083,-1.467006,-1.173096,-1.076954,Sub-Saharan Africa
475,NGA,Nigeria,1997,52,72,-1.546103,-1.911727,-1.819794,-1.536836,-1.267151,-1.197897,Sub-Saharan Africa
475,NGA,Nigeria,1998,53,62,-1.142709,-1.549857,-1.466706,-1.141688,-0.8188408,-0.7381703,Sub-Saharan Africa
475,NGA,Nigeria,1999,54,69,-0.4255977,-0.663174,-0.609348,-0.4195666,-0.242855,-0.1990447,Sub-Saharan Africa
475,NGA,Nigeria,2000,55,67,-0.6389629,-0.9693235,-0.8850977,-0.632715,-0.4025741,-0.3361618,Sub-Saharan Africa
475,NGA,Nigeria,2001,56,68,-0.6125261,-0.9020198,-0.8441389,-0.6031069,-0.4019186,-0.3521042,Sub-Saharan Africa
475,NGA,Nigeria,2002,57,73,-0.6659148,-1.014646,-0.9318061,-0.6519659,-0.4229904,-0.3688636,Sub-Saharan Africa
475,NGA,Nigeria,2003,58,78,-0.6331664,-0.9538306,-0.8664475,-0.6321381,-0.4119229,-0.3501466,Sub-Saharan Africa
475,NGA,Nigeria,2004,59,72,-0.8287468,-1.216874,-1.122456,-0.8186089,-0.5580772,-0.4922868,Sub-Saharan Africa
475,NGA,Nigeria,2005,60,75,-0.4388707,-0.6537273,-0.5979107,-0.4361838,-0.2771701,-0.2318391,Sub-Saharan Africa
475,NGA,Nigeria,2006,61,84,-0.3512311,-0.5583281,-0.507111,-0.3450712,-0.20449,-0.1608128,Sub-Saharan Africa
475,NGA,Nigeria,2007,62,78,-0.3938426,-0.6118302,-0.5560561,-0.3874714,-0.2343279,-0.2007188,Sub-Saharan Africa
475,NGA,Nigeria,2008,63,68,-0.6526755,-0.9759135,-0.887123,-0.6411956,-0.4318648,-0.3829926,Sub-Saharan Africa
475,NGA,Nigeria,2009,64,66,-0.5961499,-0.8741368,-0.8083087,-0.5890694,-0.4013453,-0.3427591,Sub-Saharan Africa
475,NGA,Nigeria,2010,65,69,-0.3990892,-0.6106549,-0.5609227,-0.3970372,-0.2408139,-0.1952459,Sub-Saharan Africa
475,NGA,Nigeria,2011,66,49,-0.547327,-0.8403891,-0.7823069,-0.5369578,-0.3253159,-0.2848364,Sub-Saharan Africa
475,NGA,Nigeria,2012,67,74,-0.5584978,-0.8124929,-0.7603488,-0.5548262,-0.361995,-0.3141941,Sub-Saharan Africa
475,NGA,Nigeria,2013,68,62,-0.6560701,-0.9362337,-0.8791082,-0.6546756,-0.4442406,-0.3865514,Sub-Saharan Africa
475,NGA,Nigeria,2014,69,76,-0.6427325,-0.9240245,-0.8649983,-0.6319879,-0.4329896,-0.3913685,Sub-Saharan Africa
475,NGA,Nigeria,2015,70,76,-0.8581908,-1.183246,-1.106444,-0.8605943,-0.603993,-0.5416527,Sub-Saharan Africa
475,NGA,Nigeria,2016,71,78,-0.7369937,-1.041118,-0.9882505,-0.7308793,-0.4866894,-0.4357298,Sub-Saharan Africa
475,NGA,Nigeria,2017,72,88,-0.4891599,-0.7593723,-0.6889442,-0.4874207,-0.2992403,-0.2572045,Sub-Saharan Africa
475,NGA,Nigeria,2018,73,107,-0.4648595,-0.6767858,-0.6231389,-0.460735,-0.3087095,-0.2707402,Sub-Saharan Africa
475,NGA,Nigeria,2019,74,95,-0.4265579,-0.6378253,-0.5953421,-0.4248402,-0.2619446,-0.2327215,Sub-Saharan Africa
475,NGA,Nigeria,2020,75,96,-0.2878953,-0.4736483,-0.4277309,-0.2836165,-0.1480008,-0.1123914,Sub-Saharan Africa
475,NGA,Nigeria,2021,76,84,-0.4921373,-0.7360474,-0.6735288,-0.4880063,-0.3259153,-0.2764032,Sub-Saharan Africa
475,NGA,Nigeria,2022,77,77,-0.5383274,-0.7286146,-0.6910254,-0.5363964,-0.3863559,-0.3420756,Sub-Saharan Africa
475,NGA,Nigeria,2023,78,74,-0.5456518,-0.7437329,-0.6913025,-0.5463649,-0.3970355,-0.3524751,Sub-Saharan Africa
475,NGA,Nigeria,2024,79,101,-0.5165544,-0.6893974,-0.6486965,-0.5181174,-0.3776385,-0.3430668,Sub-Saharan Africa
731,PRK,North Korea,1991,46,64,-1.350794,-1.844634,-1.754911,-1.351605,-0.9714635,-0.8758899,Other
731,PRK,North Korea,1992,47,66,-1.291661,-1.798155,-1.68128,-1.276642,-0.9194266,-0.8416071,Other
731,PRK,North Korea,1993,48,59,-1.688397,-2.140481,-2.043312,-1.675288,-1.360463,-1.257319,Other
731,PRK,North Korea,1994,49,59,-1.917915,-2.358225,-2.247318,-1.905683,-1.599,-1.516351,Other
731,PRK,North Korea,1995,50,52,-1.801793,-2.198329,-2.100513,-1.795468,-1.512226,-1.440111,Other
731,PRK,North Korea,1996,51,60,-1.901156,-2.374561,-2.268222,-1.896065,-1.541145,-1.441512,Other
731,PRK,North Korea,1997,52,62,-1.966286,-2.386716,-2.261309,-1.958142,-1.676373,-1.596053,Other
731,PRK,North Korea,1998,53,53,-1.832531,-2.289106,-2.189366,-1.836243,-1.47472,-1.369262,Other
731,PRK,North Korea,1999,54,56,-1.547258,-1.929318,-1.84689,-1.543293,-1.250051,-1.186275,Other
731,PRK,North Korea,2000,55,55,-1.311171,-1.735462,-1.65519,-1.298049,-0.9759082,-0.8644397,Other
731,PRK,North Korea,2001,56,60,-1.511117,-1.922884,-1.833579,-1.520346,-1.169987,-1.065773,Other
731,PRK,North Korea,2002,57,68,-1.397073,-1.854974,-1.728403,-1.390887,-1.051572,-0.954256,Other
731,PRK,North Korea,2003,58,71,-1.224482,-1.654311,-1.547528,-1.217954,-0.8932092,-0.8043463,Other
731,PRK,North Korea,2004,59,62,-1.323877,-1.780672,-1.700049,-1.327348,-0.9523085,-0.8562307,Other
731,PRK,North Korea,2005,60,64,-1.229108,-1.689549,-1.581564,-1.218917,-0.9089652,-0.8373747,Other
731,PRK,North Korea,2006,61,72,-1.010117,-1.396534,-1.302016,-1.010307,-0.7196136,-0.6289935,Other
731,PRK,North Korea,2007,62,73,-1.155962,-1.541854,-1.47346,-1.136384,-0.8563495,-0.7774567,Other
731,PRK,North Korea,2008,63,69,-1.250368,-1.690918,-1.579709,-1.234531,-0.9250916,-0.8508764,Other
731,PRK,North Korea,2009,64,63,-1.432185,-1.876038,-1.792427,-1.420537,-1.103326,-1.021038,Other
731,PRK,North Korea,2010,65,69,-2.008854,-2.360448,-2.2915,-2.01915,-1.720268,-1.635715,Other
731,PRK,North Korea,2011,66,63,-1.666526,-2.089124,-1.998962,-1.659913,-1.357637,-1.26547,Other
731,PRK,North Korea,2012,67,71,-1.984124,-2.286003,-2.230453,-1.997285,-1.728422,-1.656614,Other
731,PRK,North Korea,2013,68,60,-2.104023,-2.441774,-2.362951,-2.108517,-1.84091,-1.765061,Other
731,PRK,North Korea,2014,69,73,-2.021589,-2.34465,-2.2789,-2.032722,-1.73714,-1.659139,Other
731,PRK,North Korea,2015,70,72,-0.4981491,-0.7127956,-0.6716341,-0.497154,-0.3342601,-0.3000136,Other
731,PRK,North Korea,2016,71,71,-0.6832933,-0.966519,-0.895618,-0.6802718,-0.4785689,-0.4216479,Other
731,PRK,North Korea,2017,72,78,-0.2585858,-0.4349705,-0.395513,-0.2567584,-0.1286323,-0.09055844,Other
731,PRK,North Korea,2018,73,96,-0.6632683,-0.8710669,-0.8225436,-0.6579561,-0.5084384,-0.4598302,Other
731,PRK,North Korea,2019,74,89,-0.2713694,-0.4191039,-0.3810452,-0.2700404,-0.156064,-0.1280009,Other
731,PRK,North Korea,2020,75,89,-0.3212954,-0.4937228,-0.4507852,-0.3192513,-0.190633,-0.1531335,Other
731,PRK,North Korea,2021,76,74,-0.3395476,-0.50569,-0.4736891,-0.3361753,-0.2143197,-0.1720728,Other
731,PRK,North Korea,2022,77,78,-0.8120838,-0.9848771,-0.9425213,-0.8148153,-0.6739657,-0.635038,Other
731,PRK,North Korea,2023,78,79,-0.7560411,-0.9105083,-0.8780057,-0.7561376,-0.6291628,-0.5964373,Other
731,PRK,North Korea,2024,79,97,-0.7276899,-0.8826901,-0.847,-0.7268264,-0.6148216,-0.5805523,Other
343,MKD,North Macedonia,1993,48,62,0.6147579,0.4558142,0.4912368,0.6139185,0.7426497,0.7752485,Other
343,MKD,North Macedonia,1994,49,67,1.088951,0.9075382,0.9346428,1.088159,1.243917,1.298984,Other
343,MKD,North Macedonia,1995,50,66,1.024487,0.8246555,0.8641681,1.02005,1.193258,1.232399,Other
343,MKD,North Macedonia,1996,51,74,1.143874,0.9385193,0.9829028,1.138054,1.313621,1.353609,Other
343,MKD,North Macedonia,1997,52,72,1.084883,0.8851301,0.9174597,1.084462,1.243227,1.291493,Other
343,MKD,North Macedonia,1998,53,61,0.9359842,0.747651,0.7877101,0.9318961,1.088887,1.141699,Other
343,MKD,North Macedonia,1999,54,65,0.8709765,0.6853834,0.7132796,0.8715542,1.026393,1.078109,Other
343,MKD,North Macedonia,2000,55,68,0.9700358,0.74563,0.803745,0.9680854,1.144865,1.18737,Other
343,MKD,North Macedonia,2001,56,66,0.9801939,0.7959058,0.8342226,0.9772613,1.126127,1.163914,Other
343,MKD,North Macedonia,2002,57,75,0.9272421,0.7454203,0.7819967,0.9229489,1.076285,1.107753,Other
343,MKD,North Macedonia,2003,58,78,0.9415532,0.7605178,0.797771,0.9368837,1.087293,1.124003,Other
343,MKD,North Macedonia,2004,59,69,0.9088541,0.7314582,0.7636425,0.9106201,1.0495,1.087429,Other
343,MKD,North Macedonia,2005,60,73,0.9219334,0.7336864,0.7687758,0.9193335,1.070523,1.108486,Other
343,MKD,North Macedonia,2006,61,87,0.9134734,0.7345414,0.7717308,0.9121972,1.058905,1.091401,Other
343,MKD,North Macedonia,2007,62,79,0.9186685,0.7378516,0.7763571,0.9195063,1.065272,1.105512,Other
343,MKD,North Macedonia,2008,63,77,0.9109634,0.723397,0.7660864,0.9076997,1.065291,1.101779,Other
343,MKD,North Macedonia,2009,64,66,0.9940202,0.8021597,0.842978,0.9910395,1.149449,1.187735,Other
343,MKD,North Macedonia,2010,65,72,0.8712718,0.7123054,0.7458729,0.8713882,1.003699,1.044001,Other
343,MKD,North Macedonia,2011,66,69,0.8544413,0.6633376,0.7027842,0.8604731,0.9962207,1.051245,Other
343,MKD,North Macedonia,2012,67,74,0.8565036,0.6650578,0.7114343,0.8518832,1.002548,1.057196,Other
343,MKD,North Macedonia,2013,68,64,0.7890823,0.6066445,0.6486089,0.7911101,0.9366246,0.9705258,Other
343,MKD,North Macedonia,2014,69,35,0.8230475,0.5725637,0.6226004,0.8165905,1.042232,1.097193,Other
343,MKD,North Macedonia,2015,70,75,0.7654088,0.6135212,0.6482556,0.7636156,0.8776939,0.9216875,Other
343,MKD,North Macedonia,2016,71,80,0.7488094,0.5969893,0.6305008,0.746186,0.8723958,0.9107504,Other
343,MKD,North Macedonia,2017,72,92,0.800665,0.6550507,0.6798454,0.7932104,0.9221091,0.9535865,Other
343,MKD,North Macedonia,2018,73,109,0.810025,0.6810757,0.7060773,0.8055827,0.92018,0.9548391,Other
343,MKD,North Macedonia,2019,74,100,0.941583,0.7937747,0.8185667,0.941401,1.062887,1.099604,Other
343,MKD,North Macedonia,2020,75,97,0.9824617,0.8324421,0.8636391,0.9797998,1.107799,1.145573,Other
343,MKD,North Macedonia,2021,76,85,0.958454,0.7986362,0.8253235,0.9531629,1.090864,1.128273,Other
343,MKD,North Macedonia,2022,77,42,0.9501362,0.730427,0.7900035,0.9427275,1.120152,1.190427,Other
343,MKD,North Macedonia,2023,78,86,0.8963071,0.7401393,0.7727916,0.8972463,1.017862,1.05395,Other
343,MKD,North Macedonia,2024,79,102,1.015479,0.8633761,0.8963893,1.013006,1.133831,1.168727,Other
385,NOR,Norway,1991,46,72,1.286766,1.12302,1.155741,1.283221,1.420016,1.459975,Western Europe & North America
385,NOR,Norway,1992,47,74,1.240391,1.049278,1.099885,1.236774,1.385538,1.420979,Western Europe & North America
385,NOR,Norway,1993,48,63,1.30951,1.106972,1.147638,1.307632,1.473638,1.503675,Western Europe & North America
385,NOR,Norway,1994,49,68,1.339393,1.108978,1.155618,1.338157,1.519099,1.562832,Western Europe & North America
385,NOR,Norway,1995,50,67,1.351483,1.120555,1.161819,1.347196,1.54307,1.601454,Western Europe & North America
385,NOR,Norway,1996,51,74,1.395172,1.181358,1.22472,1.389038,1.574507,1.618691,Western Europe & North America
385,NOR,Norway,1997,52,73,1.430919,1.197181,1.241516,1.426973,1.622494,1.681424,Western Europe & North America
385,NOR,Norway,1998,53,63,1.133133,0.9034166,0.9545751,1.130719,1.320115,1.370495,Western Europe & North America
385,NOR,Norway,1999,54,70,1.096818,0.8765525,0.9235804,1.093775,1.266822,1.322316,Western Europe & North America
385,NOR,Norway,2000,55,68,1.11415,0.8939931,0.9351917,1.111477,1.296082,1.344956,Western Europe & North America
385,NOR,Norway,2001,56,69,1.183453,0.9581192,1.0101,1.18048,1.355195,1.398892,Western Europe & North America
385,NOR,Norway,2002,57,76,1.071363,0.8750342,0.9099488,1.070445,1.230268,1.281909,Western Europe & North America
385,NOR,Norway,2003,58,77,1.105165,0.9091228,0.9532878,1.101265,1.260971,1.303281,Western Europe & North America
385,NOR,Norway,2004,59,71,0.9379294,0.7425266,0.7901387,0.9347941,1.085891,1.123229,Western Europe & North America
385,NOR,Norway,2005,60,75,0.9707918,0.7668119,0.809853,0.9672132,1.137903,1.17479,Western Europe & North America
385,NOR,Norway,2006,61,87,0.8790815,0.7114235,0.7444028,0.876556,1.010963,1.055273,Western Europe & North America
385,NOR,Norway,2007,62,79,0.816728,0.6452667,0.6864986,0.8173349,0.9523507,0.9956023,Western Europe & North America
385,NOR,Norway,2008,63,76,0.7589213,0.5853105,0.62258,0.755068,0.8963716,0.9384683,Western Europe & North America
385,NOR,Norway,2009,64,66,0.8650133,0.6998337,0.7289842,0.8631163,1.004109,1.04715,Western Europe & North America
385,NOR,Norway,2010,65,72,0.785303,0.6215319,0.6600222,0.7817281,0.9225383,0.9709255,Western Europe & North America
385,NOR,Norway,2011,66,69,0.8075413,0.6301306,0.6674038,0.8053392,0.9555063,0.9974146,Western Europe & North America
385,NOR,Norway,2012,67,74,0.8528414,0.6730772,0.70648,0.8487223,1.00429,1.044712,Western Europe & North America
385,NOR,Norway,2013,68,64,0.8599394,0.6655839,0.7133278,0.8571193,1.011833,1.070905,Western Europe & North America
385,NOR,Norway,2014,69,77,0.8982384,0.7331385,0.766918,0.8964736,1.030484,1.066294,Western Europe & North America
385,NOR,Norway,2015,70,78,0.8790498,0.7227198,0.7513987,0.8730462,1.014043,1.049194,Western Europe & North America
385,NOR,Norway,2016,71,79,0.8650177,0.6961334,0.7331283,0.8632549,1.005208,1.034941,Western Europe & North America
385,NOR,Norway,2017,72,93,0.8744478,0.720391,0.7543337,0.8712875,1.005279,1.038138,Western Europe & North America
385,NOR,Norway,2018,73,109,0.8446957,0.7029896,0.7291493,0.8432812,0.9590514,0.9875363,Western Europe & North America
385,NOR,Norway,2019,74,100,0.8479457,0.711574,0.7399455,0.8448842,0.958698,0.9870954,Western Europe & North America
385,NOR,Norway,2020,75,97,0.7955651,0.6627242,0.6912809,0.7910409,0.9025987,0.931905,Western Europe & North America
385,NOR,Norway,2021,76,86,0.9598726,0.7970923,0.830188,0.9635996,1.081999,1.123902,Western Europe & North America
385,NOR,Norway,2022,77,88,0.9181213,0.7610054,0.7928543,0.9194814,1.04559,1.083634,Western Europe & North America
385,NOR,Norway,2023,78,88,0.8187412,0.6736117,0.7015621,0.8219501,0.9270884,0.9662013,Western Europe & North America
385,NOR,Norway,2024,79,108,0.715869,0.5983718,0.6249075,0.7151596,0.8090866,0.8392171,Western Europe & North America
698,OMN,Oman,1991,46,73,-0.6339415,-1.037201,-0.9573142,-0.6241827,-0.3494565,-0.2895672,MENA
698,OMN,Oman,1992,47,71,-0.5905481,-0.9778782,-0.8892262,-0.5801186,-0.3092869,-0.243927,MENA
698,OMN,Oman,1993,48,60,-0.6726825,-1.058799,-0.9726833,-0.6651852,-0.3870324,-0.3073641,MENA
698,OMN,Oman,1994,49,64,-0.7654684,-1.152917,-1.061342,-0.772452,-0.4430238,-0.3574323,MENA
698,OMN,Oman,1995,50,63,-0.7316593,-1.097101,-1.015741,-0.7277429,-0.4581343,-0.3909923,MENA
698,OMN,Oman,1996,51,71,-0.7539633,-1.119433,-1.039081,-0.7468892,-0.4783519,-0.4144021,MENA
698,OMN,Oman,1997,52,71,-0.694211,-1.048786,-0.9643921,-0.6945873,-0.4245939,-0.3575308,MENA
698,OMN,Oman,1998,53,60,-0.8379257,-1.267233,-1.171342,-0.8288838,-0.4999716,-0.4288771,MENA
698,OMN,Oman,1999,54,66,-0.8024078,-1.221414,-1.110138,-0.7920188,-0.5022438,-0.4281622,MENA
698,OMN,Oman,2000,55,65,-1.225281,-1.706993,-1.62788,-1.214516,-0.8445759,-0.7425098,MENA
698,OMN,Oman,2001,56,66,-1.101564,-1.591495,-1.462301,-1.098362,-0.7443707,-0.6591733,MENA
698,OMN,Oman,2002,57,76,-1.19188,-1.622303,-1.522449,-1.184283,-0.8815819,-0.8115947,MENA
698,OMN,Oman,2003,58,78,-1.199175,-1.587023,-1.506357,-1.198495,-0.8956945,-0.8044768,MENA
698,OMN,Oman,2004,59,71,-1.03275,-1.441406,-1.357165,-1.015358,-0.7268735,-0.6462565,MENA
698,OMN,Oman,2005,60,74,-1.100827,-1.488933,-1.381698,-1.083701,-0.8136437,-0.7441635,MENA
698,OMN,Oman,2006,61,85,-0.9635142,-1.387695,-1.277563,-0.948897,-0.6813126,-0.6104464,MENA
698,OMN,Oman,2007,62,79,-1.315271,-1.731393,-1.640103,-1.302402,-1.006186,-0.9171099,MENA
698,OMN,Oman,2008,63,74,-1.293928,-1.686951,-1.604776,-1.283638,-0.9991894,-0.916085,MENA
698,OMN,Oman,2009,64,66,-1.194692,-1.535738,-1.459923,-1.18641,-0.9376902,-0.8532898,MENA
698,OMN,Oman,2010,65,72,-1.233269,-1.59967,-1.504719,-1.228378,-0.9636159,-0.8737575,MENA
698,OMN,Oman,2011,66,69,-1.169478,-1.477588,-1.40789,-1.172257,-0.9262574,-0.8697543,MENA
698,OMN,Oman,2012,67,74,-1.038553,-1.358717,-1.276252,-1.039897,-0.7867425,-0.7271928,MENA
698,OMN,Oman,2013,68,64,-1.04376,-1.373179,-1.288834,-1.04179,-0.7917742,-0.7276064,MENA
698,OMN,Oman,2014,69,76,-1.272551,-1.611857,-1.550173,-1.269905,-0.9947301,-0.9139005,MENA
698,OMN,Oman,2015,70,77,-1.169216,-1.551384,-1.463833,-1.160415,-0.885473,-0.8081732,MENA
698,OMN,Oman,2016,71,80,-1.057771,-1.407039,-1.31789,-1.058952,-0.7864636,-0.7119082,MENA
698,OMN,Oman,2017,72,92,-0.8942856,-1.234664,-1.163649,-0.8845447,-0.6280621,-0.5682776,MENA
698,OMN,Oman,2018,73,108,-0.816768,-1.083526,-1.019525,-0.8148433,-0.6249597,-0.5671445,MENA
698,OMN,Oman,2019,74,97,-0.7813897,-1.049089,-0.9800622,-0.7778732,-0.5785736,-0.5153836,MENA
698,OMN,Oman,2020,75,97,-0.7802819,-1.052212,-0.9939037,-0.7775156,-0.5789533,-0.5346941,MENA
698,OMN,Oman,2021,76,85,-0.6651563,-0.927369,-0.8621241,-0.6603645,-0.4766438,-0.4190742,MENA
698,OMN,Oman,2022,77,88,-0.6552068,-0.8495138,-0.8121118,-0.6554473,-0.501795,-0.462541,MENA
698,OMN,Oman,2023,78,87,-0.7971376,-0.9780383,-0.9443494,-0.8002172,-0.6487755,-0.5998206,MENA
698,OMN,Oman,2024,79,107,-0.8456117,-1.026302,-0.9818455,-0.8457751,-0.7035012,-0.6647734,MENA
770,PAK,Pakistan,1991,46,74,-0.8547178,-1.25483,-1.171503,-0.8393738,-0.5611241,-0.4688823,South & East Asia
770,PAK,Pakistan,1992,47,75,-0.9335293,-1.300181,-1.205816,-0.9373352,-0.6549888,-0.5847117,South & East Asia
770,PAK,Pakistan,1993,48,65,-0.8859506,-1.217655,-1.146772,-0.8831584,-0.6240357,-0.5652688,South & East Asia
770,PAK,Pakistan,1994,49,68,-0.9351533,-1.308433,-1.213516,-0.9426577,-0.6470108,-0.5699127,South & East Asia
770,PAK,Pakistan,1995,50,67,-1.133881,-1.479876,-1.40435,-1.136338,-0.8610326,-0.7955082,South & East Asia
770,PAK,Pakistan,1996,51,74,-1.009748,-1.393159,-1.288872,-1.001345,-0.7360089,-0.6588062,South & East Asia
770,PAK,Pakistan,1997,52,73,-0.8410462,-1.158978,-1.092421,-0.8368062,-0.6024773,-0.5402441,South & East Asia
770,PAK,Pakistan,1998,53,63,-0.6593431,-0.9662416,-0.8877926,-0.6490026,-0.4342079,-0.3760591,South & East Asia
770,PAK,Pakistan,1999,54,70,-0.551778,-0.8097367,-0.7580133,-0.5518679,-0.3431942,-0.2894648,South & East Asia
770,PAK,Pakistan,2000,55,66,-0.8661885,-1.247689,-1.140817,-0.8580655,-0.6017337,-0.5244591,South & East Asia
770,PAK,Pakistan,2001,56,68,-0.6925396,-1.017716,-0.9316929,-0.6882196,-0.4621087,-0.4012739,South & East Asia
770,PAK,Pakistan,2002,57,76,-0.3800932,-0.5994858,-0.5450336,-0.3756462,-0.2150351,-0.1836431,South & East Asia
770,PAK,Pakistan,2003,58,78,-0.4260178,-0.6601637,-0.606464,-0.4180768,-0.2439764,-0.2097012,South & East Asia
770,PAK,Pakistan,2004,59,71,-0.5675127,-0.8487773,-0.7736403,-0.5562957,-0.3628941,-0.3081827,South & East Asia
770,PAK,Pakistan,2005,60,73,-0.5639332,-0.788582,-0.7435643,-0.5621444,-0.3966997,-0.3512105,South & East Asia
770,PAK,Pakistan,2006,61,86,-0.5582401,-0.8175145,-0.7480445,-0.5498787,-0.3772709,-0.3295844,South & East Asia
770,PAK,Pakistan,2007,62,79,-0.4716108,-0.7006534,-0.6473723,-0.4595463,-0.3154748,-0.2703776,South & East Asia
770,PAK,Pakistan,2008,63,76,-0.6466863,-0.8957884,-0.8425965,-0.646213,-0.4544532,-0.4171775,South & East Asia
770,PAK,Pakistan,2009,64,66,-0.4988838,-0.7339469,-0.6911329,-0.4942284,-0.3245514,-0.2899458,South & East Asia
770,PAK,Pakistan,2010,65,72,-0.7625593,-1.069599,-0.9889503,-0.7548146,-0.5354052,-0.4650633,South & East Asia
770,PAK,Pakistan,2011,66,68,-0.7131394,-0.9578333,-0.9057074,-0.7092307,-0.5323447,-0.4729376,South & East Asia
770,PAK,Pakistan,2012,67,73,-0.8318683,-1.094771,-1.047961,-0.8274952,-0.6292578,-0.570453,South & East Asia
770,PAK,Pakistan,2013,68,63,-0.469452,-0.710483,-0.641951,-0.4624796,-0.2919197,-0.2488782,South & East Asia
770,PAK,Pakistan,2014,69,77,-0.9193113,-1.210822,-1.130669,-0.9145101,-0.7126713,-0.6489756,South & East Asia
770,PAK,Pakistan,2015,70,78,-0.2238567,-0.389213,-0.3538408,-0.2217016,-0.1006682,-0.0657518,South & East Asia
770,PAK,Pakistan,2016,71,80,-0.3430302,-0.5367351,-0.4888351,-0.3422521,-0.1957459,-0.1621854,South & East Asia
770,PAK,Pakistan,2017,72,90,-0.2510135,-0.4237513,-0.3956303,-0.2475433,-0.1155254,-0.08911305,South & East Asia
770,PAK,Pakistan,2018,73,108,-0.3795043,-0.5631107,-0.5186592,-0.3772029,-0.2402834,-0.2100648,South & East Asia
770,PAK,Pakistan,2019,74,99,-0.1838111,-0.3324939,-0.2986985,-0.1819543,-0.07019526,-0.04304023,South & East Asia
770,PAK,Pakistan,2020,75,95,-0.1921097,-0.3396795,-0.3062518,-0.1902201,-0.07509032,-0.04921063,South & East Asia
770,PAK,Pakistan,2021,76,85,-0.1291265,-0.2709001,-0.2385329,-0.1294266,-0.01648756,0.01348238,South & East Asia
770,PAK,Pakistan,2022,77,88,-0.5674536,-0.7221818,-0.6977714,-0.5685815,-0.4357363,-0.4057297,South & East Asia
770,PAK,Pakistan,2023,78,88,-0.4117174,-0.5506466,-0.5237082,-0.4136405,-0.2915432,-0.2617284,South & East Asia
770,PAK,Pakistan,2024,79,107,-0.3252673,-0.4668604,-0.4273469,-0.3241018,-0.2234274,-0.1928415,South & East Asia
986,PLW,Palau,1995,50,3,0.9672173,0.48423,0.5895946,0.970482,1.325656,1.427986,Other
986,PLW,Palau,1996,51,29,0.9256023,0.6790761,0.7380906,0.9261438,1.132667,1.187144,Other
986,PLW,Palau,2000,55,14,1.402325,1.006327,1.090224,1.387555,1.746111,1.857653,Other
986,PLW,Palau,2001,56,6,0.8287667,0.31325,0.4267142,0.8163781,1.239364,1.373643,Other
986,PLW,Palau,2002,57,33,2.322026,2.037228,2.100164,2.322333,2.543717,2.600152,Other
986,PLW,Palau,2003,58,35,2.458217,2.168196,2.231031,2.460267,2.687195,2.747003,Other
986,PLW,Palau,2004,59,63,2.667442,2.473726,2.520432,2.669517,2.821454,2.86888,Other
986,PLW,Palau,2005,60,70,1.805543,1.632823,1.66562,1.805209,1.941497,1.988578,Other
986,PLW,Palau,2006,61,82,1.966816,1.796615,1.831179,1.966674,2.098754,2.141326,Other
986,PLW,Palau,2007,62,72,1.800073,1.635203,1.668857,1.797939,1.927025,1.970719,Other
986,PLW,Palau,2008,63,69,2.034274,1.845761,1.888429,2.035543,2.182612,2.219875,Other
986,PLW,Palau,2009,64,61,1.777955,1.595239,1.63839,1.780125,1.920897,1.963975,Other
986,PLW,Palau,2010,65,63,1.959656,1.758609,1.791867,1.957806,2.130279,2.17918,Other
986,PLW,Palau,2011,66,62,2.044954,1.846789,1.887104,2.045637,2.206455,2.247102,Other
986,PLW,Palau,2012,67,64,1.953284,1.751875,1.78892,1.953216,2.114861,2.162676,Other
986,PLW,Palau,2013,68,61,1.612459,1.418008,1.459039,1.612676,1.767716,1.804631,Other
986,PLW,Palau,2014,69,64,1.512623,1.329174,1.362677,1.510579,1.661892,1.704606,Other
986,PLW,Palau,2015,70,56,1.034419,0.8690249,0.9031021,1.032642,1.164534,1.201202,Other
986,PLW,Palau,2016,71,78,0.807081,0.659199,0.692201,0.8079361,0.9145852,0.9493011,Other
986,PLW,Palau,2017,72,65,0.6203003,0.4579457,0.4920113,0.6182468,0.7491084,0.7842918,Other
986,PLW,Palau,2018,73,76,0.2146294,0.0836107,0.1177431,0.2157123,0.3074611,0.3340189,Other
986,PLW,Palau,2019,74,78,0.1323692,0.005905032,0.03611638,0.1335667,0.2282878,0.2519252,Other
986,PLW,Palau,2020,75,73,0.1957624,0.06893653,0.09362719,0.1961635,0.2990703,0.3193857,Other
986,PLW,Palau,2021,76,66,0.3569305,0.2273605,0.2593022,0.3517005,0.4646826,0.4936197,Other
986,PLW,Palau,2022,77,71,0.5340202,0.4045704,0.4291023,0.5344714,0.6426512,0.6727845,Other
986,PLW,Palau,2023,78,83,0.520231,0.3986913,0.4256357,0.5169028,0.6195011,0.6434967,Other
986,PLW,Palau,2024,79,99,0.5455232,0.4324749,0.4543719,0.5428588,0.6369154,0.660557,Other
95,PAN,Panama,1991,46,61,0.4862106,0.3295748,0.3623422,0.488,0.6085894,0.639221,Latin America & Caribbean
95,PAN,Panama,1992,47,75,0.3328987,0.1729865,0.2022022,0.3354091,0.4555353,0.4875014,Latin America & Caribbean
95,PAN,Panama,1993,48,65,0.4152641,0.2533149,0.2821008,0.4148915,0.5425703,0.5719665,Latin America & Caribbean
95,PAN,Panama,1994,49,66,-0.1230612,-0.4197829,-0.3520492,-0.1111625,0.07992231,0.1509109,Latin America & Caribbean
95,PAN,Panama,1995,50,67,-0.01737167,-0.2560695,-0.2037302,-0.01368143,0.1616435,0.2025228,Latin America & Caribbean
95,PAN,Panama,1996,51,73,-0.2304883,-0.478531,-0.4125231,-0.2290178,-0.03591123,0.01576837,Latin America & Caribbean
95,PAN,Panama,1997,52,67,-0.3657065,-0.6278996,-0.5631541,-0.364643,-0.1736532,-0.1200472,Latin America & Caribbean
95,PAN,Panama,1998,53,60,-0.2932744,-0.5504657,-0.4932238,-0.2894508,-0.09962191,-0.04513035,Latin America & Caribbean
95,PAN,Panama,1999,54,64,-0.2369248,-0.4309709,-0.3906064,-0.2334922,-0.08233435,-0.04149752,Latin America & Caribbean
95,PAN,Panama,2000,55,67,-0.3695291,-0.6410474,-0.5753426,-0.3609183,-0.1737677,-0.1239304,Latin America & Caribbean
95,PAN,Panama,2001,56,67,-0.2211254,-0.4444526,-0.3893543,-0.2173742,-0.05555198,-0.01761083,Latin America & Caribbean
95,PAN,Panama,2002,57,74,-0.2252856,-0.4276369,-0.3923108,-0.2222582,-0.06953934,-0.02388787,Latin America & Caribbean
95,PAN,Panama,2003,58,78,-0.3284259,-0.5660938,-0.5075337,-0.3237833,-0.1585789,-0.1242376,Latin America & Caribbean
95,PAN,Panama,2004,59,70,-0.2634115,-0.4864179,-0.4276587,-0.2604709,-0.1088942,-0.0584253,Latin America & Caribbean
95,PAN,Panama,2005,60,75,-0.2129365,-0.3995381,-0.3559587,-0.2086859,-0.07457698,-0.03973991,Latin America & Caribbean
95,PAN,Panama,2006,61,87,-0.14043,-0.2973832,-0.2678075,-0.1307609,-0.02289677,0.009014823,Latin America & Caribbean
95,PAN,Panama,2007,62,79,-0.1206696,-0.2879823,-0.2495994,-0.1173979,-0.0004248073,0.0281599,Latin America & Caribbean
95,PAN,Panama,2008,63,76,-0.0765738,-0.2279542,-0.1963685,-0.07418795,0.03855702,0.07515304,Latin America & Caribbean
95,PAN,Panama,2009,64,65,0.2093891,0.07385413,0.1050864,0.2109708,0.3143523,0.3378283,Latin America & Caribbean
95,PAN,Panama,2010,65,71,0.2443292,0.1025945,0.1377972,0.2433686,0.3547362,0.3717706,Latin America & Caribbean
95,PAN,Panama,2011,66,67,0.2224776,0.07998216,0.1122917,0.2228282,0.3322715,0.3613404,Latin America & Caribbean
95,PAN,Panama,2012,67,73,0.2229374,0.08490956,0.1107431,0.2262329,0.3274215,0.3566682,Latin America & Caribbean
95,PAN,Panama,2013,68,63,0.183297,0.04044592,0.07320771,0.180403,0.2938164,0.3290251,Latin America & Caribbean
95,PAN,Panama,2014,69,77,0.04905153,-0.1039134,-0.07198062,0.04990657,0.1626664,0.1911348,Latin America & Caribbean
95,PAN,Panama,2015,70,78,0.01878008,-0.1246624,-0.09357948,0.01927746,0.1313263,0.1633998,Latin America & Caribbean
95,PAN,Panama,2016,71,78,-0.05896981,-0.22563,-0.1925928,-0.05547111,0.07081056,0.1084591,Latin America & Caribbean
95,PAN,Panama,2017,72,93,-0.1013469,-0.2539888,-0.2209953,-0.09786751,0.01943756,0.04865253,Latin America & Caribbean
95,PAN,Panama,2018,73,108,0.01429972,-0.1275988,-0.09318957,0.01731762,0.1185519,0.1434737,Latin America & Caribbean
95,PAN,Panama,2019,74,99,-0.07703222,-0.225553,-0.1886945,-0.07578343,0.03863892,0.06737356,Latin America & Caribbean
95,PAN,Panama,2020,75,95,-0.06267837,-0.2310678,-0.1882731,-0.05898454,0.05305531,0.08291784,Latin America & Caribbean
95,PAN,Panama,2021,76,86,-0.09605624,-0.250711,-0.2168912,-0.09599873,0.02225093,0.05233697,Latin America & Caribbean
95,PAN,Panama,2022,77,88,0.08506717,-0.04143233,-0.01063295,0.08299901,0.1861008,0.2200452,Latin America & Caribbean
95,PAN,Panama,2023,78,88,-0.007059422,-0.1455275,-0.1088666,-0.004560082,0.09399645,0.1239557,Latin America & Caribbean
95,PAN,Panama,2024,79,106,0.1328899,0.01929043,0.04668714,0.1330601,0.2155958,0.2402559,Latin America & Caribbean
910,PNG,Papua New Guinea,1991,46,54,0.04654272,-0.1669908,-0.1238411,0.04427686,0.2172357,0.254559,Other
910,PNG,Papua New Guinea,1992,47,46,-0.05249275,-0.278154,-0.2256973,-0.0503339,0.1110685,0.1594795,Other
910,PNG,Papua New Guinea,1993,48,59,0.07176884,-0.1425361,-0.08814905,0.06569892,0.2383742,0.2859055,Other
910,PNG,Papua New Guinea,1994,49,62,0.09424971,-0.139133,-0.08040838,0.09464389,0.2676599,0.3217191,Other
910,PNG,Papua New Guinea,1995,50,66,-0.007003887,-0.2293208,-0.1784072,-0.002932904,0.1592259,0.2009629,Other
910,PNG,Papua New Guinea,1996,51,48,-0.8555977,-1.246789,-1.141107,-0.8534726,-0.5677205,-0.4970331,Other
910,PNG,Papua New Guinea,1997,52,71,-0.6579621,-0.9895526,-0.8976595,-0.6474946,-0.4291921,-0.3583144,Other
910,PNG,Papua New Guinea,1998,53,50,-0.6732044,-1.041231,-0.9537517,-0.6675334,-0.3920613,-0.3222651,Other
910,PNG,Papua New Guinea,1999,54,63,-0.7013945,-1.021956,-0.9416066,-0.6968322,-0.4678787,-0.4082931,Other
910,PNG,Papua New Guinea,2000,55,62,-0.3488326,-0.5993486,-0.5435479,-0.3466254,-0.1506591,-0.09573421,Other
910,PNG,Papua New Guinea,2001,56,66,0.04133443,-0.1321702,-0.08857435,0.04396885,0.1732375,0.2048209,Other
910,PNG,Papua New Guinea,2002,57,67,0.06950835,-0.09330221,-0.06120502,0.07141979,0.1957673,0.2240535,Other
910,PNG,Papua New Guinea,2003,58,71,0.1790559,0.0239314,0.05372338,0.1791142,0.3020847,0.3395277,Other
910,PNG,Papua New Guinea,2004,59,61,0.1635046,0.01261233,0.04331006,0.1624327,0.2797256,0.3162373,Other
910,PNG,Papua New Guinea,2005,60,64,0.3917305,0.2455172,0.2755478,0.3888586,0.5039257,0.5358677,Other
910,PNG,Papua New Guinea,2006,61,73,0.3195413,0.1808629,0.2075459,0.3172864,0.4302333,0.4636998,Other
910,PNG,Papua New Guinea,2007,62,53,-0.06474935,-0.2576538,-0.220207,-0.06312497,0.09970777,0.1357122,Other
910,PNG,Papua New Guinea,2008,63,66,-0.06510888,-0.2367951,-0.1938909,-0.06216575,0.05412743,0.09444534,Other
910,PNG,Papua New Guinea,2009,64,64,0.04936956,-0.09764901,-0.06954079,0.05121955,0.1613395,0.1891934,Other
910,PNG,Papua New Guinea,2010,65,67,-0.04959228,-0.2212473,-0.1800047,-0.04308331,0.07332073,0.1044089,Other
910,PNG,Papua New Guinea,2011,66,63,-0.03113469,-0.198468,-0.1570831,-0.02976544,0.08889441,0.1272347,Other
910,PNG,Papua New Guinea,2012,67,70,0.2052545,0.05788651,0.08656139,0.2091819,0.3144396,0.3544923,Other
910,PNG,Papua New Guinea,2013,68,63,0.06423881,-0.09008558,-0.06107897,0.06635269,0.1816544,0.2204637,Other
910,PNG,Papua New Guinea,2014,69,75,-0.02021745,-0.1895804,-0.146321,-0.01808091,0.1085232,0.1410974,Other
910,PNG,Papua New Guinea,2015,70,76,-0.2230459,-0.4089919,-0.3670486,-0.217775,-0.08893446,-0.0479337,Other
910,PNG,Papua New Guinea,2016,71,80,-0.2024061,-0.3921117,-0.3469758,-0.1982934,-0.05995995,-0.02036467,Other
910,PNG,Papua New Guinea,2017,72,89,-0.1362812,-0.2937411,-0.2588456,-0.1315053,-0.01651069,0.01485453,Other
910,PNG,Papua New Guinea,2018,73,106,0.102878,-0.03047898,0.004842677,0.1034,0.2076452,0.2381486,Other
910,PNG,Papua New Guinea,2019,74,63,0.08505646,-0.08751007,-0.04239121,0.08647422,0.2096878,0.2417765,Other
910,PNG,Papua New Guinea,2020,75,96,0.2369939,0.1130562,0.139077,0.2373612,0.3312686,0.3596237,Other
910,PNG,Papua New Guinea,2021,76,67,-0.03080469,-0.184075,-0.1395972,-0.02957689,0.07751346,0.108903,Other
910,PNG,Papua New Guinea,2022,77,86,0.1074323,-0.02347192,0.002399172,0.1114676,0.2065636,0.2309385,Other
910,PNG,Papua New Guinea,2023,78,84,0.2432005,0.1258781,0.1538006,0.2439023,0.3352529,0.3610709,Other
910,PNG,Papua New Guinea,2024,79,104,0.3227436,0.2087987,0.2358214,0.3244484,0.4009849,0.4266836,Other
150,PRY,Paraguay,1991,46,69,0.0234197,-0.1658016,-0.1243847,0.02522712,0.1671976,0.2064429,Latin America & Caribbean
150,PRY,Paraguay,1992,47,74,0.1110135,-0.07044175,-0.03622265,0.1160017,0.2480349,0.2874319,Latin America & Caribbean
150,PRY,Paraguay,1993,48,58,0.3229997,0.1369824,0.1840635,0.3232044,0.464342,0.4963908,Latin America & Caribbean
150,PRY,Paraguay,1994,49,67,0.03182929,-0.225646,-0.1657824,0.03244731,0.2139111,0.2734339,Latin America & Caribbean
150,PRY,Paraguay,1995,50,60,0.1960342,-0.008312505,0.03531559,0.2008929,0.3555553,0.3996221,Latin America & Caribbean
150,PRY,Paraguay,1996,51,70,0.1490207,-0.0362922,-0.003693196,0.1523247,0.2944106,0.3319627,Latin America & Caribbean
150,PRY,Paraguay,1997,52,70,-0.06087961,-0.2632735,-0.2263511,-0.06308902,0.1026167,0.1603236,Latin America & Caribbean
150,PRY,Paraguay,1998,53,62,0.03607594,-0.1689013,-0.1198633,0.03788563,0.1960351,0.2399531,Latin America & Caribbean
150,PRY,Paraguay,1999,54,70,0.05259288,-0.121748,-0.08728121,0.05398884,0.1900102,0.2234927,Latin America & Caribbean
150,PRY,Paraguay,2000,55,68,0.1173062,-0.04485911,-0.01323917,0.1176314,0.2463469,0.2867627,Latin America & Caribbean
150,PRY,Paraguay,2001,56,65,0.2129336,0.05301937,0.09245218,0.2123637,0.3311808,0.366297,Latin America & Caribbean
150,PRY,Paraguay,2002,57,76,-0.0332755,-0.19374,-0.1601354,-0.03317481,0.09123254,0.1269782,Latin America & Caribbean
150,PRY,Paraguay,2003,58,78,-0.03181175,-0.2011811,-0.1650906,-0.02717249,0.09145927,0.1281387,Latin America & Caribbean
150,PRY,Paraguay,2004,59,68,-0.04608846,-0.2085865,-0.1697726,-0.04653293,0.08111877,0.1201327,Latin America & Caribbean
150,PRY,Paraguay,2005,60,74,-0.09996621,-0.270209,-0.2256818,-0.09639835,0.01818172,0.06357865,Latin America & Caribbean
150,PRY,Paraguay,2006,61,88,-0.2083573,-0.3843213,-0.3464244,-0.2029963,-0.08232169,-0.05350465,Latin America & Caribbean
150,PRY,Paraguay,2007,62,71,-0.1468983,-0.3198305,-0.2837117,-0.1451355,-0.01617824,0.01811781,Latin America & Caribbean
150,PRY,Paraguay,2008,63,74,-0.2843769,-0.479547,-0.4345236,-0.2844144,-0.1409656,-0.09176689,Latin America & Caribbean
150,PRY,Paraguay,2009,64,63,-0.3349684,-0.5584733,-0.5001428,-0.333318,-0.1771917,-0.1279794,Latin America & Caribbean
150,PRY,Paraguay,2010,65,67,-0.3417957,-0.5585722,-0.5146704,-0.3361374,-0.1768023,-0.1333371,Latin America & Caribbean
150,PRY,Paraguay,2011,66,64,-0.3804281,-0.6339318,-0.5620884,-0.3736623,-0.2044864,-0.1580723,Latin America & Caribbean
150,PRY,Paraguay,2012,67,72,-0.1909898,-0.3754935,-0.3394395,-0.1919544,-0.0480916,-0.003825451,Latin America & Caribbean
150,PRY,Paraguay,2013,68,64,0.1425825,0.003365128,0.02941548,0.1427699,0.2561617,0.2816704,Latin America & Caribbean
150,PRY,Paraguay,2014,69,77,0.05044883,-0.09827885,-0.064475,0.05220252,0.164299,0.207785,Latin America & Caribbean
150,PRY,Paraguay,2015,70,76,-0.010937,-0.1597361,-0.1203901,-0.01041988,0.1045601,0.1374715,Latin America & Caribbean
150,PRY,Paraguay,2016,71,79,0.006882251,-0.1566472,-0.12455,0.006947935,0.1325578,0.164433,Latin America & Caribbean
150,PRY,Paraguay,2017,72,93,-0.06087464,-0.2151126,-0.1794172,-0.06073162,0.04971631,0.0849711,Latin America & Caribbean
150,PRY,Paraguay,2018,73,100,-0.129242,-0.3026113,-0.2579216,-0.1287851,0.0001381613,0.03133992,Latin America & Caribbean
150,PRY,Paraguay,2019,74,98,-0.1916749,-0.357812,-0.3179134,-0.1886286,-0.07022391,-0.03488862,Latin America & Caribbean
150,PRY,Paraguay,2020,75,96,-0.2260606,-0.4226796,-0.3794081,-0.2235466,-0.07107582,-0.03728852,Latin America & Caribbean
150,PRY,Paraguay,2021,76,86,-0.249188,-0.4274534,-0.38379,-0.2529276,-0.1145288,-0.07464331,Latin America & Caribbean
150,PRY,Paraguay,2022,77,88,-0.1378445,-0.2891176,-0.26118,-0.1360346,-0.02258811,0.006627509,Latin America & Caribbean
150,PRY,Paraguay,2023,78,88,-0.0779504,-0.2208741,-0.1899177,-0.07561947,0.02875848,0.06270836,Latin America & Caribbean
150,PRY,Paraguay,2024,79,107,0.2998331,0.1966247,0.2192333,0.3005315,0.3758546,0.4028399,Latin America & Caribbean
135,PER,Peru,1991,46,70,-0.3607452,-0.6771769,-0.5978673,-0.3541507,-0.1381645,-0.07279807,Latin America & Caribbean
135,PER,Peru,1992,47,74,-0.145971,-0.370444,-0.3248689,-0.1438882,0.02479859,0.07229667,Latin America & Caribbean
135,PER,Peru,1993,48,63,-0.2844244,-0.5519173,-0.4930026,-0.2775732,-0.08199185,-0.02447644,Latin America & Caribbean
135,PER,Peru,1994,49,68,-0.0863842,-0.3494513,-0.2823822,-0.0760685,0.1037548,0.1460397,Latin America & Caribbean
135,PER,Peru,1995,50,67,-0.1326994,-0.3825027,-0.3245926,-0.1304524,0.05515092,0.1131325,Latin America & Caribbean
135,PER,Peru,1996,51,74,-0.09848605,-0.3379203,-0.2814171,-0.09139944,0.07209368,0.1166314,Latin America & Caribbean
135,PER,Peru,1997,52,73,-0.166641,-0.3951855,-0.3438866,-0.1648803,0.00990037,0.05974544,Latin America & Caribbean
135,PER,Peru,1998,53,63,-0.09330299,-0.3149771,-0.2711126,-0.09100649,0.07790821,0.1182347,Latin America & Caribbean
135,PER,Peru,1999,54,70,-0.1457842,-0.3447198,-0.2957337,-0.1496806,0.004574204,0.04531034,Latin America & Caribbean
135,PER,Peru,2000,55,67,0.02086422,-0.1480735,-0.1109023,0.01970733,0.1594915,0.1962291,Latin America & Caribbean
135,PER,Peru,2001,56,69,0.0146316,-0.1549213,-0.1137213,0.01669203,0.1430528,0.1752407,Latin America & Caribbean
135,PER,Peru,2002,57,74,0.07043648,-0.07516512,-0.04149447,0.07240696,0.1903768,0.2176774,Latin America & Caribbean
135,PER,Peru,2003,58,78,0.0602602,-0.1045873,-0.06832599,0.06078354,0.183931,0.2153111,Latin America & Caribbean
135,PER,Peru,2004,59,72,0.08335816,-0.0701519,-0.0336271,0.08543275,0.1974552,0.2331916,Latin America & Caribbean
135,PER,Peru,2005,60,75,-0.009943834,-0.1659596,-0.1313925,-0.008914378,0.110503,0.138954,Latin America & Caribbean
135,PER,Peru,2006,61,88,-0.04496094,-0.1884966,-0.1563042,-0.04573345,0.07008551,0.09674693,Latin America & Caribbean
135,PER,Peru,2007,62,78,-0.01136372,-0.160693,-0.132661,-0.01094814,0.103181,0.1348218,Latin America & Caribbean
135,PER,Peru,2008,63,77,-0.05255067,-0.2157658,-0.1769414,-0.04789869,0.06540937,0.1084001,Latin America & Caribbean
135,PER,Peru,2009,64,66,-0.04729012,-0.2025769,-0.1682457,-0.04335752,0.06715287,0.09679099,Latin America & Caribbean
135,PER,Peru,2010,65,72,-0.06986391,-0.2282917,-0.1943085,-0.07222884,0.06019015,0.0928297,Latin America & Caribbean
135,PER,Peru,2011,66,69,-0.07597109,-0.2365698,-0.2043237,-0.07469387,0.04562016,0.09137389,Latin America & Caribbean
135,PER,Peru,2012,67,74,-0.1037167,-0.2714616,-0.2315032,-0.09679282,0.02186894,0.0562826,Latin America & Caribbean
135,PER,Peru,2013,68,64,-0.1001357,-0.2632294,-0.2261191,-0.1068329,0.03667542,0.06862968,Latin America & Caribbean
135,PER,Peru,2014,69,77,-0.1376208,-0.3104815,-0.2761121,-0.1383445,-0.003867903,0.03758865,Latin America & Caribbean
135,PER,Peru,2015,70,77,-0.2046757,-0.3911555,-0.3381071,-0.1981117,-0.07807111,-0.04761184,Latin America & Caribbean
135,PER,Peru,2016,71,80,-0.1502544,-0.3224419,-0.2876538,-0.1521652,-0.01669322,0.0275683,Latin America & Caribbean
135,PER,Peru,2017,72,92,-0.197925,-0.3829014,-0.3330828,-0.1986744,-0.05982805,-0.03009954,Latin America & Caribbean
135,PER,Peru,2018,73,107,-0.1334043,-0.2821896,-0.2470379,-0.1302829,-0.02648611,0.003678825,Latin America & Caribbean
135,PER,Peru,2019,74,97,-0.1854605,-0.3487896,-0.3115922,-0.1783431,-0.07072729,-0.03880116,Latin America & Caribbean
135,PER,Peru,2020,75,96,-0.1673341,-0.3371893,-0.2941487,-0.1649866,-0.04137994,-0.0167226,Latin America & Caribbean
135,PER,Peru,2021,76,86,-0.2612075,-0.4390571,-0.3983325,-0.25516,-0.134848,-0.1022939,Latin America & Caribbean
135,PER,Peru,2022,77,88,-0.1353063,-0.2878848,-0.2543676,-0.1329504,-0.01967287,0.00612042,Latin America & Caribbean
135,PER,Peru,2023,78,88,-0.1176131,-0.2650207,-0.23278,-0.1140298,-0.00851922,0.02253878,Latin America & Caribbean
135,PER,Peru,2024,79,108,-0.1510374,-0.2829128,-0.2598324,-0.1488264,-0.04927363,-0.03174867,Latin America & Caribbean
840,PHL,Philippines,1991,46,73,-0.7396511,-1.098997,-1.021305,-0.7359002,-0.4795549,-0.3948224,South & East Asia
840,PHL,Philippines,1992,47,75,-0.3766142,-0.6397453,-0.577368,-0.3730668,-0.1844512,-0.1366397,South & East Asia
840,PHL,Philippines,1993,48,65,-0.6604524,-0.9613926,-0.8973839,-0.656958,-0.4390166,-0.381048,South & East Asia
840,PHL,Philippines,1994,49,68,-0.4703894,-0.7808808,-0.7043928,-0.4680972,-0.2415805,-0.1880077,South & East Asia
840,PHL,Philippines,1995,50,67,-0.4568286,-0.7438355,-0.679125,-0.4521457,-0.2454531,-0.1806781,South & East Asia
840,PHL,Philippines,1996,51,73,-0.5703662,-0.8632047,-0.7965054,-0.5653491,-0.342424,-0.2825968,South & East Asia
840,PHL,Philippines,1997,52,73,-0.8368915,-1.180305,-1.103949,-0.8377377,-0.5823783,-0.4995499,South & East Asia
840,PHL,Philippines,1998,53,63,-0.8516622,-1.273612,-1.177037,-0.8414607,-0.5434922,-0.4808849,South & East Asia
840,PHL,Philippines,1999,54,69,-0.7695487,-1.103484,-1.03238,-0.7653525,-0.511035,-0.4603267,South & East Asia
840,PHL,Philippines,2000,55,67,-0.441913,-0.6852192,-0.6223897,-0.4423015,-0.2514959,-0.2093233,South & East Asia
840,PHL,Philippines,2001,56,69,-0.3554515,-0.5725661,-0.5266157,-0.3469026,-0.1943743,-0.1484696,South & East Asia
840,PHL,Philippines,2002,57,76,-0.4312444,-0.6688813,-0.6080721,-0.422933,-0.2643954,-0.2240482,South & East Asia
840,PHL,Philippines,2003,58,78,-0.4126418,-0.6590571,-0.5860326,-0.4081191,-0.2431279,-0.1891212,South & East Asia
840,PHL,Philippines,2004,59,72,-0.4267625,-0.7050803,-0.6254347,-0.4191234,-0.235807,-0.1896644,South & East Asia
840,PHL,Philippines,2005,60,74,-0.4226482,-0.6383132,-0.5895026,-0.4172546,-0.262172,-0.2221316,South & East Asia
840,PHL,Philippines,2006,61,88,-0.3886201,-0.5957717,-0.5422489,-0.3885444,-0.2323003,-0.1891533,South & East Asia
840,PHL,Philippines,2007,62,79,-0.438942,-0.6704711,-0.6162545,-0.4371011,-0.2689829,-0.229642,South & East Asia
840,PHL,Philippines,2008,63,76,-0.3946793,-0.6165574,-0.5759892,-0.3888492,-0.2268061,-0.1786797,South & East Asia
840,PHL,Philippines,2009,64,64,-0.4561974,-0.711384,-0.6522918,-0.452423,-0.2692785,-0.2262328,South & East Asia
840,PHL,Philippines,2010,65,71,-0.4923013,-0.7292544,-0.677396,-0.4935524,-0.3082726,-0.2556373,South & East Asia
840,PHL,Philippines,2011,66,69,-0.4226164,-0.6559523,-0.5945631,-0.4146339,-0.2448663,-0.2020971,South & East Asia
840,PHL,Philippines,2012,67,72,-0.4546516,-0.7160597,-0.6417549,-0.4485517,-0.2709007,-0.223495,South & East Asia
840,PHL,Philippines,2013,68,63,-0.5020175,-0.7692438,-0.7046411,-0.4975526,-0.3078562,-0.2500825,South & East Asia
840,PHL,Philippines,2014,69,75,-0.4342035,-0.6912713,-0.6207515,-0.4221224,-0.2613719,-0.214655,South & East Asia
840,PHL,Philippines,2015,70,78,-0.4835827,-0.7388632,-0.6764736,-0.4731752,-0.2943353,-0.255464,South & East Asia
840,PHL,Philippines,2016,71,80,-0.6177819,-0.8888638,-0.8350042,-0.6114201,-0.4173215,-0.3587845,South & East Asia
840,PHL,Philippines,2017,72,93,-0.8433749,-1.176012,-1.094204,-0.8456081,-0.5793068,-0.523022,South & East Asia
840,PHL,Philippines,2018,73,109,-0.3383261,-0.5074813,-0.4709597,-0.337996,-0.2107621,-0.1653773,South & East Asia
840,PHL,Philippines,2019,74,100,-0.4244778,-0.6195431,-0.5745948,-0.4213118,-0.2782769,-0.2375943,South & East Asia
840,PHL,Philippines,2020,75,97,-0.4606135,-0.6600394,-0.6191917,-0.4567155,-0.2975178,-0.2466833,South & East Asia
840,PHL,Philippines,2021,76,86,-0.3545684,-0.5338512,-0.4948629,-0.3485281,-0.2205667,-0.1747687,South & East Asia
840,PHL,Philippines,2022,77,87,-0.2480761,-0.4105099,-0.3702294,-0.2447455,-0.1272255,-0.09482028,South & East Asia
840,PHL,Philippines,2023,78,87,-0.4051489,-0.5856283,-0.5529005,-0.4001156,-0.2711184,-0.238391,South & East Asia
840,PHL,Philippines,2024,79,108,-0.2262242,-0.3624197,-0.3314608,-0.2248196,-0.1243888,-0.09260428,South & East Asia
290,POL,Poland,1991,46,72,1.357541,1.187716,1.226874,1.355369,1.481823,1.534592,Other
290,POL,Poland,1992,47,73,1.326765,1.148509,1.184476,1.327199,1.470321,1.511382,Other
290,POL,Poland,1993,48,64,1.370437,1.151519,1.191344,1.374921,1.540183,1.601177,Other
290,POL,Poland,1994,49,68,1.458362,1.220309,1.27266,1.456215,1.64696,1.703403,Other
290,POL,Poland,1995,50,65,1.506284,1.224835,1.300258,1.509502,1.717974,1.779843,Other
290,POL,Poland,1996,51,74,1.381881,1.150882,1.201202,1.375411,1.563539,1.639863,Other
290,POL,Poland,1997,52,73,1.335058,1.098614,1.147787,1.331993,1.523855,1.569643,Other
290,POL,Poland,1998,53,63,1.173297,0.9533155,1.01044,1.17499,1.33749,1.388057,Other
290,POL,Poland,1999,54,70,1.100558,0.8792806,0.9298433,1.097372,1.286145,1.329724,Other
290,POL,Poland,2000,55,68,1.154021,0.922577,0.9656792,1.156228,1.335177,1.38586,Other
290,POL,Poland,2001,56,69,1.110358,0.8992422,0.945681,1.109974,1.273404,1.318719,Other
290,POL,Poland,2002,57,76,1.052004,0.8645441,0.9006916,1.048898,1.20269,1.247531,Other
290,POL,Poland,2003,58,75,1.17062,0.9816328,1.020714,1.165314,1.324981,1.363141,Other
290,POL,Poland,2004,59,72,1.054266,0.8615087,0.9025352,1.04942,1.204207,1.256819,Other
290,POL,Poland,2005,60,74,0.9931403,0.8054964,0.8397867,0.9869093,1.147784,1.192429,Other
290,POL,Poland,2006,61,87,0.9591777,0.7685765,0.8057195,0.959072,1.108463,1.161688,Other
290,POL,Poland,2007,62,79,0.961636,0.7691397,0.8125341,0.9621301,1.118137,1.157959,Other
290,POL,Poland,2008,63,77,0.9904622,0.8021513,0.8406986,0.9940447,1.129916,1.17933,Other
290,POL,Poland,2009,64,66,1.068562,0.8874054,0.9170145,1.070091,1.209842,1.257134,Other
290,POL,Poland,2010,65,71,1.051605,0.8683088,0.9057043,1.051745,1.198567,1.241192,Other
290,POL,Poland,2011,66,69,0.9716196,0.7624575,0.8100519,0.9663463,1.146386,1.202902,Other
290,POL,Poland,2012,67,74,0.9665626,0.7701693,0.8208634,0.9578366,1.124201,1.175907,Other
290,POL,Poland,2013,68,63,0.9436773,0.7611714,0.8019981,0.938924,1.105605,1.145357,Other
290,POL,Poland,2014,69,77,0.9590426,0.7864421,0.8201352,0.9572846,1.092407,1.136626,Other
290,POL,Poland,2015,70,78,1.055403,0.8811821,0.9201006,1.052206,1.192482,1.235844,Other
290,POL,Poland,2016,71,80,1.028471,0.8458127,0.8848352,1.024626,1.172227,1.21538,Other
290,POL,Poland,2017,72,93,1.024432,0.8533598,0.8877792,1.021985,1.164197,1.213081,Other
290,POL,Poland,2018,73,108,1.113732,0.9454058,0.9858747,1.106649,1.248227,1.291956,Other
290,POL,Poland,2019,74,100,1.09686,0.9471243,0.973779,1.094491,1.214168,1.249086,Other
290,POL,Poland,2020,75,97,1.133947,0.9708734,1.008067,1.133956,1.269625,1.30685,Other
290,POL,Poland,2021,76,86,1.076144,0.9083254,0.9431892,1.076867,1.217095,1.244797,Other
290,POL,Poland,2022,77,87,1.121636,0.9450994,0.9787726,1.119601,1.272536,1.321454,Other
290,POL,Poland,2023,78,88,1.131679,0.9537073,0.991377,1.127087,1.26766,1.310764,Other
290,POL,Poland,2024,79,108,1.165867,0.9874419,1.026787,1.161684,1.312211,1.343708,Other
235,PRT,Portugal,1991,46,74,1.342045,1.184287,1.211561,1.336172,1.479906,1.511037,Western Europe & North America
235,PRT,Portugal,1992,47,75,1.278137,1.086169,1.129558,1.276311,1.423158,1.469247,Western Europe & North America
235,PRT,Portugal,1993,48,65,1.369996,1.168855,1.21197,1.367223,1.533296,1.576086,Western Europe & North America
235,PRT,Portugal,1994,49,68,1.385521,1.156665,1.206396,1.386226,1.569993,1.610554,Western Europe & North America
235,PRT,Portugal,1995,50,67,1.300843,1.067196,1.119439,1.295904,1.483068,1.549793,Western Europe & North America
235,PRT,Portugal,1996,51,73,1.443899,1.201072,1.254468,1.435305,1.642082,1.710147,Western Europe & North America
235,PRT,Portugal,1997,52,73,1.330593,1.089585,1.154749,1.323404,1.517879,1.569072,Western Europe & North America
235,PRT,Portugal,1998,53,63,1.125617,0.8959671,0.9471853,1.123119,1.307673,1.346335,Western Europe & North America
235,PRT,Portugal,1999,54,70,1.071486,0.8586842,0.9043969,1.071831,1.237822,1.301297,Western Europe & North America
235,PRT,Portugal,2000,55,68,0.9866509,0.7811412,0.8229736,0.9821533,1.158615,1.219864,Western Europe & North America
235,PRT,Portugal,2001,56,69,1.018054,0.8155499,0.8555105,1.015504,1.174138,1.226145,Western Europe & North America
235,PRT,Portugal,2002,57,73,1.082988,0.8861303,0.9274932,1.079084,1.245665,1.289869,Western Europe & North America
235,PRT,Portugal,2003,58,78,1.058453,0.8746448,0.9108093,1.059128,1.206231,1.252921,Western Europe & North America
235,PRT,Portugal,2004,59,72,0.9392358,0.7546395,0.797994,0.9354326,1.088461,1.131834,Western Europe & North America
235,PRT,Portugal,2005,60,75,0.8777351,0.6883923,0.726314,0.8759439,1.036124,1.069392,Western Europe & North America
235,PRT,Portugal,2006,61,88,0.941982,0.7660775,0.8014289,0.9383072,1.079601,1.126608,Western Europe & North America
235,PRT,Portugal,2007,62,79,0.9121339,0.7336395,0.7691872,0.9103574,1.055951,1.10563,Western Europe & North America
235,PRT,Portugal,2008,63,77,0.876009,0.68472,0.7247907,0.8793283,1.02534,1.065383,Western Europe & North America
235,PRT,Portugal,2009,64,66,0.8662599,0.6987556,0.7296079,0.8633405,1.006309,1.045564,Western Europe & North America
235,PRT,Portugal,2010,65,72,0.844427,0.6788426,0.7132626,0.8443287,0.9787915,1.02228,Western Europe & North America
235,PRT,Portugal,2011,66,69,0.8577153,0.673632,0.7106397,0.8540798,1.013638,1.056457,Western Europe & North America
235,PRT,Portugal,2012,67,74,0.8633271,0.6695853,0.7184554,0.8670415,1.010399,1.057556,Western Europe & North America
235,PRT,Portugal,2013,68,62,0.8629928,0.6680262,0.7033424,0.8628758,1.020458,1.061647,Western Europe & North America
235,PRT,Portugal,2014,69,76,0.8801788,0.7183961,0.7506835,0.8741232,1.015912,1.058183,Western Europe & North America
235,PRT,Portugal,2015,70,77,0.8540379,0.6985829,0.730823,0.8504946,0.9834869,1.014212,Western Europe & North America
235,PRT,Portugal,2016,71,79,0.85996,0.7084537,0.7411291,0.8595087,0.9842387,1.017841,Western Europe & North America
235,PRT,Portugal,2017,72,93,0.9383091,0.7684443,0.8057743,0.9377369,1.069007,1.114302,Western Europe & North America
235,PRT,Portugal,2018,73,109,0.8364467,0.6903215,0.7242819,0.8368443,0.9500973,0.9840489,Western Europe & North America
235,PRT,Portugal,2019,74,100,0.9598755,0.8071089,0.8443201,0.9620634,1.077188,1.112574,Western Europe & North America
235,PRT,Portugal,2020,75,97,0.87785,0.7386188,0.7627628,0.8760903,0.9931331,1.02704,Western Europe & North America
235,PRT,Portugal,2021,76,86,0.8972764,0.7460383,0.7786812,0.8935942,1.022452,1.061476,Western Europe & North America
235,PRT,Portugal,2022,77,88,0.9630928,0.7959603,0.8332335,0.9563403,1.095738,1.134596,Western Europe & North America
235,PRT,Portugal,2023,78,88,0.9904908,0.8281311,0.8651914,0.9879892,1.118579,1.156172,Western Europe & North America
235,PRT,Portugal,2024,79,107,0.9628264,0.8150822,0.8484813,0.9621322,1.08119,1.117482,Western Europe & North America
694,QAT,Qatar,1991,46,74,-0.7452859,-1.161916,-1.067401,-0.7377369,-0.4552234,-0.3913053,MENA
694,QAT,Qatar,1992,47,72,-0.5728673,-0.912148,-0.8362106,-0.5616567,-0.319405,-0.2650795,MENA
694,QAT,Qatar,1993,48,60,-0.6775534,-1.065222,-0.9777355,-0.6638611,-0.3850727,-0.3158262,MENA
694,QAT,Qatar,1994,49,63,-0.75647,-1.164931,-1.079521,-0.7558733,-0.440502,-0.3448689,MENA
694,QAT,Qatar,1995,50,63,-0.8056104,-1.140382,-1.068428,-0.808529,-0.5401986,-0.4683046,MENA
694,QAT,Qatar,1996,51,70,-0.8920493,-1.261078,-1.176148,-0.8913693,-0.6103579,-0.5277071,MENA
694,QAT,Qatar,1997,52,72,-0.8671335,-1.202324,-1.14191,-0.8682832,-0.5935773,-0.5204579,MENA
694,QAT,Qatar,1998,53,61,-0.8174078,-1.283644,-1.17258,-0.7940742,-0.494074,-0.4253693,MENA
694,QAT,Qatar,1999,54,67,-0.800133,-1.22479,-1.143824,-0.7773469,-0.5067617,-0.4394398,MENA
694,QAT,Qatar,2000,55,67,-1.272684,-1.668204,-1.585053,-1.279729,-0.9586837,-0.8853411,MENA
694,QAT,Qatar,2001,56,65,-1.139577,-1.546511,-1.461154,-1.13496,-0.8331708,-0.7289361,MENA
694,QAT,Qatar,2002,57,76,-1.177736,-1.612115,-1.509575,-1.174815,-0.8600394,-0.7695621,MENA
694,QAT,Qatar,2003,58,78,-1.21396,-1.645607,-1.532451,-1.202974,-0.8965791,-0.8239786,MENA
694,QAT,Qatar,2004,59,71,-0.9699707,-1.363871,-1.276373,-0.9549162,-0.6744688,-0.6034806,MENA
694,QAT,Qatar,2005,60,75,-1.056777,-1.432759,-1.333768,-1.057583,-0.8065798,-0.7350662,MENA
694,QAT,Qatar,2006,61,88,-0.9020421,-1.259304,-1.1787,-0.880539,-0.659929,-0.6002554,MENA
694,QAT,Qatar,2007,62,79,-0.9452715,-1.291177,-1.220782,-0.9421346,-0.6748938,-0.6174234,MENA
694,QAT,Qatar,2008,63,76,-1.088485,-1.404396,-1.336754,-1.090285,-0.837349,-0.7666892,MENA
694,QAT,Qatar,2009,64,66,-1.030239,-1.338863,-1.279951,-1.024057,-0.7914071,-0.7013582,MENA
694,QAT,Qatar,2010,65,72,-0.9674153,-1.296937,-1.212677,-0.9701108,-0.7150602,-0.6484104,MENA
694,QAT,Qatar,2011,66,69,-0.9628212,-1.2567,-1.192558,-0.9663935,-0.7366978,-0.6772863,MENA
694,QAT,Qatar,2012,67,73,-1.033448,-1.351552,-1.295348,-1.031582,-0.7795042,-0.7118558,MENA
694,QAT,Qatar,2013,68,64,-0.9481683,-1.270433,-1.184066,-0.9449162,-0.713373,-0.6459387,MENA
694,QAT,Qatar,2014,69,77,-0.8059177,-1.097903,-1.024356,-0.8002524,-0.5775655,-0.528065,MENA
694,QAT,Qatar,2015,70,78,-0.9051707,-1.232685,-1.140556,-0.9070242,-0.6623631,-0.5883404,MENA
694,QAT,Qatar,2016,71,80,-0.8517404,-1.189688,-1.101575,-0.8345774,-0.6164853,-0.5455528,MENA
694,QAT,Qatar,2017,72,93,-0.5630967,-0.8500603,-0.7785758,-0.5504492,-0.3613983,-0.3214176,MENA
694,QAT,Qatar,2018,73,109,-0.6124338,-0.8450249,-0.788804,-0.6065627,-0.4423588,-0.4080944,MENA
694,QAT,Qatar,2019,74,99,-0.6383907,-0.8858068,-0.8268769,-0.6264911,-0.4572443,-0.4140756,MENA
694,QAT,Qatar,2020,75,97,-0.5881071,-0.8433326,-0.7843465,-0.5784558,-0.40254,-0.3559255,MENA
694,QAT,Qatar,2021,76,86,-0.5060853,-0.7529423,-0.6880142,-0.4994473,-0.3355711,-0.2945196,MENA
694,QAT,Qatar,2022,77,88,-0.4586801,-0.6373132,-0.5966464,-0.4559605,-0.3252196,-0.2784964,MENA
694,QAT,Qatar,2023,78,88,-0.5064761,-0.6923391,-0.6516131,-0.5016365,-0.36971,-0.3358388,MENA
694,QAT,Qatar,2024,79,108,-0.4045593,-0.5605368,-0.5269292,-0.4042999,-0.2827073,-0.2487231,MENA
360,ROU,Romania,1991,46,71,1.457419,1.292994,1.32208,1.454321,1.594149,1.636976,Other
360,ROU,Romania,1992,47,73,1.432051,1.236192,1.285499,1.435143,1.579478,1.613702,Other
360,ROU,Romania,1993,48,61,1.452993,1.235034,1.291895,1.45411,1.610542,1.6797,Other
360,ROU,Romania,1994,49,67,1.418353,1.189885,1.238635,1.414136,1.599643,1.657093,Other
360,ROU,Romania,1995,50,66,1.346473,1.111647,1.166453,1.349982,1.532919,1.587034,Other
360,ROU,Romania,1996,51,73,1.405617,1.171537,1.219499,1.404494,1.585141,1.64056,Other
360,ROU,Romania,1997,52,72,1.36759,1.132371,1.179616,1.368658,1.556953,1.605353,Other
360,ROU,Romania,1998,53,62,1.21158,0.9769086,1.026991,1.214469,1.38972,1.435578,Other
360,ROU,Romania,1999,54,70,1.12452,0.909134,0.9565924,1.118167,1.294968,1.343803,Other
360,ROU,Romania,2000,55,68,1.08245,0.8642274,0.9109707,1.077012,1.262919,1.312357,Other
360,ROU,Romania,2001,56,68,1.111303,0.8936287,0.9378927,1.111965,1.286093,1.334497,Other
360,ROU,Romania,2002,57,75,1.102467,0.9123253,0.9429767,1.101829,1.257353,1.299566,Other
360,ROU,Romania,2003,58,78,0.9697163,0.7733287,0.8212812,0.9696866,1.117433,1.158488,Other
360,ROU,Romania,2004,59,72,0.9670465,0.7788812,0.8231,0.9645682,1.110357,1.159846,Other
360,ROU,Romania,2005,60,75,0.9256801,0.7312918,0.7693305,0.9211845,1.085948,1.127717,Other
360,ROU,Romania,2006,61,87,0.9285043,0.7551276,0.7977635,0.9240421,1.061669,1.110881,Other
360,ROU,Romania,2007,62,78,0.940929,0.7620051,0.8018537,0.9358599,1.089052,1.135537,Other
360,ROU,Romania,2008,63,77,0.9156934,0.7374948,0.7777518,0.9126849,1.054525,1.094268,Other
360,ROU,Romania,2009,64,66,0.9469519,0.7800933,0.8135461,0.944591,1.08422,1.136735,Other
360,ROU,Romania,2010,65,72,0.9930973,0.8053641,0.8469435,0.9870747,1.138005,1.187117,Other
360,ROU,Romania,2011,66,68,0.9310008,0.74495,0.7807779,0.9293307,1.090271,1.132533,Other
360,ROU,Romania,2012,67,74,0.950491,0.7594461,0.7985897,0.9509231,1.100612,1.16325,Other
360,ROU,Romania,2013,68,64,0.8794081,0.6953799,0.7343699,0.8758943,1.036087,1.080516,Other
360,ROU,Romania,2014,69,77,0.894828,0.722972,0.7625129,0.8925099,1.026907,1.065425,Other
360,ROU,Romania,2015,70,78,0.9200333,0.7507144,0.7853403,0.9163972,1.056628,1.093437,Other
360,ROU,Romania,2016,71,80,1.073792,0.8824961,0.919187,1.069404,1.223805,1.271495,Other
360,ROU,Romania,2017,72,92,1.024833,0.845497,0.8848902,1.024364,1.167884,1.207444,Other
360,ROU,Romania,2018,73,109,1.003705,0.8477445,0.8829476,1.000516,1.127649,1.162223,Other
360,ROU,Romania,2019,74,100,1.068512,0.9288186,0.9553403,1.06204,1.186293,1.228389,Other
360,ROU,Romania,2020,75,97,1.08604,0.9222139,0.9562507,1.083227,1.219821,1.253489,Other
360,ROU,Romania,2021,76,86,1.006052,0.8419999,0.8844506,1.003396,1.132335,1.168484,Other
360,ROU,Romania,2022,77,88,1.103006,0.9303696,0.9620757,1.098933,1.251816,1.29674,Other
360,ROU,Romania,2023,78,88,1.151573,0.9718883,1.013996,1.147282,1.291103,1.333809,Other
360,ROU,Romania,2024,79,108,1.195715,1.034478,1.073271,1.192801,1.329633,1.36722,Other
365,RUS,Russia,1991,46,72,0.7426428,0.5956935,0.6326704,0.7440195,0.8525065,0.8783606,Other
365,RUS,Russia,1992,47,74,1.120557,0.9654052,0.9995145,1.117387,1.246465,1.279621,Other
365,RUS,Russia,1993,48,64,1.303781,1.124657,1.162235,1.306457,1.44572,1.489793,Other
365,RUS,Russia,1994,49,68,1.108275,0.9099612,0.9528033,1.110926,1.263145,1.30434,Other
365,RUS,Russia,1995,50,67,1.301679,1.094358,1.137661,1.306997,1.463756,1.51774,Other
365,RUS,Russia,1996,51,73,0.706341,0.5313669,0.5685711,0.7072868,0.8365809,0.867801,Other
365,RUS,Russia,1997,52,73,0.6339268,0.4563661,0.4979529,0.6328473,0.7691701,0.8079939,Other
365,RUS,Russia,1998,53,63,0.6092238,0.4410124,0.4767752,0.6108476,0.7435752,0.7746898,Other
365,RUS,Russia,1999,54,69,0.3966837,0.232389,0.2686023,0.3985021,0.5226725,0.5545375,Other
365,RUS,Russia,2000,55,67,0.203846,0.04510006,0.08336985,0.2016651,0.328767,0.3557182,Other
365,RUS,Russia,2001,56,68,0.1967339,0.04401609,0.07942669,0.1978674,0.3136555,0.3408814,Other
365,RUS,Russia,2002,57,75,0.1874006,0.04237731,0.08064581,0.1873572,0.3002043,0.3279358,Other
365,RUS,Russia,2003,58,78,0.260906,0.1209258,0.1496311,0.2597413,0.3769247,0.4166994,Other
365,RUS,Russia,2004,59,72,0.1306549,-0.01763096,0.01755518,0.1356244,0.2425662,0.2706214,Other
365,RUS,Russia,2005,60,75,0.07246657,-0.06750272,-0.03724278,0.06866272,0.183668,0.2115121,Other
365,RUS,Russia,2006,61,88,-0.05543102,-0.1935605,-0.1662725,-0.05660288,0.05138105,0.07902659,Other
365,RUS,Russia,2007,62,78,0.02721259,-0.1137129,-0.07366126,0.02695484,0.1343049,0.1592158,Other
365,RUS,Russia,2008,63,77,-0.0321282,-0.1826879,-0.1417436,-0.03391993,0.08351148,0.1065691,Other
365,RUS,Russia,2009,64,66,-0.03333904,-0.1744075,-0.144488,-0.03407593,0.07101696,0.11161,Other
365,RUS,Russia,2010,65,72,-0.02241464,-0.1708784,-0.1390127,-0.02356377,0.0911982,0.1232158,Other
365,RUS,Russia,2011,66,69,-0.07445074,-0.2217876,-0.1909989,-0.07212138,0.03947467,0.07155731,Other
365,RUS,Russia,2012,67,74,-0.04960454,-0.2122728,-0.1793774,-0.0450479,0.07448026,0.1017091,Other
365,RUS,Russia,2013,68,64,-0.07452233,-0.22423,-0.1904389,-0.07592262,0.04863675,0.07385509,Other
365,RUS,Russia,2014,69,77,-0.00890462,-0.146466,-0.1204281,-0.01060724,0.1005059,0.1323974,Other
365,RUS,Russia,2015,70,78,0.1410704,0.01528647,0.04176045,0.1416385,0.2392475,0.2612975,Other
365,RUS,Russia,2016,71,80,0.172445,0.03192314,0.06391034,0.174698,0.2768914,0.3079547,Other
365,RUS,Russia,2017,72,93,0.09412682,-0.04208409,-0.0144805,0.09582217,0.1959072,0.2228738,Other
365,RUS,Russia,2018,73,109,-0.0327775,-0.1638473,-0.1329843,-0.03140134,0.0664596,0.09326947,Other
365,RUS,Russia,2019,74,99,0.01100038,-0.1112453,-0.08781867,0.01518903,0.1052994,0.1286292,Other
365,RUS,Russia,2020,75,97,-0.01894952,-0.157662,-0.1237295,-0.02132839,0.08772727,0.1169523,Other
365,RUS,Russia,2021,76,86,-0.05580296,-0.1888485,-0.1567289,-0.05084893,0.03748126,0.06964425,Other
365,RUS,Russia,2022,77,88,-0.5929355,-0.7416751,-0.7119347,-0.5924629,-0.4683459,-0.4367694,Other
365,RUS,Russia,2023,78,88,-0.5896379,-0.7479223,-0.7123539,-0.5872747,-0.4699981,-0.4217956,Other
365,RUS,Russia,2024,79,108,-0.5815511,-0.7338095,-0.6946068,-0.5780588,-0.4709111,-0.443427,Other
517,RWA,Rwanda,1991,46,22,-0.4928584,-0.9005194,-0.8102601,-0.4809648,-0.1972529,-0.1243565,Sub-Saharan Africa
517,RWA,Rwanda,1992,47,74,-0.3642375,-0.6694497,-0.590973,-0.352551,-0.161566,-0.1078153,Sub-Saharan Africa
517,RWA,Rwanda,1993,48,65,-0.2845244,-0.5698997,-0.4830907,-0.2808608,-0.07902998,-0.01457281,Sub-Saharan Africa
517,RWA,Rwanda,1994,49,17,-0.2249574,-0.6214029,-0.5314037,-0.2105483,0.06016299,0.1243941,Sub-Saharan Africa
517,RWA,Rwanda,1995,50,35,-0.6746649,-1.038957,-0.9774369,-0.6692052,-0.4020341,-0.3099087,Sub-Saharan Africa
517,RWA,Rwanda,1996,51,9,-0.6059817,-1.201061,-1.060831,-0.6082945,-0.1269454,-0.01542909,Sub-Saharan Africa
517,RWA,Rwanda,1997,52,31,0.3377248,0.09798354,0.1508274,0.3423697,0.5216618,0.5736708,Sub-Saharan Africa
517,RWA,Rwanda,1998,53,9,0.01070928,-0.433537,-0.3415735,0.02426008,0.341697,0.4247258,Sub-Saharan Africa
517,RWA,Rwanda,1999,54,5,-0.4707969,-1.001268,-0.8909194,-0.4554065,-0.07575359,0.01052027,Sub-Saharan Africa
517,RWA,Rwanda,2000,55,17,-0.5883303,-0.9578191,-0.8754759,-0.5815688,-0.3078596,-0.2353276,Sub-Saharan Africa
517,RWA,Rwanda,2001,56,20,-0.7935341,-1.210766,-1.11199,-0.7938995,-0.4706756,-0.3898681,Sub-Saharan Africa
517,RWA,Rwanda,2002,57,44,-0.2569677,-0.4750043,-0.4222331,-0.2550482,-0.09669821,-0.06143081,Sub-Saharan Africa
517,RWA,Rwanda,2003,58,65,0.1485072,-0.01061858,0.02479593,0.1504077,0.2671224,0.2963583,Sub-Saharan Africa
517,RWA,Rwanda,2004,59,46,-0.6376,-0.9948428,-0.8977566,-0.6238934,-0.3871174,-0.3244966,Sub-Saharan Africa
517,RWA,Rwanda,2005,60,25,-0.633364,-0.9351574,-0.8732733,-0.6317231,-0.398426,-0.3448517,Sub-Saharan Africa
517,RWA,Rwanda,2006,61,58,-0.5569525,-0.8384935,-0.7728749,-0.5479184,-0.3582858,-0.30923,Sub-Saharan Africa
517,RWA,Rwanda,2007,62,51,-0.2722759,-0.4860565,-0.4303768,-0.267502,-0.1120812,-0.07658842,Sub-Saharan Africa
517,RWA,Rwanda,2008,63,53,-0.4305702,-0.7053428,-0.647247,-0.4288587,-0.2317043,-0.1863987,Sub-Saharan Africa
517,RWA,Rwanda,2009,64,24,-0.4129688,-0.6918992,-0.6208783,-0.4061719,-0.2141129,-0.1546574,Sub-Saharan Africa
517,RWA,Rwanda,2010,65,39,-0.3839993,-0.6554633,-0.5883173,-0.3795919,-0.1852642,-0.131577,Sub-Saharan Africa
517,RWA,Rwanda,2011,66,15,-0.2476439,-0.5566193,-0.489147,-0.2342371,-0.01947023,0.03663881,Sub-Saharan Africa
517,RWA,Rwanda,2012,67,61,-0.1919641,-0.4161636,-0.3641973,-0.1824086,-0.03791715,0.004918563,Sub-Saharan Africa
517,RWA,Rwanda,2013,68,40,-0.5634744,-0.8734499,-0.8080615,-0.554802,-0.341439,-0.2887089,Sub-Saharan Africa
517,RWA,Rwanda,2014,69,68,-0.3782494,-0.6326622,-0.5647204,-0.3710282,-0.200871,-0.148708,Sub-Saharan Africa
517,RWA,Rwanda,2015,70,42,-0.4498333,-0.8214474,-0.7267277,-0.4313023,-0.1937846,-0.1253539,Sub-Saharan Africa
517,RWA,Rwanda,2016,71,4,-0.3933819,-0.8872977,-0.7717002,-0.3875129,-0.01653338,0.07578738,Sub-Saharan Africa
517,RWA,Rwanda,2017,72,71,-0.2011284,-0.3905158,-0.3444913,-0.199287,-0.05785499,-0.02218824,Sub-Saharan Africa
517,RWA,Rwanda,2018,73,80,-0.02910958,-0.1734465,-0.1456687,-0.02880377,0.09068503,0.1183515,Sub-Saharan Africa
517,RWA,Rwanda,2019,74,88,-0.1612289,-0.3296324,-0.2938723,-0.1608881,-0.03582401,0.004498888,Sub-Saharan Africa
517,RWA,Rwanda,2020,75,85,-0.1847032,-0.3746571,-0.3301077,-0.1807174,-0.04476573,-0.004218391,Sub-Saharan Africa
517,RWA,Rwanda,2021,76,72,-0.101735,-0.2734096,-0.2268859,-0.09901152,0.02021525,0.0521838,Sub-Saharan Africa
517,RWA,Rwanda,2022,77,72,-0.04429367,-0.1908906,-0.1488273,-0.03904219,0.05935706,0.08811244,Sub-Saharan Africa
517,RWA,Rwanda,2023,78,67,-0.3733245,-0.5657514,-0.521424,-0.3729932,-0.216611,-0.1790079,Sub-Saharan Africa
517,RWA,Rwanda,2024,79,91,-0.3194433,-0.5046922,-0.4656733,-0.3164912,-0.1797079,-0.1413007,Sub-Saharan Africa
990,WSM,Samoa,1991,46,69,0.4020026,0.245574,0.2810949,0.4053458,0.5235635,0.5543429,Other
990,WSM,Samoa,1992,47,71,0.7503515,0.597044,0.6281996,0.7544843,0.863005,0.8987117,Other
990,WSM,Samoa,1993,48,44,0.4159629,0.1954304,0.2409467,0.4138328,0.5948436,0.6330467,Other
990,WSM,Samoa,1994,49,58,0.5740646,0.3510765,0.4009738,0.5737858,0.7471458,0.7884849,Other
990,WSM,Samoa,1995,50,65,0.3063051,0.1071675,0.156214,0.304919,0.463375,0.5059962,Other
990,WSM,Samoa,1996,51,73,0.3452021,0.1626976,0.2022703,0.3451505,0.4830336,0.5251244,Other
990,WSM,Samoa,1997,52,71,0.2968653,0.09947389,0.1441297,0.2989549,0.4432272,0.4815788,Other
990,WSM,Samoa,1998,53,58,0.1577469,-0.03393584,0.003739511,0.1617269,0.3039556,0.3512049,Other
990,WSM,Samoa,1999,54,63,0.3119726,0.1536204,0.187665,0.3118281,0.4381098,0.4702941,Other
990,WSM,Samoa,2000,55,63,0.3638826,0.2073288,0.2299478,0.3626319,0.4965289,0.5380456,Other
990,WSM,Samoa,2001,56,40,0.3130001,0.1313317,0.1727723,0.3156908,0.4418195,0.4857304,Other
990,WSM,Samoa,2002,57,65,0.2717371,0.1157871,0.1551837,0.2715308,0.3871213,0.424819,Other
990,WSM,Samoa,2003,58,70,0.260296,0.1070947,0.1400153,0.2621523,0.3738504,0.405869,Other
990,WSM,Samoa,2004,59,63,0.3051152,0.1485513,0.1908158,0.3081578,0.4159759,0.4484612,Other
990,WSM,Samoa,2005,60,72,0.2890507,0.1418291,0.1715846,0.2884896,0.4030099,0.4368413,Other
990,WSM,Samoa,2006,61,80,0.2834967,0.1484926,0.1782071,0.2809024,0.3889834,0.4221139,Other
990,WSM,Samoa,2007,62,68,0.1530495,0.01468206,0.04628461,0.1530899,0.2618725,0.2948033,Other
990,WSM,Samoa,2008,63,71,0.2290844,0.08939587,0.1239406,0.2305169,0.335512,0.3658471,Other
990,WSM,Samoa,2009,64,62,0.2263875,0.09778457,0.11978,0.2256091,0.3287471,0.3579041,Other
990,WSM,Samoa,2010,65,70,0.2584883,0.1166581,0.149213,0.2597213,0.3655934,0.3924853,Other
990,WSM,Samoa,2011,66,62,0.2202179,0.07876413,0.1082849,0.219562,0.3353571,0.3654544,Other
990,WSM,Samoa,2012,67,72,0.1960784,0.05238954,0.08556011,0.1963341,0.3038595,0.3321195,Other
990,WSM,Samoa,2013,68,62,0.1419245,-0.001450488,0.03478589,0.1412603,0.2505358,0.2747435,Other
990,WSM,Samoa,2014,69,73,0.1058234,-0.04502467,-0.009730601,0.1050608,0.2235733,0.2617358,Other
990,WSM,Samoa,2015,70,71,-0.0003984774,-0.1587761,-0.1163516,0.0004550315,0.1141135,0.144955,Other
990,WSM,Samoa,2016,71,70,-0.14511,-0.3424075,-0.2928402,-0.1440853,0.002530159,0.05125498,Other
990,WSM,Samoa,2017,72,84,-0.1216863,-0.2849672,-0.2510094,-0.1148465,0.003461372,0.03856505,Other
990,WSM,Samoa,2018,73,103,0.06068185,-0.07016282,-0.04085261,0.06175909,0.1584875,0.1861872,Other
990,WSM,Samoa,2019,74,95,0.002138418,-0.1425071,-0.109579,0.004302499,0.107991,0.1424167,Other
990,WSM,Samoa,2020,75,90,0.01028091,-0.1344509,-0.103358,0.01172659,0.1210346,0.1493584,Other
990,WSM,Samoa,2021,76,61,-0.02518895,-0.1854491,-0.143615,-0.02292655,0.08981974,0.1240267,Other
990,WSM,Samoa,2022,77,67,0.05074943,-0.1008891,-0.06165468,0.05550415,0.1629765,0.190664,Other
990,WSM,Samoa,2023,78,24,0.08864107,-0.1104997,-0.06975231,0.09089194,0.2426709,0.2761942,Other
990,WSM,Samoa,2024,79,68,-0.04325059,-0.2198261,-0.1812234,-0.03723051,0.08395089,0.1240706,Other
331,SMR,San Marino,1992,47,35,1.29618,1.060506,1.119112,1.292692,1.482676,1.525246,Other
331,SMR,San Marino,1993,48,35,1.196125,0.9102755,0.9779676,1.194535,1.430014,1.513379,Other
331,SMR,San Marino,1994,49,38,0.6416012,0.3941204,0.4495836,0.6449312,0.8391097,0.8988346,Other
331,SMR,San Marino,1995,50,14,0.5055829,0.077438,0.1861455,0.5090329,0.8282914,0.9452167,Other
331,SMR,San Marino,1996,51,71,0.8250588,0.6464688,0.6885668,0.8266572,0.96834,1.001665,Other
331,SMR,San Marino,1997,52,73,0.9860896,0.7809903,0.8314183,0.9805971,1.141282,1.190075,Other
331,SMR,San Marino,1998,53,61,0.7436186,0.5573975,0.6060033,0.7438996,0.8839334,0.9308011,Other
331,SMR,San Marino,1999,54,69,0.7479116,0.5834451,0.6132319,0.7420988,0.8940324,0.9411776,Other
331,SMR,San Marino,2000,55,67,0.8648768,0.6633497,0.7106612,0.8608854,1.023061,1.081212,Other
331,SMR,San Marino,2001,56,69,0.9427075,0.7496772,0.7917867,0.9382992,1.097379,1.136808,Other
331,SMR,San Marino,2002,57,74,0.8636111,0.6897243,0.7218382,0.8568834,1.011141,1.066756,Other
331,SMR,San Marino,2003,58,77,0.8507736,0.6826732,0.7144564,0.849604,0.9846874,1.026584,Other
331,SMR,San Marino,2004,59,72,0.8179063,0.6472395,0.6880908,0.8184942,0.9499403,0.9820809,Other
331,SMR,San Marino,2005,60,75,0.8097277,0.6392148,0.6694319,0.8058751,0.9574669,0.9934589,Other
331,SMR,San Marino,2006,61,86,0.8823306,0.7060075,0.7433416,0.8804916,1.030813,1.069047,Other
331,SMR,San Marino,2007,62,77,0.8199304,0.6424015,0.6795946,0.8171679,0.9547728,1.004124,Other
331,SMR,San Marino,2008,63,77,0.7652636,0.590949,0.6230879,0.7680213,0.9089559,0.9535413,Other
331,SMR,San Marino,2009,64,65,0.8405074,0.6638719,0.7050442,0.8404264,0.9803244,1.022838,Other
331,SMR,San Marino,2010,65,69,0.7914595,0.6172657,0.653336,0.7898663,0.9366954,0.9750553,Other
331,SMR,San Marino,2011,66,68,0.8540641,0.6832453,0.7089405,0.8485577,1.00571,1.052174,Other
331,SMR,San Marino,2012,67,74,0.8556288,0.6791117,0.7095774,0.851899,1.020662,1.058938,Other
331,SMR,San Marino,2013,68,64,0.7480906,0.5589326,0.5957463,0.7458104,0.8986996,0.9394332,Other
331,SMR,San Marino,2014,69,77,0.7507089,0.5754167,0.6224538,0.7519411,0.8764716,0.9185227,Other
331,SMR,San Marino,2015,70,78,0.6133885,0.4722587,0.5016596,0.6136405,0.7269045,0.7590556,Other
331,SMR,San Marino,2016,71,80,0.5893426,0.4458158,0.4756891,0.5861204,0.7071188,0.7433229,Other
331,SMR,San Marino,2017,72,92,0.6517572,0.5118005,0.542767,0.6478303,0.7635718,0.8072159,Other
331,SMR,San Marino,2018,73,109,0.6516778,0.5274579,0.5481762,0.6488357,0.7549355,0.7946152,Other
331,SMR,San Marino,2019,74,100,0.7077521,0.5805799,0.6100229,0.7084303,0.8034467,0.8353894,Other
331,SMR,San Marino,2020,75,97,0.6565127,0.5325946,0.5606863,0.6552203,0.7521683,0.784949,Other
331,SMR,San Marino,2021,76,85,0.6270707,0.5086879,0.5322933,0.6222011,0.7262592,0.7565638,Other
331,SMR,San Marino,2022,77,88,0.7727607,0.6267108,0.6570614,0.7708893,0.8916916,0.9236708,Other
331,SMR,San Marino,2023,78,87,0.7471935,0.6204817,0.6460112,0.7449085,0.8525584,0.8764507,Other
331,SMR,San Marino,2024,79,108,0.7441405,0.620945,0.6491422,0.7433723,0.8398134,0.8725585,Other
670,SAU,Saudi Arabia,1991,46,73,-0.7843534,-1.204757,-1.101377,-0.7693742,-0.4899507,-0.4154021,MENA
670,SAU,Saudi Arabia,1992,47,73,-0.4108138,-0.6832056,-0.6335856,-0.4072598,-0.2016439,-0.1563856,MENA
670,SAU,Saudi Arabia,1993,48,62,-0.3652329,-0.6681905,-0.5914795,-0.3573846,-0.146335,-0.09488463,MENA
670,SAU,Saudi Arabia,1994,49,65,-0.6085318,-0.9625609,-0.8745239,-0.606104,-0.3548611,-0.2838982,MENA
670,SAU,Saudi Arabia,1995,50,64,-0.6878257,-1.00382,-0.9312791,-0.6774342,-0.4592319,-0.3944132,MENA
670,SAU,Saudi Arabia,1996,51,70,-0.7959295,-1.12806,-1.061412,-0.792905,-0.5371494,-0.4663863,MENA
670,SAU,Saudi Arabia,1997,52,72,-0.6212602,-0.9154909,-0.8461459,-0.6147916,-0.4036883,-0.3350617,MENA
670,SAU,Saudi Arabia,1998,53,61,-0.7303608,-1.106939,-1.010036,-0.7288463,-0.4595879,-0.3876686,MENA
670,SAU,Saudi Arabia,1999,54,67,-0.6050334,-0.8978246,-0.8305147,-0.5940511,-0.3856559,-0.3261969,MENA
670,SAU,Saudi Arabia,2000,55,62,-1.025209,-1.403451,-1.321612,-1.00909,-0.7271658,-0.6655853,MENA
670,SAU,Saudi Arabia,2001,56,62,-0.6406751,-0.9658769,-0.8987273,-0.6338903,-0.4080302,-0.3486659,MENA
670,SAU,Saudi Arabia,2002,57,74,-0.9120782,-1.255299,-1.183931,-0.9112435,-0.6461393,-0.5801357,MENA
670,SAU,Saudi Arabia,2003,58,74,-1.212259,-1.644663,-1.53854,-1.206739,-0.9023163,-0.7998889,MENA
670,SAU,Saudi Arabia,2004,59,70,-1.135553,-1.553121,-1.465636,-1.125514,-0.8036197,-0.7247138,MENA
670,SAU,Saudi Arabia,2005,60,73,-0.8946919,-1.209215,-1.138345,-0.8965972,-0.6450022,-0.5903951,MENA
670,SAU,Saudi Arabia,2006,61,87,-0.6198661,-0.8767305,-0.8201522,-0.6178828,-0.4192571,-0.3701333,MENA
670,SAU,Saudi Arabia,2007,62,78,-0.705807,-1.031682,-0.9402052,-0.699054,-0.4676268,-0.4138984,MENA
670,SAU,Saudi Arabia,2008,63,74,-0.9006471,-1.241922,-1.15167,-0.8907826,-0.6655495,-0.5968105,MENA
670,SAU,Saudi Arabia,2009,64,65,-0.7337583,-1.014021,-0.951578,-0.7302082,-0.5274737,-0.4669563,MENA
670,SAU,Saudi Arabia,2010,65,70,-0.7265862,-1.039064,-0.9688673,-0.7210439,-0.4877591,-0.4389006,MENA
670,SAU,Saudi Arabia,2011,66,69,-0.8244662,-1.100387,-1.037055,-0.8249283,-0.6098719,-0.5520063,MENA
670,SAU,Saudi Arabia,2012,67,72,-0.9362893,-1.233942,-1.178673,-0.9268076,-0.710381,-0.6445702,MENA
670,SAU,Saudi Arabia,2013,68,64,-0.9376143,-1.234668,-1.169825,-0.9345989,-0.7029831,-0.6476681,MENA
670,SAU,Saudi Arabia,2014,69,77,-0.841476,-1.140813,-1.077536,-0.8340002,-0.6249976,-0.5656621,MENA
670,SAU,Saudi Arabia,2015,70,77,-0.7722268,-1.083842,-0.9987476,-0.7650256,-0.5574977,-0.5018843,MENA
670,SAU,Saudi Arabia,2016,71,80,-0.7212734,-1.044156,-0.9525834,-0.7183118,-0.4953769,-0.4351213,MENA
670,SAU,Saudi Arabia,2017,72,92,-0.5702654,-0.8733743,-0.805802,-0.5566824,-0.3659015,-0.3069481,MENA
670,SAU,Saudi Arabia,2018,73,109,-0.4846214,-0.7102066,-0.6538959,-0.4778994,-0.3317302,-0.284269,MENA
670,SAU,Saudi Arabia,2019,74,100,-0.4163364,-0.613711,-0.5660017,-0.4111391,-0.268853,-0.2304201,MENA
670,SAU,Saudi Arabia,2020,75,97,-0.5285402,-0.7879046,-0.7164891,-0.5231575,-0.3406966,-0.3091665,MENA
670,SAU,Saudi Arabia,2021,76,86,-0.2850022,-0.4473439,-0.4134806,-0.2851802,-0.1537367,-0.1229827,MENA
670,SAU,Saudi Arabia,2022,77,86,-0.5251048,-0.7272988,-0.674995,-0.5226771,-0.3792406,-0.3391316,MENA
670,SAU,Saudi Arabia,2023,78,87,-0.6276761,-0.7977174,-0.7583456,-0.6273951,-0.4969092,-0.4599527,MENA
670,SAU,Saudi Arabia,2024,79,107,-0.5907673,-0.7696969,-0.7258231,-0.5860269,-0.4605883,-0.4302873,MENA
433,SEN,Senegal,1991,46,71,-0.6271527,-1.071663,-0.9634103,-0.5972136,-0.3327618,-0.2792549,Sub-Saharan Africa
433,SEN,Senegal,1992,47,73,-0.6501847,-1.007281,-0.9278409,-0.6335501,-0.3866847,-0.3223064,Sub-Saharan Africa
433,SEN,Senegal,1993,48,59,-0.4423067,-0.7628407,-0.6804062,-0.4344945,-0.2157457,-0.1747533,Sub-Saharan Africa
433,SEN,Senegal,1994,49,64,-0.4361755,-0.7995883,-0.7186869,-0.4225005,-0.1784681,-0.1209981,Sub-Saharan Africa
433,SEN,Senegal,1995,50,61,-0.5872205,-0.9530482,-0.8659669,-0.5797908,-0.3211047,-0.2557373,Sub-Saharan Africa
433,SEN,Senegal,1996,51,70,-0.3502947,-0.6293921,-0.5587513,-0.3439789,-0.1473971,-0.09009377,Sub-Saharan Africa
433,SEN,Senegal,1997,52,72,-0.2823155,-0.5262742,-0.4665942,-0.2784871,-0.1001997,-0.05303629,Sub-Saharan Africa
433,SEN,Senegal,1998,53,63,-0.3422025,-0.6292515,-0.5523975,-0.3367452,-0.1359462,-0.08504549,Sub-Saharan Africa
433,SEN,Senegal,1999,54,70,-0.3264566,-0.5518624,-0.4924559,-0.3240943,-0.1548451,-0.1053575,Sub-Saharan Africa
433,SEN,Senegal,2000,55,67,-0.3762283,-0.6403318,-0.563862,-0.3664428,-0.1920891,-0.152266,Sub-Saharan Africa
433,SEN,Senegal,2001,56,68,-0.4707441,-0.7387196,-0.6789158,-0.4621127,-0.2773291,-0.226483,Sub-Saharan Africa
433,SEN,Senegal,2002,57,75,-0.4553466,-0.7195612,-0.6501436,-0.4468998,-0.274313,-0.2329382,Sub-Saharan Africa
433,SEN,Senegal,2003,58,75,-0.7255253,-1.050327,-0.9865397,-0.7131234,-0.4854138,-0.4326938,Sub-Saharan Africa
433,SEN,Senegal,2004,59,72,-0.735432,-1.101398,-1.004787,-0.7268567,-0.475807,-0.4053193,Sub-Saharan Africa
433,SEN,Senegal,2005,60,69,-0.6869444,-0.9693132,-0.9061142,-0.6779692,-0.4759356,-0.4287028,Sub-Saharan Africa
433,SEN,Senegal,2006,61,86,-0.6542056,-0.938871,-0.8751686,-0.6458072,-0.4390258,-0.3845621,Sub-Saharan Africa
433,SEN,Senegal,2007,62,78,-0.6815188,-0.9820795,-0.896844,-0.6736851,-0.4585594,-0.3937028,Sub-Saharan Africa
433,SEN,Senegal,2008,63,74,-0.7156074,-1.022,-0.9397571,-0.7107203,-0.4891718,-0.4404013,Sub-Saharan Africa
433,SEN,Senegal,2009,64,66,-0.6850899,-0.9662809,-0.9093878,-0.6768464,-0.4773767,-0.4224285,Sub-Saharan Africa
433,SEN,Senegal,2010,65,71,-0.6879864,-0.9915852,-0.9149226,-0.6790525,-0.4693673,-0.4131107,Sub-Saharan Africa
433,SEN,Senegal,2011,66,66,-0.453841,-0.730737,-0.663602,-0.4462185,-0.2490347,-0.2015978,Sub-Saharan Africa
433,SEN,Senegal,2012,67,69,-0.4506857,-0.7192828,-0.6574238,-0.4443292,-0.2668986,-0.2170331,Sub-Saharan Africa
433,SEN,Senegal,2013,68,61,-0.5172577,-0.79198,-0.7286268,-0.5104638,-0.3233408,-0.2697854,Sub-Saharan Africa
433,SEN,Senegal,2014,69,77,-0.6455165,-0.9372751,-0.8696192,-0.6449464,-0.4262132,-0.370162,Sub-Saharan Africa
433,SEN,Senegal,2015,70,77,-0.6697698,-0.9804823,-0.9098756,-0.6584926,-0.4499138,-0.4034663,Sub-Saharan Africa
433,SEN,Senegal,2016,71,77,-0.5649671,-0.8483331,-0.7892142,-0.554403,-0.3517025,-0.3116796,Sub-Saharan Africa
433,SEN,Senegal,2017,72,81,-0.5518997,-0.8605254,-0.7778561,-0.5397952,-0.3282504,-0.2796882,Sub-Saharan Africa
433,SEN,Senegal,2018,73,105,-0.3675441,-0.5629095,-0.5226171,-0.3643792,-0.2225822,-0.1816415,Sub-Saharan Africa
433,SEN,Senegal,2019,74,98,-0.5470731,-0.7901983,-0.7375844,-0.5424181,-0.3657677,-0.3155329,Sub-Saharan Africa
433,SEN,Senegal,2020,75,92,-0.5065203,-0.7692184,-0.6973249,-0.5016262,-0.3166631,-0.2653695,Sub-Saharan Africa
433,SEN,Senegal,2021,76,84,-0.4318023,-0.6680635,-0.6145256,-0.4206426,-0.2701178,-0.2307876,Sub-Saharan Africa
433,SEN,Senegal,2022,77,84,-0.4666297,-0.6506678,-0.6091121,-0.4674632,-0.3219916,-0.280563,Sub-Saharan Africa
433,SEN,Senegal,2023,78,85,-0.5430903,-0.7308279,-0.6835212,-0.5427077,-0.3997954,-0.3622685,Sub-Saharan Africa
433,SEN,Senegal,2024,79,101,-0.58801,-0.7771209,-0.7252317,-0.5872821,-0.4418894,-0.4063591,Sub-Saharan Africa
345,SRB,Serbia,2006,61,88,0.9178027,0.7404364,0.7813772,0.9132025,1.0563,1.104655,Other
345,SRB,Serbia,2007,62,77,0.7969665,0.6185054,0.6600073,0.7946427,0.937582,0.9741485,Other
345,SRB,Serbia,2008,63,74,0.5319222,0.3899327,0.4182172,0.5288139,0.646186,0.6863131,Other
345,SRB,Serbia,2009,64,63,0.4563402,0.3179243,0.3510303,0.4572527,0.558531,0.5862751,Other
345,SRB,Serbia,2010,65,69,0.4600954,0.3216383,0.3544886,0.4584631,0.5691967,0.599473,Other
345,SRB,Serbia,2011,66,69,0.4525595,0.3200486,0.3433321,0.4532207,0.5539049,0.5877582,Other
345,SRB,Serbia,2012,67,74,0.4411587,0.3021078,0.3340572,0.4396015,0.547206,0.5739047,Other
345,SRB,Serbia,2013,68,64,0.5438174,0.3899496,0.4212636,0.5448423,0.6595146,0.7048713,Other
345,SRB,Serbia,2014,69,76,0.5959592,0.4431674,0.4807853,0.6005526,0.7048617,0.7310986,Other
345,SRB,Serbia,2015,70,76,0.4500635,0.3228447,0.3466659,0.4484605,0.5546163,0.583435,Other
345,SRB,Serbia,2016,71,77,0.4682775,0.337885,0.3596614,0.4671056,0.5720699,0.6016429,Other
345,SRB,Serbia,2017,72,87,0.4657202,0.3462364,0.3694774,0.4653891,0.5637681,0.5893554,Other
345,SRB,Serbia,2018,73,105,0.2899963,0.1684213,0.2011013,0.2893692,0.3841626,0.4104935,Other
345,SRB,Serbia,2019,74,94,0.3534941,0.2362602,0.2638264,0.3547098,0.4385668,0.4652366,Other
345,SRB,Serbia,2020,75,89,0.3444443,0.2243019,0.2537559,0.3450749,0.4385824,0.4587874,Other
345,SRB,Serbia,2021,76,79,0.3170266,0.1967226,0.2207099,0.3203136,0.404234,0.4336722,Other
345,SRB,Serbia,2022,77,83,0.3696904,0.2437631,0.2704827,0.3720191,0.4662608,0.4903247,Other
345,SRB,Serbia,2023,78,77,0.4029992,0.2811076,0.3112873,0.4040826,0.4961549,0.5248007,Other
345,SRB,Serbia,2024,79,85,0.3892528,0.2647267,0.2891867,0.3883691,0.495145,0.5215961,Other
345,SCG,Serbia and Montenegro,1992,47,2,-0.6441778,-1.045185,-0.9707378,-0.6334751,-0.3361639,-0.2637195,Other
345,SCG,Serbia and Montenegro,2000,55,32,0.7877246,0.444323,0.5106555,0.7899821,1.064177,1.135744,Other
345,SCG,Serbia and Montenegro,2001,56,68,0.8545071,0.6776712,0.7160481,0.8523183,0.9896921,1.033514,Other
345,SCG,Serbia and Montenegro,2002,57,76,0.9198947,0.7214599,0.7736039,0.9189083,1.071712,1.109512,Other
345,SCG,Serbia and Montenegro,2003,58,78,0.8929137,0.7082162,0.7540464,0.8896011,1.041375,1.081863,Other
345,SCG,Serbia and Montenegro,2004,59,72,0.9195377,0.7427886,0.7782845,0.9150847,1.064066,1.112314,Other
345,SCG,Serbia and Montenegro,2005,60,75,0.8989886,0.7111394,0.7553246,0.8953808,1.054529,1.096506,Other
591,SYC,Seychelles,1991,46,65,-0.5527223,-0.9541169,-0.847154,-0.5407065,-0.2782413,-0.196594,Sub-Saharan Africa
591,SYC,Seychelles,1992,47,31,-0.4350452,-0.8321181,-0.7515698,-0.4235543,-0.130059,-0.05237031,Sub-Saharan Africa
591,SYC,Seychelles,1993,48,19,-0.6845336,-1.4287,-1.243799,-0.6726599,-0.1373414,3.367792e-05,Sub-Saharan Africa
591,SYC,Seychelles,1994,49,19,-0.6553877,-1.488894,-1.277197,-0.631994,-0.06260461,0.05374851,Sub-Saharan Africa
591,SYC,Seychelles,1995,50,3,-0.6659894,-1.598267,-1.353528,-0.6380364,-0.02210251,0.1508689,Sub-Saharan Africa
591,SYC,Seychelles,1996,51,37,-0.4597819,-1.149122,-1.017918,-0.4489288,0.07776035,0.1858163,Sub-Saharan Africa
591,SYC,Seychelles,1998,53,36,-0.4049095,-0.8218299,-0.7179969,-0.3967472,-0.09529128,-0.03109011,Sub-Saharan Africa
591,SYC,Seychelles,1999,54,42,-0.6082505,-1.08679,-0.9831544,-0.5927564,-0.2594661,-0.2021993,Sub-Saharan Africa
591,SYC,Seychelles,2001,56,42,-0.4462837,-0.8784557,-0.7797167,-0.4329328,-0.1238969,-0.04289927,Sub-Saharan Africa
591,SYC,Seychelles,2002,57,54,-0.4424754,-0.8141211,-0.730102,-0.4252311,-0.1789089,-0.1184476,Sub-Saharan Africa
591,SYC,Seychelles,2003,58,51,-0.6382016,-1.083638,-0.9981078,-0.6235559,-0.3153853,-0.2345835,Sub-Saharan Africa
591,SYC,Seychelles,2004,59,51,-0.6127486,-1.067406,-0.9617772,-0.5933793,-0.2860131,-0.2013218,Sub-Saharan Africa
591,SYC,Seychelles,2005,60,1,-0.6142797,-1.096471,-0.9969057,-0.590007,-0.2625576,-0.1821578,Sub-Saharan Africa
591,SYC,Seychelles,2006,61,8,-0.82559,-1.77006,-1.505344,-0.7651952,-0.2156414,-0.1347099,Sub-Saharan Africa
591,SYC,Seychelles,2007,62,1,-0.8257772,-1.783348,-1.551543,-0.7728399,-0.1742237,-0.01360236,Sub-Saharan Africa
591,SYC,Seychelles,2008,63,1,-0.8245045,-2.001064,-1.747364,-0.7849153,0.07748395,0.3155909,Sub-Saharan Africa
591,SYC,Seychelles,2009,64,8,-0.729992,-2.097729,-1.766358,-0.7449822,0.3322866,0.5625369,Sub-Saharan Africa
591,SYC,Seychelles,2010,65,27,-0.708841,-1.381119,-1.212478,-0.6809062,-0.250454,-0.1703686,Sub-Saharan Africa
591,SYC,Seychelles,2011,66,36,-0.3649209,-0.6656995,-0.6008338,-0.3563009,-0.141713,-0.08723771,Sub-Saharan Africa
591,SYC,Seychelles,2012,67,23,-0.1524395,-0.4404932,-0.3748936,-0.147246,0.05428679,0.1209819,Sub-Saharan Africa
591,SYC,Seychelles,2013,68,55,-0.4061556,-0.662513,-0.6052507,-0.3965021,-0.22233,-0.1679912,Sub-Saharan Africa
591,SYC,Seychelles,2014,69,73,-0.3666274,-0.6051335,-0.54339,-0.3603756,-0.1896039,-0.1509132,Sub-Saharan Africa
591,SYC,Seychelles,2015,70,19,-0.5935748,-1.097027,-0.9626014,-0.5686948,-0.2570699,-0.1678697,Sub-Saharan Africa
591,SYC,Seychelles,2016,71,60,-0.6177404,-0.9900774,-0.9128564,-0.5978139,-0.354622,-0.2890181,Sub-Saharan Africa
591,SYC,Seychelles,2017,72,40,-0.4003103,-0.7111489,-0.6458282,-0.3885737,-0.1592751,-0.1163675,Sub-Saharan Africa
591,SYC,Seychelles,2018,73,84,-0.4495571,-0.7144556,-0.6535982,-0.44199,-0.2576596,-0.2186732,Sub-Saharan Africa
591,SYC,Seychelles,2019,74,82,-0.3861389,-0.6248222,-0.5630091,-0.3817285,-0.2097133,-0.1732703,Sub-Saharan Africa
591,SYC,Seychelles,2020,75,25,-0.262863,-0.5403776,-0.4801099,-0.2630436,-0.0504434,-0.007233157,Sub-Saharan Africa
591,SYC,Seychelles,2021,76,52,-0.3884407,-0.6699606,-0.5985002,-0.3786418,-0.183705,-0.1287553,Sub-Saharan Africa
591,SYC,Seychelles,2022,77,30,0.06316484,-0.1609827,-0.1194802,0.06413302,0.233695,0.2818017,Sub-Saharan Africa
591,SYC,Seychelles,2023,78,75,-0.1313158,-0.2891882,-0.2513962,-0.1311542,-0.01091976,0.02235184,Sub-Saharan Africa
591,SYC,Seychelles,2024,79,86,-0.1555252,-0.3176547,-0.2809515,-0.1492885,-0.03465139,-0.0075509,Sub-Saharan Africa
451,SLE,Sierra Leone,1991,46,60,-0.5504224,-0.9278814,-0.8499813,-0.5360839,-0.2755431,-0.2123376,Sub-Saharan Africa
451,SLE,Sierra Leone,1992,47,69,-0.5517369,-0.9023038,-0.8193881,-0.5506332,-0.2872849,-0.2285701,Sub-Saharan Africa
451,SLE,Sierra Leone,1993,48,63,-0.8033374,-1.165899,-1.074074,-0.7889159,-0.5586321,-0.4855539,Sub-Saharan Africa
451,SLE,Sierra Leone,1994,49,58,-0.6394148,-1.027941,-0.9244831,-0.6365486,-0.3487662,-0.2593824,Sub-Saharan Africa
451,SLE,Sierra Leone,1995,50,46,-0.4943412,-0.8242767,-0.7385473,-0.4866484,-0.2559623,-0.1810169,Sub-Saharan Africa
451,SLE,Sierra Leone,1996,51,71,-0.3351964,-0.600025,-0.5511311,-0.3284518,-0.1338092,-0.08353918,Sub-Saharan Africa
451,SLE,Sierra Leone,1997,52,70,-0.4714823,-0.7192708,-0.6641962,-0.4648812,-0.2834031,-0.2420699,Sub-Saharan Africa
451,SLE,Sierra Leone,1998,53,57,-0.4681571,-0.7704406,-0.7104218,-0.4651119,-0.2519531,-0.1908312,Sub-Saharan Africa
451,SLE,Sierra Leone,1999,54,61,-0.2406963,-0.4710648,-0.4042457,-0.2377492,-0.07644144,-0.04332286,Sub-Saharan Africa
451,SLE,Sierra Leone,2000,55,59,-0.4574439,-0.7497092,-0.6804329,-0.4467339,-0.2592363,-0.2043791,Sub-Saharan Africa
451,SLE,Sierra Leone,2001,56,64,-0.4750374,-0.72884,-0.6738162,-0.4668714,-0.2753872,-0.2297397,Sub-Saharan Africa
451,SLE,Sierra Leone,2002,57,60,-0.7335928,-1.076528,-0.995164,-0.7231636,-0.4965953,-0.4383836,Sub-Saharan Africa
451,SLE,Sierra Leone,2003,58,47,-0.425721,-0.7199893,-0.6620269,-0.4150284,-0.2141282,-0.1594628,Sub-Saharan Africa
451,SLE,Sierra Leone,2004,59,69,-0.5285305,-0.8238996,-0.7454321,-0.5187086,-0.3204113,-0.2709385,Sub-Saharan Africa
451,SLE,Sierra Leone,2005,60,29,-0.6737889,-1.160974,-1.048861,-0.6446062,-0.3482804,-0.2720112,Sub-Saharan Africa
451,SLE,Sierra Leone,2006,61,84,-0.5887969,-0.8537262,-0.7955545,-0.577754,-0.3953459,-0.3464551,Sub-Saharan Africa
451,SLE,Sierra Leone,2007,62,60,-0.5651444,-0.8531135,-0.7903055,-0.5582999,-0.3454342,-0.3060259,Sub-Saharan Africa
451,SLE,Sierra Leone,2008,63,18,-0.6291763,-1.017909,-0.9318392,-0.6108827,-0.3499012,-0.2898631,Sub-Saharan Africa
451,SLE,Sierra Leone,2009,64,49,-0.4403277,-0.7428293,-0.6731788,-0.437182,-0.2160647,-0.1598844,Sub-Saharan Africa
451,SLE,Sierra Leone,2010,65,52,-0.4577261,-0.7511273,-0.684993,-0.4486985,-0.2555911,-0.2016636,Sub-Saharan Africa
451,SLE,Sierra Leone,2011,66,61,-0.4603213,-0.7501707,-0.6590423,-0.4499674,-0.2616519,-0.2128517,Sub-Saharan Africa
451,SLE,Sierra Leone,2012,67,56,-0.4749114,-0.782679,-0.7104888,-0.4673681,-0.2495277,-0.1871507,Sub-Saharan Africa
451,SLE,Sierra Leone,2013,68,58,-0.4962436,-0.7732997,-0.7028088,-0.4912877,-0.2867814,-0.237433,Sub-Saharan Africa
451,SLE,Sierra Leone,2014,69,36,-0.3652123,-0.6236538,-0.5766026,-0.3562964,-0.1730012,-0.101583,Sub-Saharan Africa
451,SLE,Sierra Leone,2015,70,48,-0.5204591,-0.8149799,-0.7650191,-0.5106837,-0.2953406,-0.2454409,Sub-Saharan Africa
451,SLE,Sierra Leone,2016,71,72,-0.3782962,-0.6412288,-0.5773249,-0.3678672,-0.1927493,-0.1481973,Sub-Saharan Africa
451,SLE,Sierra Leone,2017,72,86,-0.5566459,-0.8671642,-0.7750201,-0.5433697,-0.3515772,-0.3051887,Sub-Saharan Africa
451,SLE,Sierra Leone,2018,73,95,-0.5098342,-0.7556792,-0.6965286,-0.5063448,-0.3198241,-0.2783709,Sub-Saharan Africa
451,SLE,Sierra Leone,2019,74,94,-0.5257155,-0.7830522,-0.7299774,-0.5186223,-0.336816,-0.2941715,Sub-Saharan Africa
451,SLE,Sierra Leone,2020,75,89,-0.512368,-0.8200165,-0.7424179,-0.5027744,-0.29247,-0.2358221,Sub-Saharan Africa
451,SLE,Sierra Leone,2021,76,73,-0.5124238,-0.817778,-0.7370238,-0.4975083,-0.2940562,-0.2533972,Sub-Saharan Africa
451,SLE,Sierra Leone,2022,77,80,-0.3202464,-0.507721,-0.4673714,-0.3155117,-0.18381,-0.1507989,Sub-Saharan Africa
451,SLE,Sierra Leone,2023,78,76,-0.2509972,-0.4451133,-0.3958167,-0.2490074,-0.1121936,-0.07039907,Sub-Saharan Africa
451,SLE,Sierra Leone,2024,79,97,-0.4263552,-0.6221524,-0.577981,-0.4219966,-0.2777006,-0.2391274,Sub-Saharan Africa
830,SGP,Singapore,1991,46,74,-0.3869035,-0.686825,-0.6170964,-0.3752495,-0.1701125,-0.1144349,South & East Asia
830,SGP,Singapore,1992,47,75,-0.123106,-0.3470941,-0.3049168,-0.1183065,0.04257143,0.1040602,South & East Asia
830,SGP,Singapore,1993,48,65,-0.169079,-0.406053,-0.3519974,-0.1626902,0.004399579,0.0572046,South & East Asia
830,SGP,Singapore,1994,49,68,-0.2746131,-0.5777284,-0.5113393,-0.2616898,-0.05025532,0.00435409,South & East Asia
830,SGP,Singapore,1995,50,67,-0.2741196,-0.5528323,-0.485118,-0.2671475,-0.07299895,-0.01640507,South & East Asia
830,SGP,Singapore,1996,51,74,-0.4106255,-0.6941709,-0.6257953,-0.4088138,-0.1980004,-0.1340408,South & East Asia
830,SGP,Singapore,1997,52,73,-0.4697751,-0.7539668,-0.6878202,-0.4601705,-0.2748064,-0.21159,South & East Asia
830,SGP,Singapore,1998,53,63,-0.1828699,-0.3933759,-0.3523972,-0.175907,-0.02110868,0.01575197,South & East Asia
830,SGP,Singapore,1999,54,69,-0.2895359,-0.5092964,-0.4480041,-0.2825832,-0.1391477,-0.09497125,South & East Asia
830,SGP,Singapore,2000,55,68,-0.1767173,-0.3668108,-0.3311784,-0.177152,-0.02736382,0.007085902,South & East Asia
830,SGP,Singapore,2001,56,69,-0.2583818,-0.4546451,-0.4010397,-0.2560126,-0.1168241,-0.08005833,South & East Asia
830,SGP,Singapore,2002,57,76,-0.1522715,-0.3188928,-0.2779651,-0.1505586,-0.01831942,0.008987414,South & East Asia
830,SGP,Singapore,2003,58,78,-0.1342888,-0.2978832,-0.2636545,-0.1327599,-0.006164957,0.02794808,South & East Asia
830,SGP,Singapore,2004,59,72,-0.1549922,-0.3213284,-0.284023,-0.1534169,-0.02427035,0.006266876,South & East Asia
830,SGP,Singapore,2005,60,75,-0.2908846,-0.481454,-0.4306285,-0.2825731,-0.1521757,-0.1130807,South & East Asia
830,SGP,Singapore,2006,61,88,-0.2137879,-0.379794,-0.3383345,-0.2146268,-0.09192796,-0.06814882,South & East Asia
830,SGP,Singapore,2007,62,79,-0.235005,-0.4082367,-0.3725607,-0.2336665,-0.1035336,-0.06632813,South & East Asia
830,SGP,Singapore,2008,63,77,-0.2304598,-0.3981017,-0.3623336,-0.2276443,-0.1009448,-0.06673593,South & East Asia
830,SGP,Singapore,2009,64,66,-0.3816349,-0.5807087,-0.5394415,-0.3786023,-0.2360533,-0.1922389,South & East Asia
830,SGP,Singapore,2010,65,72,-0.4513837,-0.7046601,-0.6332205,-0.4411237,-0.2819147,-0.2336027,South & East Asia
830,SGP,Singapore,2011,66,69,-0.6270343,-0.8806555,-0.8166253,-0.6193029,-0.4362389,-0.3597568,South & East Asia
830,SGP,Singapore,2012,67,74,-0.3895978,-0.6133582,-0.5607473,-0.380452,-0.2311778,-0.1858268,South & East Asia
830,SGP,Singapore,2013,68,64,-0.6372777,-0.928601,-0.8473349,-0.6360129,-0.4287067,-0.3743547,South & East Asia
830,SGP,Singapore,2014,69,77,-0.4460514,-0.6803419,-0.6300999,-0.4363276,-0.2728878,-0.2237471,South & East Asia
830,SGP,Singapore,2015,70,78,-0.5773461,-0.8664599,-0.7945852,-0.5683805,-0.3736616,-0.325305,South & East Asia
830,SGP,Singapore,2016,71,80,-0.6237405,-0.9194079,-0.8474607,-0.6164581,-0.4082059,-0.358711,South & East Asia
830,SGP,Singapore,2017,72,93,-0.6692896,-0.9634744,-0.9064631,-0.6671619,-0.4325228,-0.3695228,South & East Asia
830,SGP,Singapore,2018,73,109,-0.31105,-0.4859058,-0.446003,-0.3086288,-0.1681855,-0.138209,South & East Asia
830,SGP,Singapore,2019,74,100,-0.4155733,-0.6245008,-0.5723008,-0.4068058,-0.2629321,-0.2163932,South & East Asia
830,SGP,Singapore,2020,75,97,-0.3240522,-0.5136043,-0.4784067,-0.3176999,-0.1778869,-0.1443316,South & East Asia
830,SGP,Singapore,2021,76,86,-0.3428142,-0.5286322,-0.4865452,-0.3437674,-0.2023256,-0.1592123,South & East Asia
830,SGP,Singapore,2022,77,88,-0.2851494,-0.4343232,-0.4014947,-0.2863092,-0.1689687,-0.1336687,South & East Asia
830,SGP,Singapore,2023,78,88,-0.3229785,-0.4741316,-0.4433003,-0.3240456,-0.2042655,-0.1679652,South & East Asia
830,SGP,Singapore,2024,79,108,-0.2861855,-0.429028,-0.3968715,-0.2865291,-0.1693063,-0.1431492,South & East Asia
317,SVK,Slovakia,1993,48,63,1.337874,1.144997,1.187832,1.333654,1.48554,1.534216,Other
317,SVK,Slovakia,1994,49,61,1.448278,1.211364,1.261193,1.445183,1.642453,1.692924,Other
317,SVK,Slovakia,1995,50,67,1.42224,1.170375,1.228501,1.420163,1.614483,1.690452,Other
317,SVK,Slovakia,1996,51,73,1.367031,1.143057,1.185333,1.366097,1.544843,1.605691,Other
317,SVK,Slovakia,1997,52,73,1.312082,1.103672,1.145643,1.305027,1.488821,1.547771,Other
317,SVK,Slovakia,1998,53,63,1.146396,0.9145481,0.9658443,1.141527,1.325986,1.388424,Other
317,SVK,Slovakia,1999,54,70,1.075241,0.8607365,0.9105296,1.071727,1.243347,1.303438,Other
317,SVK,Slovakia,2000,55,68,1.085852,0.8489464,0.9137969,1.082672,1.265667,1.311341,Other
317,SVK,Slovakia,2001,56,69,0.9752972,0.7944741,0.8349978,0.9711348,1.121623,1.173294,Other
317,SVK,Slovakia,2002,57,76,0.9723878,0.7843354,0.8198198,0.9746043,1.11824,1.168901,Other
317,SVK,Slovakia,2003,58,78,0.9874286,0.8143197,0.8485387,0.9829152,1.138969,1.180698,Other
317,SVK,Slovakia,2004,59,72,0.9374224,0.7451238,0.7846202,0.9386812,1.086244,1.135868,Other
317,SVK,Slovakia,2005,60,75,0.9296675,0.73836,0.7770498,0.9247789,1.088405,1.135197,Other
317,SVK,Slovakia,2006,61,86,0.9424037,0.7702925,0.8061131,0.942088,1.079386,1.127208,Other
317,SVK,Slovakia,2007,62,79,0.950524,0.7569101,0.8008955,0.9514535,1.10182,1.140154,Other
317,SVK,Slovakia,2008,63,77,0.9118204,0.7440962,0.775375,0.9099064,1.053831,1.095641,Other
317,SVK,Slovakia,2009,64,66,0.9931488,0.807445,0.8496989,0.9910458,1.139986,1.175905,Other
317,SVK,Slovakia,2010,65,72,1.024678,0.8236827,0.8717555,1.026592,1.180657,1.229819,Other
317,SVK,Slovakia,2011,66,69,0.9610365,0.7479295,0.8021546,0.9623083,1.121788,1.165594,Other
317,SVK,Slovakia,2012,67,74,0.9668754,0.7845164,0.8189097,0.9668975,1.118463,1.156482,Other
317,SVK,Slovakia,2013,68,64,0.9537177,0.7584996,0.8053406,0.9502789,1.112719,1.161729,Other
317,SVK,Slovakia,2014,69,77,0.9444183,0.7631799,0.8040708,0.9376557,1.08639,1.132068,Other
317,SVK,Slovakia,2015,70,78,1.001008,0.8343586,0.8608593,1.003337,1.134582,1.178791,Other
317,SVK,Slovakia,2016,71,80,1.043749,0.8586887,0.9021297,1.042739,1.189317,1.238733,Other
317,SVK,Slovakia,2017,72,92,0.9763793,0.8114543,0.8490615,0.9761933,1.104185,1.147607,Other
317,SVK,Slovakia,2018,73,107,1.010454,0.8501711,0.8874999,1.007821,1.142421,1.17726,Other
317,SVK,Slovakia,2019,74,99,1.031999,0.8905989,0.9113087,1.030912,1.155359,1.182903,Other
317,SVK,Slovakia,2020,75,97,1.127912,0.9587162,0.9961478,1.123231,1.265036,1.305751,Other
317,SVK,Slovakia,2021,76,86,1.08784,0.916365,0.9536587,1.089076,1.227608,1.265813,Other
317,SVK,Slovakia,2022,77,88,1.171753,0.9902692,1.031759,1.169412,1.320345,1.360816,Other
317,SVK,Slovakia,2023,78,88,1.157286,0.9788078,1.012931,1.154521,1.308179,1.348054,Other
317,SVK,Slovakia,2024,79,108,1.163513,0.997469,1.029156,1.156385,1.298049,1.343444,Other
349,SVN,Slovenia,1992,47,58,1.289964,1.072086,1.122494,1.287738,1.454511,1.503264,Other
349,SVN,Slovenia,1993,48,61,1.113141,0.9268357,0.9726155,1.109911,1.257575,1.307717,Other
349,SVN,Slovenia,1994,49,66,1.169789,0.9620348,1.006524,1.167715,1.33377,1.373802,Other
349,SVN,Slovenia,1995,50,65,1.27068,1.047053,1.093391,1.264068,1.457859,1.521904,Other
349,SVN,Slovenia,1996,51,71,1.372425,1.129425,1.178586,1.366568,1.565967,1.624144,Other
349,SVN,Slovenia,1997,52,72,1.248217,1.031864,1.084804,1.246044,1.423307,1.478065,Other
349,SVN,Slovenia,1998,53,62,1.124759,0.9003559,0.9484337,1.12375,1.307898,1.361548,Other
349,SVN,Slovenia,1999,54,70,1.077537,0.8597098,0.9089127,1.072454,1.243244,1.296229,Other
349,SVN,Slovenia,2000,55,68,1.086737,0.8739302,0.9117234,1.083091,1.265115,1.307887,Other
349,SVN,Slovenia,2001,56,68,1.127971,0.9094671,0.9553372,1.126865,1.296204,1.35019,Other
349,SVN,Slovenia,2002,57,75,1.058618,0.8600182,0.9014701,1.053326,1.221564,1.268921,Other
349,SVN,Slovenia,2003,58,77,0.9658041,0.7828985,0.8184529,0.9652035,1.115352,1.167369,Other
349,SVN,Slovenia,2004,59,72,0.9738032,0.7847461,0.8265605,0.9685299,1.129792,1.17057,Other
349,SVN,Slovenia,2005,60,75,0.9816769,0.7936674,0.8291873,0.9778405,1.141553,1.187842,Other
349,SVN,Slovenia,2006,61,88,0.9573972,0.775382,0.8018398,0.9578107,1.108982,1.161117,Other
349,SVN,Slovenia,2007,62,79,0.9688275,0.7798658,0.8162916,0.9712487,1.114546,1.157592,Other
349,SVN,Slovenia,2008,63,77,0.9119922,0.7265978,0.7619191,0.9118678,1.06795,1.107788,Other
349,SVN,Slovenia,2009,64,66,0.8639046,0.6751094,0.7173769,0.8665152,0.9959001,1.030781,Other
349,SVN,Slovenia,2010,65,72,0.809649,0.6406197,0.6717154,0.806645,0.9475073,0.9841484,Other
349,SVN,Slovenia,2011,66,69,0.8605151,0.6611748,0.7047687,0.8544691,1.015862,1.06547,Other
349,SVN,Slovenia,2012,67,74,0.8567812,0.6750829,0.7095193,0.8537023,1.009797,1.051596,Other
349,SVN,Slovenia,2013,68,64,0.8546489,0.6695852,0.7109048,0.8537297,1.004414,1.040359,Other
349,SVN,Slovenia,2014,69,77,0.8385676,0.665097,0.7088718,0.8394368,0.9723246,1.012305,Other
349,SVN,Slovenia,2015,70,78,0.9417595,0.7816051,0.8089665,0.9361411,1.076289,1.111531,Other
349,SVN,Slovenia,2016,71,80,1.009266,0.8356102,0.8656767,1.005785,1.157109,1.205289,Other
349,SVN,Slovenia,2017,72,92,0.970094,0.8062391,0.8425982,0.9698554,1.100011,1.141644,Other
349,SVN,Slovenia,2018,73,108,0.9336047,0.7841956,0.816326,0.9328506,1.055266,1.085613,Other
349,SVN,Slovenia,2019,74,100,0.9353817,0.7927078,0.817073,0.9327925,1.052873,1.084,Other
349,SVN,Slovenia,2020,75,97,1.068704,0.9045455,0.9447516,1.072601,1.194523,1.234789,Other
349,SVN,Slovenia,2021,76,86,1.046674,0.8769786,0.915052,1.045835,1.173108,1.206914,Other
349,SVN,Slovenia,2022,77,88,0.9394787,0.7804258,0.8091385,0.9371362,1.069358,1.116101,Other
349,SVN,Slovenia,2023,78,88,0.927951,0.7747307,0.7995851,0.9286249,1.047374,1.090742,Other
349,SVN,Slovenia,2024,79,108,0.9606909,0.8123362,0.8454186,0.9600189,1.076113,1.108379,Other
940,SLB,Solomon Islands,1991,46,60,0.1813442,-0.02088259,0.02823901,0.1858916,0.3332313,0.3682392,Other
940,SLB,Solomon Islands,1992,47,23,0.6286172,0.3358943,0.4038695,0.63883,0.8479898,0.9079263,Other
940,SLB,Solomon Islands,1993,48,36,0.4117892,0.1970023,0.2518417,0.4170474,0.5636966,0.6103926,Other
940,SLB,Solomon Islands,1994,49,58,0.4484189,0.2451292,0.2860851,0.4472638,0.6073597,0.6646467,Other
940,SLB,Solomon Islands,1995,50,64,0.3242315,0.1229872,0.1667671,0.3265995,0.4804647,0.5257554,Other
940,SLB,Solomon Islands,1996,51,72,0.1889775,-0.02235283,0.03044725,0.185216,0.3481106,0.3899576,Other
940,SLB,Solomon Islands,1997,52,70,0.2799356,0.1035842,0.1373195,0.2770522,0.4197514,0.4641551,Other
940,SLB,Solomon Islands,1998,53,55,-0.02413616,-0.2282284,-0.1918071,-0.02163857,0.1413153,0.182205,Other
940,SLB,Solomon Islands,1999,54,66,0.08696893,-0.07746897,-0.04096116,0.08450688,0.2212243,0.2506019,Other
940,SLB,Solomon Islands,2000,55,59,0.05070139,-0.1279991,-0.08937581,0.05173512,0.197591,0.2300958,Other
940,SLB,Solomon Islands,2001,56,57,0.05544147,-0.1254678,-0.08433208,0.05776151,0.1937414,0.2290645,Other
940,SLB,Solomon Islands,2002,57,65,0.2818315,0.1231456,0.1566733,0.28205,0.4045931,0.4381196,Other
940,SLB,Solomon Islands,2003,58,53,0.24096,0.04979911,0.09617687,0.245489,0.3887035,0.4249227,Other
940,SLB,Solomon Islands,2004,59,60,0.2417583,0.08153266,0.1138487,0.2416119,0.3770831,0.4077651,Other
940,SLB,Solomon Islands,2005,60,63,0.1148109,-0.06284851,-0.0164318,0.11719,0.2450284,0.2733187,Other
940,SLB,Solomon Islands,2006,61,86,-0.02608036,-0.1681235,-0.1340238,-0.02591946,0.08102527,0.1067455,Other
940,SLB,Solomon Islands,2007,62,68,-0.1671703,-0.3315202,-0.2939249,-0.1656984,-0.04117903,-0.005253946,Other
940,SLB,Solomon Islands,2008,63,71,-0.5655735,-0.8444804,-0.7849296,-0.5582958,-0.3504328,-0.2998702,Other
940,SLB,Solomon Islands,2009,64,65,-0.4028779,-0.6442218,-0.5847141,-0.3981148,-0.2329408,-0.1931816,Other
940,SLB,Solomon Islands,2010,65,70,-0.3310735,-0.5524012,-0.4963327,-0.3268185,-0.1687634,-0.1321538,Other
940,SLB,Solomon Islands,2011,66,64,-0.3527624,-0.5889321,-0.5233201,-0.3445488,-0.1914116,-0.1441256,Other
940,SLB,Solomon Islands,2012,67,73,-0.4519692,-0.7088356,-0.6501165,-0.4456391,-0.2591146,-0.2099224,Other
940,SLB,Solomon Islands,2013,68,63,-0.4848746,-0.7529614,-0.6870712,-0.4738618,-0.2977247,-0.2582163,Other
940,SLB,Solomon Islands,2014,69,76,-0.4334361,-0.6691431,-0.6155335,-0.4277932,-0.2575101,-0.2177049,Other
940,SLB,Solomon Islands,2015,70,75,-0.5089654,-0.781994,-0.7138682,-0.494016,-0.324996,-0.2725363,Other
940,SLB,Solomon Islands,2016,71,76,-0.3496983,-0.5864033,-0.5385263,-0.3440112,-0.1685142,-0.1282444,Other
940,SLB,Solomon Islands,2017,72,89,0.0341584,-0.1004193,-0.07582662,0.036502,0.1417736,0.1681055,Other
940,SLB,Solomon Islands,2018,73,89,0.2898824,0.159122,0.1874358,0.2913539,0.3915689,0.4243682,Other
940,SLB,Solomon Islands,2019,74,73,-0.1072907,-0.2716563,-0.2357847,-0.105102,0.02527015,0.06349283,Other
940,SLB,Solomon Islands,2020,75,68,0.05883497,-0.1179123,-0.07871021,0.06022083,0.1918873,0.2322438,Other
940,SLB,Solomon Islands,2021,76,58,-0.2996104,-0.5157908,-0.4643992,-0.2971089,-0.1291597,-0.08619148,Other
940,SLB,Solomon Islands,2022,77,60,-0.2606879,-0.455834,-0.4166178,-0.258156,-0.110944,-0.0644159,Other
940,SLB,Solomon Islands,2023,78,72,-0.2854716,-0.4683503,-0.42303,-0.2826498,-0.1393702,-0.1056355,Other
940,SLB,Solomon Islands,2024,79,75,-0.426264,-0.6427709,-0.5976866,-0.4205312,-0.2628281,-0.2242326,Other
520,SOM,Somalia,1991,46,65,-0.9040038,-1.403555,-1.294995,-0.8864878,-0.5388243,-0.4563694,Sub-Saharan Africa
520,SOM,Somalia,1999,54,1,-0.900972,-1.424485,-1.298738,-0.887126,-0.5169178,-0.4329237,Sub-Saharan Africa
520,SOM,Somalia,2002,57,42,-1.010876,-1.544725,-1.419795,-1.006184,-0.6081835,-0.5309648,Sub-Saharan Africa
520,SOM,Somalia,2003,58,64,-1.032432,-1.423804,-1.327709,-1.030647,-0.7340282,-0.646132,Sub-Saharan Africa
520,SOM,Somalia,2004,59,64,-0.8009253,-1.180566,-1.095292,-0.7857201,-0.5213384,-0.4347371,Sub-Saharan Africa
520,SOM,Somalia,2005,60,63,-0.6845355,-0.9826899,-0.9057057,-0.6722503,-0.4795539,-0.4148314,Sub-Saharan Africa
520,SOM,Somalia,2006,61,41,-0.5777155,-0.8866462,-0.805401,-0.5707332,-0.3569688,-0.2972564,Sub-Saharan Africa
520,SOM,Somalia,2007,62,58,-1.162,-1.659312,-1.562895,-1.144073,-0.7956328,-0.7055928,Sub-Saharan Africa
520,SOM,Somalia,2008,63,29,-1.123013,-1.631994,-1.490539,-1.113807,-0.7530475,-0.6506199,Sub-Saharan Africa
520,SOM,Somalia,2009,64,52,-1.169822,-1.565132,-1.455243,-1.172641,-0.8769449,-0.8016479,Sub-Saharan Africa
520,SOM,Somalia,2010,65,64,-0.9656986,-1.35866,-1.262927,-0.9549867,-0.6789941,-0.5990968,Sub-Saharan Africa
520,SOM,Somalia,2011,66,35,-0.852309,-1.203951,-1.126842,-0.8496334,-0.5748237,-0.5100133,Sub-Saharan Africa
520,SOM,Somalia,2012,67,63,-0.625844,-0.9441413,-0.863929,-0.6239905,-0.3965313,-0.3312233,Sub-Saharan Africa
520,SOM,Somalia,2013,68,61,-0.6508747,-0.9542081,-0.8678992,-0.6403786,-0.428635,-0.3893851,Sub-Saharan Africa
520,SOM,Somalia,2014,69,70,-0.4477103,-0.7126782,-0.6522935,-0.4412279,-0.2489764,-0.2077236,Sub-Saharan Africa
520,SOM,Somalia,2015,70,33,-0.6463438,-0.9663105,-0.8924626,-0.6426874,-0.3907229,-0.3278311,Sub-Saharan Africa
520,SOM,Somalia,2016,71,17,-0.4301909,-0.8332515,-0.7370825,-0.4101978,-0.1370585,-0.07111471,Sub-Saharan Africa
520,SOM,Somalia,2017,72,59,-0.596685,-0.9442193,-0.8586342,-0.5938566,-0.3440199,-0.2871903,Sub-Saharan Africa
520,SOM,Somalia,2018,73,32,-0.5597787,-0.8866906,-0.8021097,-0.5574032,-0.3172627,-0.2553438,Sub-Saharan Africa
520,SOM,Somalia,2019,74,36,-0.5810474,-0.9256613,-0.8354739,-0.5775334,-0.3364095,-0.252631,Sub-Saharan Africa
520,SOM,Somalia,2020,75,2,-0.5836602,-1.023375,-0.9238015,-0.5729402,-0.2416957,-0.1664171,Sub-Saharan Africa
520,SOM,Somalia,2021,76,56,-0.6077882,-0.8974416,-0.8269762,-0.6020087,-0.3822659,-0.3321181,Sub-Saharan Africa
520,SOM,Somalia,2022,77,51,-0.349846,-0.6142824,-0.5554732,-0.3377145,-0.1552197,-0.1058214,Sub-Saharan Africa
520,SOM,Somalia,2023,78,66,-0.6055729,-0.9000972,-0.8209421,-0.6018402,-0.388412,-0.3433918,Sub-Saharan Africa
520,SOM,Somalia,2024,79,71,-0.701845,-1.048053,-0.9633456,-0.6915679,-0.4601157,-0.3830227,Sub-Saharan Africa
560,ZAF,South Africa,1994,49,66,-0.143327,-0.4365337,-0.3664924,-0.1424809,0.07740226,0.1240443,Sub-Saharan Africa
560,ZAF,South Africa,1995,50,67,-0.1606507,-0.4076102,-0.3522233,-0.1520715,0.02330622,0.0676619,Sub-Saharan Africa
560,ZAF,South Africa,1996,51,73,-0.09852385,-0.3171532,-0.2595492,-0.09782661,0.06457921,0.1109723,Sub-Saharan Africa
560,ZAF,South Africa,1997,52,72,0.01773159,-0.1666074,-0.1256184,0.02821133,0.1561881,0.1920376,Sub-Saharan Africa
560,ZAF,South Africa,1998,53,63,-0.04078715,-0.2356885,-0.1896323,-0.03876786,0.1053076,0.1460506,Sub-Saharan Africa
560,ZAF,South Africa,1999,54,69,0.04259237,-0.1273731,-0.08854658,0.04403721,0.1880965,0.2286069,Sub-Saharan Africa
560,ZAF,South Africa,2000,55,68,0.05974482,-0.117032,-0.077538,0.06279928,0.1904585,0.2290966,Sub-Saharan Africa
560,ZAF,South Africa,2001,56,67,-0.07136746,-0.2440576,-0.2054772,-0.06591472,0.05202792,0.08752074,Sub-Saharan Africa
560,ZAF,South Africa,2002,57,76,-0.3086965,-0.4996659,-0.4591533,-0.3087515,-0.1572568,-0.121293,Sub-Saharan Africa
560,ZAF,South Africa,2003,58,77,-0.3469052,-0.5575603,-0.4998243,-0.3439408,-0.1964638,-0.1526846,Sub-Saharan Africa
560,ZAF,South Africa,2004,59,72,-0.4257092,-0.6670413,-0.6103311,-0.4180669,-0.24837,-0.2021329,Sub-Saharan Africa
560,ZAF,South Africa,2005,60,74,-0.4004503,-0.6103434,-0.5614392,-0.3944575,-0.2426188,-0.2080335,Sub-Saharan Africa
560,ZAF,South Africa,2006,61,88,-0.4330945,-0.6429289,-0.5938747,-0.4277394,-0.2828014,-0.2358493,Sub-Saharan Africa
560,ZAF,South Africa,2007,62,79,-0.5379799,-0.7786456,-0.727363,-0.5343331,-0.3623561,-0.3138507,Sub-Saharan Africa
560,ZAF,South Africa,2008,63,77,-0.4800612,-0.7148209,-0.6634505,-0.4678078,-0.3077296,-0.2622159,Sub-Saharan Africa
560,ZAF,South Africa,2009,64,66,-0.4639526,-0.6889059,-0.6333054,-0.461821,-0.3007809,-0.2604002,Sub-Saharan Africa
560,ZAF,South Africa,2010,65,72,-0.4254458,-0.6542007,-0.6021995,-0.4204504,-0.2578577,-0.2036816,Sub-Saharan Africa
560,ZAF,South Africa,2011,66,67,-0.6047115,-0.8451641,-0.7972286,-0.5986533,-0.4170227,-0.3698054,Sub-Saharan Africa
560,ZAF,South Africa,2012,67,74,-0.3720093,-0.5769791,-0.5330045,-0.36695,-0.2169492,-0.1790272,Sub-Saharan Africa
560,ZAF,South Africa,2013,68,62,-0.4292992,-0.6605006,-0.5994597,-0.4272714,-0.2621107,-0.2189293,Sub-Saharan Africa
560,ZAF,South Africa,2014,69,77,-0.4811735,-0.7166663,-0.6702103,-0.4702823,-0.308105,-0.2727429,Sub-Saharan Africa
560,ZAF,South Africa,2015,70,78,-0.4624539,-0.684113,-0.6413541,-0.4623684,-0.2944588,-0.2466468,Sub-Saharan Africa
560,ZAF,South Africa,2016,71,78,-0.5137962,-0.7402409,-0.6877608,-0.5113739,-0.3356279,-0.2849522,Sub-Saharan Africa
560,ZAF,South Africa,2017,72,92,-0.4744851,-0.7224675,-0.6518615,-0.4670274,-0.3044794,-0.2531326,Sub-Saharan Africa
560,ZAF,South Africa,2018,73,107,-0.4626457,-0.6651514,-0.6151663,-0.4560993,-0.3120849,-0.2736356,Sub-Saharan Africa
560,ZAF,South Africa,2019,74,97,-0.3595957,-0.5559073,-0.51644,-0.3510524,-0.220764,-0.17826,Sub-Saharan Africa
560,ZAF,South Africa,2020,75,96,-0.3493632,-0.547903,-0.4957508,-0.3492603,-0.2051714,-0.1563681,Sub-Saharan Africa
560,ZAF,South Africa,2021,76,84,-0.3771246,-0.5849721,-0.527829,-0.3750925,-0.2331565,-0.1955844,Sub-Saharan Africa
560,ZAF,South Africa,2022,77,87,-0.5148699,-0.6875251,-0.6506555,-0.5117921,-0.3845614,-0.3401078,Sub-Saharan Africa
560,ZAF,South Africa,2023,78,85,-0.5481287,-0.7290513,-0.6862528,-0.5462395,-0.4038713,-0.3672596,Sub-Saharan Africa
560,ZAF,South Africa,2024,79,108,-0.4164392,-0.5727157,-0.5436036,-0.414523,-0.2876561,-0.2581175,Sub-Saharan Africa
732,KOR,South Korea,1991,46,72,0.4984875,0.3451075,0.3859886,0.5005821,0.6107736,0.644293,South & East Asia
732,KOR,South Korea,1992,47,74,0.5471131,0.3830284,0.4306691,0.5484852,0.6686216,0.6963845,South & East Asia
732,KOR,South Korea,1993,48,64,0.5570305,0.3995011,0.4366198,0.556092,0.6793146,0.7193651,South & East Asia
732,KOR,South Korea,1994,49,67,0.5643998,0.3688861,0.4120462,0.5674954,0.7139265,0.7530194,South & East Asia
732,KOR,South Korea,1995,50,61,0.5305505,0.3285029,0.3635563,0.5356464,0.6907893,0.7345538,South & East Asia
732,KOR,South Korea,1996,51,74,0.6078614,0.4415433,0.4772711,0.6091751,0.7394896,0.7724507,South & East Asia
732,KOR,South Korea,1997,52,73,0.6102685,0.4432774,0.4755719,0.6101816,0.7454072,0.7879472,South & East Asia
732,KOR,South Korea,1998,53,62,0.6597322,0.4826306,0.5205626,0.6603654,0.8083677,0.8418582,South & East Asia
732,KOR,South Korea,1999,54,69,0.5600508,0.4093265,0.4350684,0.5534191,0.6820562,0.7254461,South & East Asia
732,KOR,South Korea,2000,55,66,0.6018862,0.4327286,0.4766424,0.5975311,0.7308735,0.7602746,South & East Asia
732,KOR,South Korea,2001,56,68,0.6135039,0.4643786,0.4935658,0.6120064,0.7351087,0.7653399,South & East Asia
732,KOR,South Korea,2002,57,75,0.7774275,0.6122821,0.6471419,0.7771687,0.9030567,0.9431724,South & East Asia
732,KOR,South Korea,2003,58,78,0.7212627,0.5727641,0.6017524,0.7248724,0.8366101,0.8727311,South & East Asia
732,KOR,South Korea,2004,59,71,0.7086889,0.5559003,0.5890709,0.7091823,0.8305322,0.8649427,South & East Asia
732,KOR,South Korea,2005,60,75,0.5216529,0.3846529,0.4105273,0.519951,0.6360677,0.6638311,South & East Asia
732,KOR,South Korea,2006,61,88,0.6656282,0.5123325,0.5492543,0.6652546,0.7865263,0.8184008,South & East Asia
732,KOR,South Korea,2007,62,78,0.5692882,0.4322327,0.456643,0.5701013,0.6818944,0.7155262,South & East Asia
732,KOR,South Korea,2008,63,76,0.6269784,0.476199,0.5082071,0.626242,0.7467079,0.783518,South & East Asia
732,KOR,South Korea,2009,64,66,0.6138598,0.470404,0.5006601,0.6143318,0.7230765,0.7518344,South & East Asia
732,KOR,South Korea,2010,65,72,0.6126838,0.4706963,0.4984103,0.6113044,0.7276063,0.7667679,South & East Asia
732,KOR,South Korea,2011,66,66,0.6310638,0.4730952,0.5128669,0.627852,0.7588266,0.7856092,South & East Asia
732,KOR,South Korea,2012,67,74,0.6708915,0.5163901,0.5471103,0.6674429,0.7937645,0.8348884,South & East Asia
732,KOR,South Korea,2013,68,63,0.645415,0.4802416,0.5182056,0.6446544,0.7735814,0.8117804,South & East Asia
732,KOR,South Korea,2014,69,70,0.7233607,0.5782508,0.6086027,0.7245938,0.838605,0.8752262,South & East Asia
732,KOR,South Korea,2015,70,77,0.7490785,0.6093719,0.6368557,0.7465828,0.8680715,0.8971459,South & East Asia
732,KOR,South Korea,2016,71,77,0.9402993,0.7713787,0.8011422,0.9357077,1.080005,1.119785,South & East Asia
732,KOR,South Korea,2017,72,91,0.8895507,0.7420844,0.7655913,0.8874664,1.013418,1.056951,South & East Asia
732,KOR,South Korea,2018,73,108,0.7960193,0.6624235,0.6911005,0.7914188,0.8994722,0.9365239,South & East Asia
732,KOR,South Korea,2019,74,100,0.7013757,0.578867,0.6036057,0.7025482,0.8006137,0.8243763,South & East Asia
732,KOR,South Korea,2020,75,97,0.7389924,0.617683,0.6413799,0.7339922,0.8453382,0.8828231,South & East Asia
732,KOR,South Korea,2021,76,86,0.8329757,0.6842194,0.7217318,0.8331056,0.9487597,0.9738424,South & East Asia
732,KOR,South Korea,2022,77,88,0.8563465,0.7013167,0.7371615,0.8563824,0.9763878,1.012315,South & East Asia
732,KOR,South Korea,2023,78,88,0.8860122,0.7337397,0.7662228,0.8809617,1.015511,1.04332,South & East Asia
732,KOR,South Korea,2024,79,107,0.9392427,0.7966756,0.8322704,0.9380015,1.05148,1.086824,South & East Asia
626,SSD,South Sudan,2011,66,16,-0.05219495,-0.3321376,-0.2641105,-0.04313914,0.1446134,0.1945752,Sub-Saharan Africa
626,SSD,South Sudan,2012,67,46,0.2306249,0.08596988,0.1102461,0.2295161,0.3484984,0.3855593,Sub-Saharan Africa
626,SSD,South Sudan,2013,68,35,0.2572761,0.07233836,0.1219624,0.2594356,0.3985847,0.4396522,Sub-Saharan Africa
626,SSD,South Sudan,2014,69,33,0.2807696,0.04330386,0.09504987,0.285129,0.4594205,0.5157269,Sub-Saharan Africa
626,SSD,South Sudan,2015,70,31,-0.01667917,-0.2235478,-0.1695787,-0.01271289,0.1345057,0.1666836,Sub-Saharan Africa
626,SSD,South Sudan,2016,71,68,0.2390554,0.1032572,0.1321887,0.2407755,0.3399822,0.3673777,Sub-Saharan Africa
626,SSD,South Sudan,2017,72,25,0.5056299,0.201836,0.266465,0.5026462,0.7378881,0.8096674,Sub-Saharan Africa
626,SSD,South Sudan,2018,73,54,-0.04751954,-0.2141315,-0.1797508,-0.05147438,0.09306027,0.1276763,Sub-Saharan Africa
626,SSD,South Sudan,2019,74,48,0.03308184,-0.1892791,-0.1395547,0.03397868,0.2004316,0.2407642,Sub-Saharan Africa
626,SSD,South Sudan,2020,75,38,-0.2897192,-0.542728,-0.4975911,-0.2841496,-0.09474009,-0.05097041,Sub-Saharan Africa
626,SSD,South Sudan,2021,76,56,-0.2184684,-0.4267064,-0.3699045,-0.215608,-0.06660542,-0.01907699,Sub-Saharan Africa
626,SSD,South Sudan,2022,77,39,-0.0578736,-0.27069,-0.2213987,-0.05906749,0.109352,0.1466409,Sub-Saharan Africa
626,SSD,South Sudan,2023,78,79,0.3583225,0.2486773,0.2719926,0.3589838,0.4466257,0.4684356,Sub-Saharan Africa
626,SSD,South Sudan,2024,79,22,0.01067229,-0.2199559,-0.1654479,0.01586049,0.1768497,0.2325285,Sub-Saharan Africa
230,ESP,Spain,1991,46,72,0.9504708,0.8019674,0.8317902,0.9493493,1.069463,1.099843,Western Europe & North America
230,ESP,Spain,1992,47,74,0.9649119,0.8080027,0.8385053,0.9616014,1.090668,1.140672,Western Europe & North America
230,ESP,Spain,1993,48,63,1.056977,0.8784481,0.9132752,1.054401,1.203643,1.239977,Western Europe & North America
230,ESP,Spain,1994,49,68,1.204156,0.9817304,1.030689,1.202095,1.380768,1.424356,Western Europe & North America
230,ESP,Spain,1995,50,67,1.159849,0.9357704,0.9825356,1.155108,1.334576,1.384332,Western Europe & North America
230,ESP,Spain,1996,51,73,1.371435,1.138613,1.194502,1.366203,1.559043,1.61443,Western Europe & North America
230,ESP,Spain,1997,52,73,1.32733,1.098891,1.147402,1.322146,1.516919,1.581719,Western Europe & North America
230,ESP,Spain,1998,53,63,1.122657,0.8948367,0.9427299,1.117444,1.318382,1.363358,Western Europe & North America
230,ESP,Spain,1999,54,70,1.070605,0.8535365,0.9002917,1.066932,1.239565,1.29077,Western Europe & North America
230,ESP,Spain,2000,55,68,1.012071,0.7916509,0.8406584,1.008149,1.184531,1.22864,Western Europe & North America
230,ESP,Spain,2001,56,69,1.042286,0.8376508,0.8810496,1.04126,1.202541,1.256146,Western Europe & North America
230,ESP,Spain,2002,57,76,1.068307,0.8671638,0.9188077,1.066594,1.219052,1.25631,Western Europe & North America
230,ESP,Spain,2003,58,78,1.049983,0.8704539,0.9055315,1.046801,1.197817,1.242794,Western Europe & North America
230,ESP,Spain,2004,59,72,0.9487909,0.7701067,0.8067477,0.9477566,1.092645,1.140583,Western Europe & North America
230,ESP,Spain,2005,60,75,0.9045805,0.7179384,0.7478601,0.9030016,1.052132,1.106253,Western Europe & North America
230,ESP,Spain,2006,61,88,0.9628063,0.7751102,0.8134433,0.9602401,1.108231,1.145595,Western Europe & North America
230,ESP,Spain,2007,62,79,0.9091482,0.7297365,0.762226,0.9069636,1.056964,1.10028,Western Europe & North America
230,ESP,Spain,2008,63,77,0.8553158,0.6659299,0.7106187,0.8504712,1.009101,1.043046,Western Europe & North America
230,ESP,Spain,2009,64,65,0.8957423,0.7217079,0.7537423,0.8896199,1.046508,1.095926,Western Europe & North America
230,ESP,Spain,2010,65,72,0.7518283,0.5847778,0.616589,0.7454623,0.8915432,0.9326315,Western Europe & North America
230,ESP,Spain,2011,66,69,0.895447,0.7095331,0.7422502,0.8935789,1.051893,1.101869,Western Europe & North America
230,ESP,Spain,2012,67,74,0.8795769,0.6919616,0.7306872,0.8741953,1.032656,1.075358,Western Europe & North America
230,ESP,Spain,2013,68,64,0.8633165,0.6717959,0.7214491,0.8649786,1.013536,1.05469,Western Europe & North America
230,ESP,Spain,2014,69,77,0.8835655,0.7220443,0.7489561,0.8784115,1.027564,1.066494,Western Europe & North America
230,ESP,Spain,2015,70,78,1.014947,0.8452495,0.8818705,1.008437,1.148349,1.202355,Western Europe & North America
230,ESP,Spain,2016,71,79,1.07601,0.8992993,0.939233,1.072674,1.21877,1.279784,Western Europe & North America
230,ESP,Spain,2017,72,92,0.9719947,0.7957192,0.8366635,0.9720935,1.107409,1.139156,Western Europe & North America
230,ESP,Spain,2018,73,109,0.9037577,0.7538818,0.7891212,0.9017446,1.024556,1.057957,Western Europe & North America
230,ESP,Spain,2019,74,100,0.98407,0.8413489,0.8687586,0.9820799,1.104676,1.138549,Western Europe & North America
230,ESP,Spain,2020,75,97,0.8464141,0.7078899,0.7342936,0.8470133,0.9541552,0.9859099,Western Europe & North America
230,ESP,Spain,2021,76,86,0.8528506,0.710714,0.7383686,0.8496069,0.9696276,1.002281,Western Europe & North America
230,ESP,Spain,2022,77,87,0.9271088,0.7679579,0.8067023,0.9238698,1.054387,1.097329,Western Europe & North America
230,ESP,Spain,2023,78,88,0.9563344,0.8049596,0.8374901,0.9544417,1.077863,1.116977,Western Europe & North America
230,ESP,Spain,2024,79,108,0.9805677,0.8394302,0.86894,0.97804,1.097695,1.132482,Western Europe & North America
780,LKA,Sri Lanka,1991,46,74,-0.8796023,-1.290545,-1.206356,-0.8766491,-0.5686863,-0.4818657,South & East Asia
780,LKA,Sri Lanka,1992,47,75,-0.9139041,-1.27865,-1.19778,-0.9130969,-0.6454137,-0.5548893,South & East Asia
780,LKA,Sri Lanka,1993,48,65,-0.8799413,-1.217521,-1.140148,-0.873884,-0.627116,-0.545064,South & East Asia
780,LKA,Sri Lanka,1994,49,68,-1.111156,-1.463494,-1.393829,-1.112318,-0.8270779,-0.7477525,South & East Asia
780,LKA,Sri Lanka,1995,50,66,-1.101933,-1.458039,-1.380168,-1.101671,-0.8337915,-0.7674111,South & East Asia
780,LKA,Sri Lanka,1996,51,74,-0.8700461,-1.220838,-1.125405,-0.8702678,-0.620917,-0.5658039,South & East Asia
780,LKA,Sri Lanka,1997,52,72,-0.7820043,-1.094516,-1.015057,-0.7808103,-0.5371085,-0.4844584,South & East Asia
780,LKA,Sri Lanka,1998,53,63,-0.7209541,-1.09516,-1.004846,-0.7078808,-0.4442376,-0.3776992,South & East Asia
780,LKA,Sri Lanka,1999,54,70,-0.77008,-1.099242,-1.029152,-0.7550123,-0.5458892,-0.4617585,South & East Asia
780,LKA,Sri Lanka,2000,55,67,-0.7759391,-1.134517,-1.060414,-0.7666643,-0.5121142,-0.4467402,South & East Asia
780,LKA,Sri Lanka,2001,56,69,-0.7002217,-1.020603,-0.9537629,-0.6938871,-0.4659411,-0.4045663,South & East Asia
780,LKA,Sri Lanka,2002,57,76,-0.6446137,-0.9745837,-0.8927127,-0.6295418,-0.4207948,-0.3743621,South & East Asia
780,LKA,Sri Lanka,2003,58,78,-0.5398105,-0.8173126,-0.7661847,-0.5317055,-0.3401856,-0.2759502,South & East Asia
780,LKA,Sri Lanka,2004,59,72,-0.6218593,-0.9203851,-0.8618359,-0.6118411,-0.3908625,-0.3352035,South & East Asia
780,LKA,Sri Lanka,2005,60,75,-0.4567262,-0.691196,-0.6384017,-0.4499079,-0.2858418,-0.2442784,South & East Asia
780,LKA,Sri Lanka,2006,61,87,-0.6279418,-0.907741,-0.8422122,-0.6162345,-0.4228166,-0.3769719,South & East Asia
780,LKA,Sri Lanka,2007,62,79,-0.5617936,-0.8583993,-0.7714394,-0.5497596,-0.3643904,-0.3083205,South & East Asia
780,LKA,Sri Lanka,2008,63,77,-0.8553844,-1.167744,-1.096028,-0.8496336,-0.6245888,-0.5514704,South & East Asia
780,LKA,Sri Lanka,2009,64,66,-0.8643584,-1.168526,-1.089507,-0.8526417,-0.644356,-0.5727912,South & East Asia
780,LKA,Sri Lanka,2010,65,72,-0.9554453,-1.29392,-1.222344,-0.9538486,-0.6853757,-0.6213713,South & East Asia
780,LKA,Sri Lanka,2011,66,67,-0.9034392,-1.174799,-1.134289,-0.9040679,-0.6794254,-0.6190994,South & East Asia
780,LKA,Sri Lanka,2012,67,74,-0.915215,-1.178668,-1.129854,-0.908224,-0.7010973,-0.6459728,South & East Asia
780,LKA,Sri Lanka,2013,68,63,-1.092604,-1.422601,-1.353926,-1.086031,-0.8374288,-0.7612976,South & East Asia
780,LKA,Sri Lanka,2014,69,77,-1.157897,-1.477506,-1.405378,-1.15247,-0.9151274,-0.8527137,South & East Asia
780,LKA,Sri Lanka,2015,70,77,-0.6479601,-0.9530158,-0.8771207,-0.637645,-0.4376843,-0.3749742,South & East Asia
780,LKA,Sri Lanka,2016,71,79,-0.6450029,-0.9468981,-0.8681878,-0.634594,-0.4338493,-0.3828611,South & East Asia
780,LKA,Sri Lanka,2017,72,90,-0.6300282,-0.9235574,-0.864332,-0.620334,-0.4201727,-0.3698981,South & East Asia
780,LKA,Sri Lanka,2018,73,107,-0.4912007,-0.716217,-0.6623886,-0.4832346,-0.3309956,-0.2957315,South & East Asia
780,LKA,Sri Lanka,2019,74,97,-0.5815688,-0.8389595,-0.7728809,-0.5803619,-0.3968457,-0.3401986,South & East Asia
780,LKA,Sri Lanka,2020,75,97,-0.7001274,-0.9618652,-0.905431,-0.6953122,-0.5071125,-0.4590814,South & East Asia
780,LKA,Sri Lanka,2021,76,86,-0.9352029,-1.210656,-1.145994,-0.9363012,-0.7212944,-0.6652998,South & East Asia
780,LKA,Sri Lanka,2022,77,87,-0.7979549,-0.9942665,-0.9562695,-0.7962027,-0.6509523,-0.6106133,South & East Asia
780,LKA,Sri Lanka,2023,78,86,-0.6833547,-0.8705253,-0.8274748,-0.6839167,-0.5316848,-0.4927376,South & East Asia
780,LKA,Sri Lanka,2024,79,108,-0.6735984,-0.8568901,-0.8162171,-0.6717702,-0.5371359,-0.4938748,South & East Asia
60,KNA,St. Kitts & Nevis,1991,46,61,-0.02305145,-0.2416351,-0.1820967,-0.02128402,0.1394323,0.1846528,Other
60,KNA,St. Kitts & Nevis,1992,47,66,-0.1336833,-0.3779607,-0.3198389,-0.1237197,0.04289148,0.08896302,Other
60,KNA,St. Kitts & Nevis,1993,48,1,-0.1296402,-0.3872991,-0.3400046,-0.1310901,0.06880926,0.1231017,Other
60,KNA,St. Kitts & Nevis,1994,49,63,-0.09241423,-0.3647025,-0.2939363,-0.09172884,0.1132128,0.1573364,Other
60,KNA,St. Kitts & Nevis,1995,50,10,-0.1357045,-0.4827663,-0.4023933,-0.1384322,0.125016,0.2033794,Other
60,KNA,St. Kitts & Nevis,1996,51,55,-0.1200039,-0.4080653,-0.3374023,-0.1063552,0.09358199,0.1420371,Other
60,KNA,St. Kitts & Nevis,1997,52,59,-0.5409434,-0.882162,-0.7997533,-0.5334106,-0.2857469,-0.2343351,Other
60,KNA,St. Kitts & Nevis,1998,53,39,-0.4720706,-0.8575333,-0.7569828,-0.4629863,-0.1860379,-0.1207964,Other
60,KNA,St. Kitts & Nevis,1999,54,20,-0.7032375,-1.283477,-1.136637,-0.6793389,-0.2948434,-0.2002745,Other
60,KNA,St. Kitts & Nevis,2000,55,26,-0.6345415,-1.114344,-0.9930718,-0.6193372,-0.287927,-0.1982361,Other
60,KNA,St. Kitts & Nevis,2001,56,13,-0.5090939,-0.9647205,-0.8509006,-0.4957429,-0.1841446,-0.1135492,Other
60,KNA,St. Kitts & Nevis,2002,57,14,-0.5902504,-1.084875,-0.9730062,-0.5642522,-0.2342048,-0.1610424,Other
60,KNA,St. Kitts & Nevis,2003,58,7,-0.3734222,-1.036907,-0.8761963,-0.3769555,0.1182096,0.2345616,Other
60,KNA,St. Kitts & Nevis,2004,59,6,-0.5226043,-1.245883,-1.051639,-0.5009592,-0.0152444,0.08076759,Other
60,KNA,St. Kitts & Nevis,2005,60,8,-0.2344436,-0.9343438,-0.7618501,-0.2224876,0.2654484,0.3797333,Other
60,KNA,St. Kitts & Nevis,2006,61,37,-0.5860599,-1.137605,-0.9930408,-0.5601059,-0.2357193,-0.1637287,Other
60,KNA,St. Kitts & Nevis,2007,62,62,-0.6130009,-0.9363976,-0.865045,-0.5969219,-0.3823394,-0.3261196,Other
60,KNA,St. Kitts & Nevis,2008,63,37,-0.5770753,-0.8909836,-0.8327709,-0.5733338,-0.3247336,-0.2642796,Other
60,KNA,St. Kitts & Nevis,2009,64,40,-0.4421759,-0.704876,-0.6448733,-0.4344713,-0.2448954,-0.1969045,Other
60,KNA,St. Kitts & Nevis,2010,65,38,-0.522266,-0.839993,-0.7799438,-0.5154348,-0.2868669,-0.2190977,Other
60,KNA,St. Kitts & Nevis,2011,66,43,-0.6395679,-0.9681742,-0.8985688,-0.6336709,-0.392175,-0.3353616,Other
60,KNA,St. Kitts & Nevis,2012,67,49,-0.4666554,-0.7490093,-0.6790236,-0.4606505,-0.2535172,-0.2105869,Other
60,KNA,St. Kitts & Nevis,2013,68,50,-0.5327232,-0.8225062,-0.7520389,-0.526877,-0.3107744,-0.2630931,Other
60,KNA,St. Kitts & Nevis,2014,69,52,-0.4840729,-0.7669504,-0.7014173,-0.4741706,-0.282419,-0.2275774,Other
60,KNA,St. Kitts & Nevis,2015,70,68,-0.5177388,-0.800843,-0.7314564,-0.5056338,-0.3183504,-0.2549296,Other
60,KNA,St. Kitts & Nevis,2016,71,69,-0.2846209,-0.5284254,-0.4724326,-0.2798602,-0.1152269,-0.05653842,Other
60,KNA,St. Kitts & Nevis,2017,72,87,-0.4489721,-0.7072818,-0.6418446,-0.4469526,-0.2567195,-0.2136838,Other
60,KNA,St. Kitts & Nevis,2018,73,67,-0.3277463,-0.5671209,-0.5164998,-0.3233468,-0.1453438,-0.09498085,Other
60,KNA,St. Kitts & Nevis,2019,74,88,-0.3950465,-0.6277945,-0.5730323,-0.3871851,-0.219923,-0.1786015,Other
60,KNA,St. Kitts & Nevis,2020,75,79,-0.3261126,-0.5656938,-0.5150379,-0.3212342,-0.1531119,-0.1010435,Other
60,KNA,St. Kitts & Nevis,2021,76,65,-0.4851107,-0.7660627,-0.6896216,-0.472856,-0.2904536,-0.2402132,Other
60,KNA,St. Kitts & Nevis,2022,77,81,-0.3969691,-0.5739338,-0.5380522,-0.397119,-0.2566841,-0.2204051,Other
60,KNA,St. Kitts & Nevis,2023,78,72,-0.3632868,-0.5713665,-0.5232501,-0.3609857,-0.2109962,-0.1710455,Other
60,KNA,St. Kitts & Nevis,2024,79,83,-0.3752262,-0.5453749,-0.5089722,-0.3753928,-0.2388651,-0.2019048,Other
56,LCA,St. Lucia,1991,46,74,-0.08552234,-0.2920508,-0.236617,-0.08189849,0.06498218,0.1021134,Other
56,LCA,St. Lucia,1992,47,71,0.1359656,-0.04775775,-0.002576121,0.1400156,0.2767323,0.3066296,Other
56,LCA,St. Lucia,1993,48,61,-0.2000907,-0.4517049,-0.3925908,-0.1989014,-0.01129674,0.03658686,Other
56,LCA,St. Lucia,1994,49,58,-0.2676696,-0.5677476,-0.4949173,-0.2624395,-0.05298394,0.02509751,Other
56,LCA,St. Lucia,1995,50,35,-0.2259685,-0.549709,-0.4764858,-0.218982,0.02335803,0.09535613,Other
56,LCA,St. Lucia,1996,51,70,-0.2229879,-0.4988853,-0.4280397,-0.2152889,-0.01996355,0.0287415,Other
56,LCA,St. Lucia,1997,52,68,-0.6652528,-0.9692718,-0.9102456,-0.662895,-0.4299681,-0.3521468,Other
56,LCA,St. Lucia,1998,53,57,-0.5569177,-0.8821265,-0.7883775,-0.5477532,-0.3342758,-0.2859266,Other
56,LCA,St. Lucia,1999,54,65,-0.7619498,-1.073134,-1.012552,-0.7569318,-0.5225517,-0.4725259,Other
56,LCA,St. Lucia,2000,55,64,-0.6871694,-1.023487,-0.9518894,-0.6828025,-0.4238281,-0.3724914,Other
56,LCA,St. Lucia,2001,56,60,-0.7315098,-1.07003,-0.9889301,-0.7283996,-0.4771987,-0.41798,Other
56,LCA,St. Lucia,2002,57,71,-0.892736,-1.255478,-1.167572,-0.885125,-0.636757,-0.5626325,Other
56,LCA,St. Lucia,2003,58,77,-0.7553304,-1.086693,-1.003933,-0.7569288,-0.5084719,-0.4422912,Other
56,LCA,St. Lucia,2004,59,68,-0.595315,-0.9243451,-0.848938,-0.5847927,-0.361494,-0.3014534,Other
56,LCA,St. Lucia,2005,60,70,-0.6686688,-0.9670897,-0.892468,-0.6557675,-0.4588142,-0.3998857,Other
56,LCA,St. Lucia,2006,61,77,-0.7164087,-1.151258,-1.024143,-0.6984273,-0.4303226,-0.3662111,Other
56,LCA,St. Lucia,2007,62,78,-0.6198034,-0.8987109,-0.8322717,-0.6099188,-0.419239,-0.3714632,Other
56,LCA,St. Lucia,2008,63,69,-0.3764938,-0.6003333,-0.5543664,-0.3684428,-0.2104453,-0.1744783,Other
56,LCA,St. Lucia,2009,64,65,-0.2727131,-0.4802701,-0.4202178,-0.2683344,-0.1248913,-0.09046763,Other
56,LCA,St. Lucia,2010,65,66,-0.3239924,-0.5471229,-0.4948074,-0.3193796,-0.1608098,-0.1106192,Other
56,LCA,St. Lucia,2011,66,65,-0.2434319,-0.4480208,-0.4013204,-0.2427387,-0.09049905,-0.05100098,Other
56,LCA,St. Lucia,2012,67,70,-0.5812987,-0.8589246,-0.7839929,-0.5802372,-0.3763116,-0.3079152,Other
56,LCA,St. Lucia,2013,68,61,-0.6073485,-0.8848436,-0.8193035,-0.5996223,-0.3982038,-0.3429656,Other
56,LCA,St. Lucia,2014,69,77,-0.6833342,-0.986609,-0.9110353,-0.6789395,-0.4605971,-0.3884657,Other
56,LCA,St. Lucia,2015,70,75,-0.6170175,-0.9074597,-0.8396464,-0.6086935,-0.3958441,-0.336871,Other
56,LCA,St. Lucia,2016,71,75,-0.4546029,-0.7173198,-0.6640791,-0.4540297,-0.2495352,-0.2070943,Other
56,LCA,St. Lucia,2017,72,88,-0.4469932,-0.7073906,-0.6592852,-0.428828,-0.2639561,-0.2188475,Other
56,LCA,St. Lucia,2018,73,105,-0.3836342,-0.5829015,-0.5428939,-0.3780992,-0.2350981,-0.1919496,Other
56,LCA,St. Lucia,2019,74,95,-0.4041264,-0.6175541,-0.568702,-0.3975446,-0.2511619,-0.2127915,Other
56,LCA,St. Lucia,2020,75,93,-0.3735798,-0.6138119,-0.5517923,-0.366704,-0.1984056,-0.1504057,Other
56,LCA,St. Lucia,2021,76,78,-0.4065591,-0.6362631,-0.5809238,-0.4051501,-0.2337216,-0.1914459,Other
56,LCA,St. Lucia,2022,77,81,-0.3038812,-0.4781138,-0.4312143,-0.3063175,-0.1747077,-0.1465347,Other
56,LCA,St. Lucia,2023,78,81,-0.3935484,-0.5965969,-0.5450373,-0.3854655,-0.2485349,-0.2112765,Other
56,LCA,St. Lucia,2024,79,101,-0.379678,-0.5575711,-0.5151499,-0.3781736,-0.2504012,-0.2168683,Other
57,VCT,St. Vincent & Grenadines,1991,46,69,0.02264,-0.1727703,-0.1316063,0.02423707,0.175038,0.2115157,Other
57,VCT,St. Vincent & Grenadines,1992,47,73,0.1819379,0.02880454,0.06003401,0.1798518,0.3053452,0.3444704,Other
57,VCT,St. Vincent & Grenadines,1993,48,62,-0.08516779,-0.3060759,-0.2555126,-0.08261614,0.08354909,0.1228112,Other
57,VCT,St. Vincent & Grenadines,1994,49,59,0.02327025,-0.229572,-0.1732514,0.03181444,0.2116969,0.255751,Other
57,VCT,St. Vincent & Grenadines,1995,50,12,0.1442548,-0.211756,-0.1213699,0.1487577,0.4059162,0.4767637,Other
57,VCT,St. Vincent & Grenadines,1996,51,33,0.02893807,-0.2763685,-0.2049573,0.03661894,0.254814,0.3050215,Other
57,VCT,St. Vincent & Grenadines,1997,52,30,-0.2373832,-0.6367619,-0.5323816,-0.219123,0.05308752,0.1232245,Other
57,VCT,St. Vincent & Grenadines,1998,53,23,-0.5899853,-1.096989,-0.9562489,-0.5816009,-0.2368562,-0.1426941,Other
57,VCT,St. Vincent & Grenadines,1999,54,47,0.0002257675,-0.2317391,-0.1748902,0.004142955,0.1698585,0.2154699,Other
57,VCT,St. Vincent & Grenadines,2000,55,33,-0.3103499,-0.6443917,-0.5665525,-0.2965899,-0.06738387,-0.005349107,Other
57,VCT,St. Vincent & Grenadines,2001,56,2,-0.3183898,-0.7784653,-0.6566787,-0.3141016,0.01756668,0.1076114,Other
57,VCT,St. Vincent & Grenadines,2002,57,68,0.09866644,-0.05688825,-0.02374092,0.09964379,0.2198156,0.2510987,Other
57,VCT,St. Vincent & Grenadines,2003,58,68,0.001213069,-0.1622349,-0.1190809,-0.000605282,0.1294879,0.1642995,Other
57,VCT,St. Vincent & Grenadines,2004,59,67,-0.2701084,-0.4714657,-0.4280166,-0.2684889,-0.121701,-0.07836188,Other
57,VCT,St. Vincent & Grenadines,2005,60,70,-0.266722,-0.4665107,-0.4182265,-0.2629115,-0.1239892,-0.08819123,Other
57,VCT,St. Vincent & Grenadines,2006,61,79,-0.6610249,-1.07298,-0.9605969,-0.6407952,-0.3834995,-0.3219618,Other
57,VCT,St. Vincent & Grenadines,2007,62,64,-0.6267246,-0.9486389,-0.8608073,-0.6169384,-0.4014256,-0.3520222,Other
57,VCT,St. Vincent & Grenadines,2008,63,68,-0.6687412,-0.9690202,-0.8924819,-0.6658371,-0.4345282,-0.3824536,Other
57,VCT,St. Vincent & Grenadines,2009,64,63,-0.5902864,-0.8913793,-0.8135318,-0.5783256,-0.3848073,-0.3330264,Other
57,VCT,St. Vincent & Grenadines,2010,65,67,-0.6923927,-1.023099,-0.9533029,-0.6895856,-0.4401024,-0.3935698,Other
57,VCT,St. Vincent & Grenadines,2011,66,67,-0.6206582,-0.8792442,-0.8183735,-0.6146573,-0.4140827,-0.3534009,Other
57,VCT,St. Vincent & Grenadines,2012,67,72,-0.6734151,-0.9696634,-0.8914096,-0.6655427,-0.4622221,-0.4034695,Other
57,VCT,St. Vincent & Grenadines,2013,68,64,-0.5973838,-0.8877871,-0.815543,-0.5917138,-0.3865827,-0.3406778,Other
57,VCT,St. Vincent & Grenadines,2014,69,75,-0.6184619,-0.9080839,-0.8419686,-0.6133638,-0.4083771,-0.3449356,Other
57,VCT,St. Vincent & Grenadines,2015,70,74,-0.6075885,-0.9041686,-0.8359304,-0.6039264,-0.3845586,-0.3361176,Other
57,VCT,St. Vincent & Grenadines,2016,71,77,-0.5362504,-0.808034,-0.7361994,-0.5332773,-0.3364817,-0.2737055,Other
57,VCT,St. Vincent & Grenadines,2017,72,85,-0.5883967,-0.8837765,-0.8122675,-0.5737607,-0.380719,-0.3277737,Other
57,VCT,St. Vincent & Grenadines,2018,73,106,-0.5073803,-0.732468,-0.6726017,-0.5008537,-0.3462969,-0.2907565,Other
57,VCT,St. Vincent & Grenadines,2019,74,96,-0.5769219,-0.8228441,-0.768499,-0.5711659,-0.3936078,-0.3504515,Other
57,VCT,St. Vincent & Grenadines,2020,75,90,-0.5068111,-0.7607202,-0.7029403,-0.4981122,-0.3234794,-0.2756551,Other
57,VCT,St. Vincent & Grenadines,2021,76,77,-0.4165695,-0.6439701,-0.576974,-0.412455,-0.2593845,-0.2213203,Other
57,VCT,St. Vincent & Grenadines,2022,77,85,-0.3537635,-0.5472754,-0.4894187,-0.3527785,-0.2146998,-0.1801436,Other
57,VCT,St. Vincent & Grenadines,2023,78,81,-0.4228308,-0.614186,-0.5735923,-0.4224204,-0.2808629,-0.2421014,Other
57,VCT,St. Vincent & Grenadines,2024,79,86,-0.3625244,-0.545499,-0.504974,-0.3600019,-0.2201718,-0.1876341,Other
625,SDN,Sudan,1991,46,67,-1.267754,-1.680912,-1.597199,-1.266586,-0.9433836,-0.8521519,MENA
625,SDN,Sudan,1992,47,72,-1.852042,-2.266334,-2.182496,-1.84818,-1.518003,-1.444251,MENA
625,SDN,Sudan,1993,48,62,-1.746345,-2.144113,-2.072927,-1.742174,-1.421124,-1.322397,MENA
625,SDN,Sudan,1994,49,67,-1.960239,-2.385356,-2.304709,-1.960197,-1.629977,-1.549953,MENA
625,SDN,Sudan,1995,50,65,-2.016435,-2.398481,-2.322649,-2.019402,-1.718809,-1.638567,MENA
625,SDN,Sudan,1996,51,72,-1.587292,-1.952262,-1.869282,-1.585991,-1.3046,-1.201023,MENA
625,SDN,Sudan,1997,52,73,-1.575826,-1.93885,-1.86237,-1.571681,-1.296553,-1.235315,MENA
625,SDN,Sudan,1998,53,63,-1.288797,-1.726319,-1.609849,-1.280693,-0.9597573,-0.8847053,MENA
625,SDN,Sudan,1999,54,69,-1.45054,-1.813908,-1.724244,-1.442189,-1.189256,-1.106844,MENA
625,SDN,Sudan,2000,55,67,-1.36937,-1.799571,-1.707128,-1.375978,-1.035569,-0.9481024,MENA
625,SDN,Sudan,2001,56,66,-1.389359,-1.797373,-1.718688,-1.384396,-1.071725,-0.9729735,MENA
625,SDN,Sudan,2002,57,76,-1.503081,-1.890271,-1.820535,-1.503861,-1.175641,-1.082936,MENA
625,SDN,Sudan,2003,58,77,-1.20306,-1.645705,-1.539573,-1.194528,-0.8791278,-0.7939199,MENA
625,SDN,Sudan,2004,59,71,-1.021144,-1.430484,-1.326634,-1.014473,-0.7181239,-0.6328053,MENA
625,SDN,Sudan,2005,60,72,-1.053483,-1.446853,-1.343453,-1.050877,-0.7697996,-0.6897423,MENA
625,SDN,Sudan,2006,61,85,-1.32394,-1.725451,-1.656848,-1.316055,-1.022993,-0.940898,MENA
625,SDN,Sudan,2007,62,79,-1.34748,-1.775792,-1.691423,-1.332212,-1.031831,-0.9519965,MENA
625,SDN,Sudan,2008,63,76,-1.446232,-1.845914,-1.741341,-1.438615,-1.152157,-1.080369,MENA
625,SDN,Sudan,2009,64,62,-1.424,-1.809467,-1.727059,-1.416203,-1.141265,-1.060884,MENA
625,SDN,Sudan,2010,65,72,-1.248162,-1.61124,-1.534345,-1.247416,-0.9474853,-0.8635405,MENA
625,SDN,Sudan,2011,66,68,-1.261453,-1.575679,-1.508436,-1.269183,-1.001784,-0.9319166,MENA
625,SDN,Sudan,2012,67,73,-0.9751792,-1.286578,-1.211911,-0.9716249,-0.7349845,-0.6883304,MENA
625,SDN,Sudan,2013,68,62,-1.244892,-1.603473,-1.520282,-1.242249,-0.9717224,-0.9043238,MENA
625,SDN,Sudan,2014,69,75,-1.377237,-1.75734,-1.643253,-1.358817,-1.130887,-1.050426,MENA
625,SDN,Sudan,2015,70,78,-1.68168,-2.077647,-2.002014,-1.680183,-1.379354,-1.305128,MENA
625,SDN,Sudan,2016,71,79,-1.260228,-1.584814,-1.520142,-1.259786,-1.004783,-0.9311147,MENA
625,SDN,Sudan,2017,72,93,-1.206271,-1.57198,-1.487062,-1.199059,-0.9416219,-0.850529,MENA
625,SDN,Sudan,2018,73,107,-1.116388,-1.402566,-1.332679,-1.117449,-0.9024152,-0.8468342,MENA
625,SDN,Sudan,2019,74,99,-1.025186,-1.330785,-1.260167,-1.017843,-0.796909,-0.7481065,MENA
625,SDN,Sudan,2020,75,96,-1.050222,-1.342323,-1.272933,-1.050476,-0.835111,-0.7720115,MENA
625,SDN,Sudan,2021,76,80,-0.8463492,-1.12275,-1.056517,-0.8406841,-0.6402635,-0.5745725,MENA
625,SDN,Sudan,2022,77,80,-0.7059333,-0.8863771,-0.8415904,-0.7049916,-0.5704432,-0.5317775,MENA
625,SDN,Sudan,2023,78,70,-0.9798774,-1.176459,-1.130159,-0.98251,-0.8249545,-0.7825766,MENA
625,SDN,Sudan,2024,79,105,-1.127938,-1.328474,-1.283951,-1.126232,-0.9718674,-0.9340827,MENA
115,SUR,Suriname,1991,46,74,-0.5673313,-0.9069806,-0.8258058,-0.5528423,-0.3182907,-0.2401349,Other
115,SUR,Suriname,1992,47,75,-0.2947296,-0.5493883,-0.4963226,-0.2928885,-0.09474101,-0.03668493,Other
115,SUR,Suriname,1993,48,65,-0.3690978,-0.6622988,-0.586253,-0.3602205,-0.161892,-0.09453881,Other
115,SUR,Suriname,1994,49,68,-0.3159715,-0.6053982,-0.5427728,-0.3185938,-0.074841,-0.02865297,Other
115,SUR,Suriname,1995,50,67,-0.06147804,-0.3079948,-0.2529206,-0.05239732,0.1085825,0.1631961,Other
115,SUR,Suriname,1996,51,74,-0.02785511,-0.2602651,-0.2038839,-0.03139574,0.1458047,0.1992851,Other
115,SUR,Suriname,1997,52,68,-0.6055846,-0.9043429,-0.8377348,-0.6054219,-0.3739791,-0.3152614,Other
115,SUR,Suriname,1998,53,61,-0.6797119,-1.051193,-0.9656601,-0.6702496,-0.4067659,-0.354476,Other
115,SUR,Suriname,1999,54,63,-0.8341166,-1.18598,-1.109238,-0.8234945,-0.5779299,-0.5120434,Other
115,SUR,Suriname,2000,55,38,-0.3798926,-0.6857689,-0.6099353,-0.3700874,-0.1623151,-0.09590311,Other
115,SUR,Suriname,2001,56,26,-0.2924488,-0.6007335,-0.5148153,-0.2903622,-0.060201,0.001400515,Other
115,SUR,Suriname,2002,57,46,-0.6789375,-1.127868,-1.020708,-0.6615056,-0.3537696,-0.2753529,Other
115,SUR,Suriname,2003,58,75,-0.4622595,-0.7104207,-0.6611028,-0.4529081,-0.2771934,-0.221941,Other
115,SUR,Suriname,2004,59,69,-0.5590221,-0.8756859,-0.7958595,-0.5473071,-0.3380319,-0.2906953,Other
115,SUR,Suriname,2005,60,70,-0.5863761,-0.8392719,-0.786281,-0.5881843,-0.3814908,-0.3320725,Other
115,SUR,Suriname,2006,61,87,-0.5868945,-0.857244,-0.7845501,-0.5767213,-0.391653,-0.3413931,Other
115,SUR,Suriname,2007,62,71,-0.613947,-0.8854684,-0.8250584,-0.6032275,-0.4112893,-0.3516843,Other
115,SUR,Suriname,2008,63,69,-0.4814781,-0.7317224,-0.661093,-0.4763956,-0.2883317,-0.2367294,Other
115,SUR,Suriname,2009,64,63,-0.5586248,-0.832075,-0.7671633,-0.5516261,-0.3657426,-0.3097506,Other
115,SUR,Suriname,2010,65,49,-0.6381456,-0.9613882,-0.8878746,-0.6323195,-0.4048916,-0.3370602,Other
115,SUR,Suriname,2011,66,49,-0.6202458,-0.930435,-0.8518977,-0.6187933,-0.391132,-0.3311929,Other
115,SUR,Suriname,2012,67,70,-0.7071764,-0.9925812,-0.9261926,-0.7083566,-0.4881153,-0.4347087,Other
115,SUR,Suriname,2013,68,61,-0.6618267,-0.9392077,-0.8847658,-0.6522215,-0.4431682,-0.3854092,Other
115,SUR,Suriname,2014,69,76,-0.6942054,-0.9725915,-0.9148071,-0.6883848,-0.4768661,-0.4217447,Other
115,SUR,Suriname,2015,70,57,-0.629964,-0.9327498,-0.868826,-0.6258581,-0.397211,-0.3436144,Other
115,SUR,Suriname,2016,71,76,-0.7060803,-1.020613,-0.9344169,-0.694406,-0.4801479,-0.4288089,Other
115,SUR,Suriname,2017,72,79,-0.4760442,-0.7371792,-0.6601852,-0.4666029,-0.2917577,-0.2510809,Other
115,SUR,Suriname,2018,73,102,-0.6773659,-0.940378,-0.8794723,-0.6690404,-0.4911061,-0.4398428,Other
115,SUR,Suriname,2019,74,96,-0.6543031,-0.9234158,-0.8544839,-0.6498517,-0.4588358,-0.3982256,Other
115,SUR,Suriname,2020,75,95,-0.5308974,-0.7885919,-0.7262309,-0.5286624,-0.3422114,-0.2924798,Other
115,SUR,Suriname,2021,76,81,-0.4128941,-0.6512025,-0.5908176,-0.4077254,-0.2496844,-0.2007264,Other
115,SUR,Suriname,2022,77,69,-0.1882966,-0.363337,-0.3277831,-0.1886296,-0.05988223,-0.02862696,Other
115,SUR,Suriname,2023,78,87,-0.144963,-0.2914586,-0.2675566,-0.1457156,-0.02894648,0.003417357,Other
115,SUR,Suriname,2024,79,104,-0.1985196,-0.3465949,-0.3169762,-0.1984623,-0.08080821,-0.04902421,Other
380,SWE,Sweden,1991,46,72,1.186488,1.018669,1.057839,1.188678,1.31784,1.349809,Western Europe & North America
380,SWE,Sweden,1992,47,74,1.160626,0.9907842,1.027566,1.158762,1.290987,1.33377,Western Europe & North America
380,SWE,Sweden,1993,48,64,1.178291,0.9856169,1.026049,1.175294,1.327935,1.364417,Western Europe & North America
380,SWE,Sweden,1994,49,68,1.12545,0.9154087,0.9551822,1.128105,1.286834,1.34229,Western Europe & North America
380,SWE,Sweden,1995,50,67,1.209698,0.9798414,1.031603,1.206698,1.394604,1.444766,Western Europe & North America
380,SWE,Sweden,1996,51,74,1.139434,0.9430704,0.9767667,1.141228,1.30209,1.354702,Western Europe & North America
380,SWE,Sweden,1997,52,73,1.222206,1.006831,1.052158,1.220912,1.387904,1.446381,Western Europe & North America
380,SWE,Sweden,1998,53,63,1.034812,0.8264467,0.8666658,1.037552,1.202683,1.250154,Western Europe & North America
380,SWE,Sweden,1999,54,70,0.9959095,0.7873134,0.826959,0.9985845,1.167469,1.204478,Western Europe & North America
380,SWE,Sweden,2000,55,68,0.9924101,0.7904896,0.8316421,0.9866793,1.157865,1.213176,Western Europe & North America
380,SWE,Sweden,2001,56,69,0.9579337,0.7736307,0.8129415,0.9519938,1.107463,1.15449,Western Europe & North America
380,SWE,Sweden,2002,57,76,0.8685674,0.6826546,0.7228208,0.8655285,1.012623,1.053147,Western Europe & North America
380,SWE,Sweden,2003,58,78,0.9540753,0.7831737,0.8151224,0.953839,1.097076,1.13839,Western Europe & North America
380,SWE,Sweden,2004,59,72,0.908558,0.7302517,0.7603276,0.9081068,1.057862,1.088934,Western Europe & North America
380,SWE,Sweden,2005,60,75,0.8741066,0.6917463,0.7322711,0.8714789,1.014304,1.061145,Western Europe & North America
380,SWE,Sweden,2006,61,88,0.7970232,0.6300228,0.6683184,0.793319,0.9335131,0.9675993,Western Europe & North America
380,SWE,Sweden,2007,62,79,0.803888,0.6283985,0.6661019,0.8041183,0.9410573,0.9722057,Western Europe & North America
380,SWE,Sweden,2008,63,77,0.7244018,0.5633551,0.5986241,0.7228547,0.8528743,0.885951,Western Europe & North America
380,SWE,Sweden,2009,64,66,0.8550521,0.6878255,0.7196817,0.8502735,0.9969037,1.041753,Western Europe & North America
380,SWE,Sweden,2010,65,72,0.8903874,0.7135496,0.746385,0.8895279,1.032045,1.073651,Western Europe & North America
380,SWE,Sweden,2011,66,68,0.845919,0.6526545,0.6994923,0.8426141,1.007169,1.04604,Western Europe & North America
380,SWE,Sweden,2012,67,74,0.7665062,0.5887852,0.6265376,0.7684337,0.8970989,0.9387046,Western Europe & North America
380,SWE,Sweden,2013,68,64,0.8509751,0.6776347,0.7120919,0.8514837,0.9996855,1.040672,Western Europe & North America
380,SWE,Sweden,2014,69,77,0.759182,0.6022335,0.6371245,0.7542717,0.8859006,0.9277883,Western Europe & North America
380,SWE,Sweden,2015,70,78,0.6445686,0.500968,0.5286941,0.6443824,0.7571298,0.7882451,Western Europe & North America
380,SWE,Sweden,2016,71,80,0.6739514,0.5273102,0.560446,0.6703273,0.792035,0.8274289,Western Europe & North America
380,SWE,Sweden,2017,72,93,0.7414023,0.5963444,0.6316199,0.7376575,0.8576438,0.8944611,Western Europe & North America
380,SWE,Sweden,2018,73,109,0.7712185,0.6392073,0.6666563,0.7702297,0.878033,0.9001445,Western Europe & North America
380,SWE,Sweden,2019,74,100,0.7916482,0.6682683,0.6868595,0.7870225,0.8952097,0.9284283,Western Europe & North America
380,SWE,Sweden,2020,75,97,0.7839339,0.6444585,0.6773902,0.7842478,0.8886951,0.9168401,Western Europe & North America
380,SWE,Sweden,2021,76,86,0.7735931,0.6370996,0.6697339,0.7693263,0.8849814,0.9163398,Western Europe & North America
380,SWE,Sweden,2022,77,88,1.036698,0.8685838,0.9083175,1.032039,1.176015,1.213718,Western Europe & North America
380,SWE,Sweden,2023,78,88,1.059421,0.8909436,0.9274577,1.058869,1.196796,1.235595,Western Europe & North America
380,SWE,Sweden,2024,79,108,1.0856,0.9280464,0.9602677,1.082621,1.217783,1.258458,Western Europe & North America
225,CHE,Switzerland,2002,57,72,0.9773452,0.7799472,0.8224364,0.9771394,1.128457,1.178489,Western Europe & North America
225,CHE,Switzerland,2003,58,78,0.9907526,0.8130196,0.8477373,0.9877173,1.139383,1.182013,Western Europe & North America
225,CHE,Switzerland,2004,59,71,0.8533034,0.6763525,0.7156151,0.8530484,0.9889739,1.024564,Western Europe & North America
225,CHE,Switzerland,2005,60,74,0.9301485,0.7292016,0.7745417,0.9244763,1.091717,1.144386,Western Europe & North America
225,CHE,Switzerland,2006,61,88,0.7984789,0.6437972,0.6734911,0.7943704,0.9299113,0.9690006,Western Europe & North America
225,CHE,Switzerland,2007,62,79,0.7272242,0.5678838,0.6007919,0.7237915,0.8586746,0.8964524,Western Europe & North America
225,CHE,Switzerland,2008,63,76,0.6173962,0.4656047,0.4936082,0.6138471,0.7440982,0.7837051,Western Europe & North America
225,CHE,Switzerland,2009,64,65,0.767231,0.5982112,0.6350493,0.7658253,0.8979381,0.931746,Western Europe & North America
225,CHE,Switzerland,2010,65,72,0.7004978,0.5365266,0.5761318,0.7030604,0.824582,0.8608569,Western Europe & North America
225,CHE,Switzerland,2011,66,69,0.6286328,0.4825337,0.5114704,0.622564,0.7597584,0.7956821,Western Europe & North America
225,CHE,Switzerland,2012,67,72,0.6508186,0.4996683,0.5220181,0.6504525,0.7767681,0.8163394,Western Europe & North America
225,CHE,Switzerland,2013,68,64,0.6606361,0.4916765,0.5238857,0.6550181,0.7991502,0.839732,Western Europe & North America
225,CHE,Switzerland,2014,69,77,0.7142466,0.5592962,0.593217,0.7143412,0.8335983,0.8655799,Western Europe & North America
225,CHE,Switzerland,2015,70,78,0.6513021,0.5196803,0.5441807,0.6468346,0.7666806,0.7986231,Western Europe & North America
225,CHE,Switzerland,2016,71,80,0.6076516,0.4776659,0.5001103,0.6072561,0.7142144,0.7465622,Western Europe & North America
225,CHE,Switzerland,2017,72,93,0.608524,0.4765837,0.5046157,0.6092418,0.7086687,0.7381753,Western Europe & North America
225,CHE,Switzerland,2018,73,107,0.584021,0.4557939,0.4814842,0.5850579,0.6800005,0.7100979,Western Europe & North America
225,CHE,Switzerland,2019,74,100,0.6761939,0.5514475,0.5768143,0.6763278,0.7762105,0.8025089,Western Europe & North America
225,CHE,Switzerland,2020,75,97,0.6740894,0.5502906,0.579282,0.6756383,0.7692863,0.802514,Western Europe & North America
225,CHE,Switzerland,2021,76,86,0.6824608,0.559562,0.58578,0.6807087,0.7805982,0.8201887,Western Europe & North America
225,CHE,Switzerland,2022,77,88,0.7086803,0.5817061,0.6060314,0.7089901,0.8139926,0.8422415,Western Europe & North America
225,CHE,Switzerland,2023,78,88,0.6516492,0.526717,0.5546177,0.6500472,0.7514933,0.7830074,Western Europe & North America
225,CHE,Switzerland,2024,79,108,0.75918,0.6408757,0.6629323,0.7577141,0.8549232,0.8854589,Western Europe & North America
652,SYR,Syria,1991,46,70,-0.8628949,-1.308641,-1.209987,-0.8585008,-0.5370692,-0.4591226,MENA
652,SYR,Syria,1992,47,73,-1.096721,-1.484414,-1.391402,-1.100248,-0.8010355,-0.7117563,MENA
652,SYR,Syria,1993,48,62,-1.389258,-1.810379,-1.707992,-1.378039,-1.097804,-1.023221,MENA
652,SYR,Syria,1994,49,63,-1.501101,-1.89112,-1.808108,-1.488564,-1.206951,-1.127967,MENA
652,SYR,Syria,1995,50,61,-1.568934,-1.933314,-1.852611,-1.561677,-1.289012,-1.215285,MENA
652,SYR,Syria,1996,51,70,-1.88435,-2.274463,-2.194851,-1.881773,-1.587669,-1.478395,MENA
652,SYR,Syria,1997,52,65,-1.642866,-1.990658,-1.910547,-1.643824,-1.369468,-1.307399,MENA
652,SYR,Syria,1998,53,56,-1.488254,-1.934936,-1.826784,-1.48756,-1.149318,-1.059904,MENA
652,SYR,Syria,1999,54,64,-1.445726,-1.822771,-1.738171,-1.456458,-1.149042,-1.057946,MENA
652,SYR,Syria,2000,55,62,-1.67497,-2.115081,-2.018074,-1.681641,-1.345855,-1.234191,MENA
652,SYR,Syria,2001,56,68,-1.142628,-1.530248,-1.432435,-1.129937,-0.868575,-0.7899286,MENA
652,SYR,Syria,2002,57,74,-1.358622,-1.763541,-1.669817,-1.351788,-1.052725,-0.9694931,MENA
652,SYR,Syria,2003,58,77,-1.028202,-1.387062,-1.307196,-1.016847,-0.7791591,-0.7119056,MENA
652,SYR,Syria,2004,59,70,-0.691429,-1.035188,-0.952168,-0.6864296,-0.448411,-0.3903504,MENA
652,SYR,Syria,2005,60,73,-1.037869,-1.372042,-1.291433,-1.033761,-0.7798096,-0.7214054,MENA
652,SYR,Syria,2006,61,83,-1.315274,-1.750993,-1.653289,-1.301125,-0.978488,-0.9154171,MENA
652,SYR,Syria,2007,62,77,-1.384145,-1.84356,-1.755475,-1.360485,-1.069956,-0.9790676,MENA
652,SYR,Syria,2008,63,74,-1.612953,-2.039291,-1.931885,-1.603001,-1.321474,-1.245583,MENA
652,SYR,Syria,2009,64,65,-1.546577,-1.916633,-1.84138,-1.539344,-1.265887,-1.200248,MENA
652,SYR,Syria,2010,65,71,-1.822384,-2.166402,-2.092681,-1.833308,-1.541053,-1.448976,MENA
652,SYR,Syria,2011,66,66,-1.63886,-1.970492,-1.895146,-1.636049,-1.385046,-1.306499,MENA
652,SYR,Syria,2012,67,73,-1.89924,-2.195459,-2.138374,-1.90797,-1.656353,-1.583414,MENA
652,SYR,Syria,2013,68,63,-1.809028,-2.147531,-2.075064,-1.805224,-1.559802,-1.473833,MENA
652,SYR,Syria,2014,69,76,-1.637807,-1.973821,-1.902511,-1.63844,-1.377233,-1.290732,MENA
652,SYR,Syria,2015,70,78,-1.531334,-1.901496,-1.798487,-1.527977,-1.268269,-1.179287,MENA
652,SYR,Syria,2016,71,79,-1.971604,-2.290516,-2.236742,-1.98493,-1.690767,-1.60591,MENA
652,SYR,Syria,2017,72,92,-1.792172,-2.154803,-2.070679,-1.797857,-1.507972,-1.410366,MENA
652,SYR,Syria,2018,73,105,-1.808544,-2.125349,-2.064416,-1.816237,-1.539582,-1.462673,MENA
652,SYR,Syria,2019,74,96,-1.886011,-2.186401,-2.132859,-1.889957,-1.646527,-1.5856,MENA
652,SYR,Syria,2020,75,93,-1.529742,-1.862369,-1.792927,-1.528258,-1.28258,-1.210586,MENA
652,SYR,Syria,2021,76,84,-1.978707,-2.264384,-2.204575,-1.977549,-1.759034,-1.686897,MENA
652,SYR,Syria,2022,77,86,-1.916559,-2.168235,-2.119826,-1.920438,-1.710474,-1.650264,MENA
652,SYR,Syria,2023,78,87,-1.93806,-2.196182,-2.137732,-1.938538,-1.75339,-1.691982,MENA
652,SYR,Syria,2024,79,87,-1.942412,-2.255578,-2.19304,-1.94098,-1.684413,-1.614415,MENA
403,STP,São Tomé & Príncipe,1991,46,72,-0.5160299,-0.9119993,-0.8097797,-0.5055426,-0.2466325,-0.1931235,Other
403,STP,São Tomé & Príncipe,1992,47,67,-0.4948954,-0.857746,-0.7562413,-0.4842068,-0.2354639,-0.1673398,Other
403,STP,São Tomé & Príncipe,2000,55,16,-0.1634821,-0.4424359,-0.3870897,-0.16385,0.05658971,0.1132575,Other
403,STP,São Tomé & Príncipe,2002,57,63,-0.6385906,-1.0276,-0.9087343,-0.6204925,-0.3863449,-0.3275295,Other
403,STP,São Tomé & Príncipe,2003,58,1,-0.6445866,-1.057528,-0.9598466,-0.6162914,-0.3689832,-0.2910632,Other
403,STP,São Tomé & Príncipe,2004,59,57,-0.5023103,-0.8139737,-0.7365663,-0.4921773,-0.2837362,-0.2169409,Other
403,STP,São Tomé & Príncipe,2005,60,24,-0.6429489,-1.138207,-1.023254,-0.6272832,-0.2778749,-0.2089764,Other
403,STP,São Tomé & Príncipe,2006,61,72,-0.5777704,-0.8532237,-0.780188,-0.5727981,-0.3674488,-0.3191804,Other
403,STP,São Tomé & Príncipe,2007,62,43,-0.559113,-0.8880474,-0.8048069,-0.5546144,-0.3268187,-0.2682816,Other
403,STP,São Tomé & Príncipe,2008,63,61,-0.554577,-0.8459465,-0.7855545,-0.5478164,-0.3430441,-0.295012,Other
403,STP,São Tomé & Príncipe,2009,64,1,-0.5518538,-0.8678166,-0.7983483,-0.5551295,-0.3082334,-0.2364668,Other
403,STP,São Tomé & Príncipe,2010,65,42,-0.213739,-0.4561297,-0.3936614,-0.2070993,-0.02682929,0.01077988,Other
403,STP,São Tomé & Príncipe,2011,66,41,-0.3562646,-0.6445791,-0.5779774,-0.3402844,-0.159527,-0.1113057,Other
403,STP,São Tomé & Príncipe,2012,67,26,-0.4763887,-0.9309574,-0.824468,-0.4623927,-0.1538322,-0.07527087,Other
403,STP,São Tomé & Príncipe,2013,68,59,-0.5802526,-0.860202,-0.7921739,-0.5707854,-0.3796398,-0.3269337,Other
403,STP,São Tomé & Príncipe,2014,69,59,-0.3984188,-0.6802172,-0.6150644,-0.3917927,-0.1959869,-0.1455307,Other
403,STP,São Tomé & Príncipe,2015,70,1,-0.3987101,-0.7210074,-0.6343224,-0.3910533,-0.1641119,-0.1137811,Other
403,STP,São Tomé & Príncipe,2016,71,13,-0.5349681,-1.149124,-0.9904062,-0.4943475,-0.1355015,-0.05216083,Other
403,STP,São Tomé & Príncipe,2017,72,3,-0.4437354,-1.194754,-0.9971534,-0.4149083,0.0785628,0.2182968,Other
403,STP,São Tomé & Príncipe,2018,73,78,-0.2697492,-0.4680929,-0.4236073,-0.2654417,-0.1268681,-0.09190953,Other
403,STP,São Tomé & Príncipe,2019,74,68,-0.4834384,-0.768451,-0.7058923,-0.470434,-0.2737085,-0.2333243,Other
403,STP,São Tomé & Príncipe,2020,75,76,-0.4681379,-0.7258793,-0.6584958,-0.4574176,-0.29251,-0.2479178,Other
403,STP,São Tomé & Príncipe,2021,76,46,-0.40092,-0.7157517,-0.6338339,-0.3926514,-0.1850629,-0.1276354,Other
403,STP,São Tomé & Príncipe,2022,77,3,-0.3145405,-0.6790531,-0.5958141,-0.3165771,-0.03220204,0.0593979,Other
403,STP,São Tomé & Príncipe,2023,78,2,-0.1346539,-0.8504473,-0.7095216,-0.1513396,0.4934545,0.6695849,Other
403,STP,São Tomé & Príncipe,2024,79,35,-0.2165482,-0.5147154,-0.4461806,-0.2145804,0.005351939,0.07072721,Other
702,TJK,Tajikistan,1992,47,39,-0.2037512,-0.6315969,-0.5180816,-0.1904969,0.1002277,0.1657624,Other
702,TJK,Tajikistan,1993,48,21,0.5484198,0.301963,0.356937,0.5455095,0.7536946,0.793676,Other
702,TJK,Tajikistan,1994,49,59,0.8399767,0.6475744,0.6910648,0.8344745,0.9967233,1.033775,Other
702,TJK,Tajikistan,1995,50,30,0.7712059,0.4983557,0.5501256,0.7718369,0.9899836,1.043211,Other
702,TJK,Tajikistan,1996,51,43,0.695656,0.4916841,0.5392555,0.6916374,0.8625489,0.9074314,Other
702,TJK,Tajikistan,1997,52,49,0.2775241,0.0861506,0.1243136,0.2801641,0.4261632,0.4745264,Other
702,TJK,Tajikistan,1998,53,43,0.1686696,-0.03075088,0.0160985,0.1762489,0.3087352,0.3428408,Other
702,TJK,Tajikistan,1999,54,68,0.0372139,-0.1321171,-0.09631055,0.0381926,0.1664019,0.2078235,Other
702,TJK,Tajikistan,2000,55,42,0.06177885,-0.1471393,-0.0961254,0.05783272,0.223257,0.2627511,Other
702,TJK,Tajikistan,2002,57,47,0.0276193,-0.1410272,-0.1073163,0.03128619,0.1588785,0.2000134,Other
702,TJK,Tajikistan,2003,58,69,0.1251558,-0.02567818,0.00365134,0.12463,0.2460787,0.2824524,Other
702,TJK,Tajikistan,2004,59,61,-0.04920835,-0.2240249,-0.1841815,-0.04616224,0.07901281,0.1072639,Other
702,TJK,Tajikistan,2005,60,70,-0.2704053,-0.4421277,-0.4031616,-0.2700085,-0.1351108,-0.0931669,Other
702,TJK,Tajikistan,2006,61,74,-0.2220727,-0.3966028,-0.3610516,-0.2193142,-0.09303416,-0.05670873,Other
702,TJK,Tajikistan,2007,62,66,-0.2113092,-0.4102973,-0.3577675,-0.2055162,-0.07775234,-0.03512156,Other
702,TJK,Tajikistan,2008,63,72,-0.3262752,-0.5297673,-0.4712574,-0.3238066,-0.184253,-0.1449764,Other
702,TJK,Tajikistan,2009,64,62,-0.3625014,-0.5667525,-0.5266295,-0.3564146,-0.2075132,-0.1714643,Other
702,TJK,Tajikistan,2010,65,63,-0.3205577,-0.511108,-0.4732285,-0.3185471,-0.166932,-0.1334467,Other
702,TJK,Tajikistan,2011,66,64,-0.2196944,-0.3988152,-0.3522324,-0.2206497,-0.08323927,-0.04348889,Other
702,TJK,Tajikistan,2012,67,68,-0.4076754,-0.6464873,-0.5936048,-0.400955,-0.2390887,-0.196958,Other
702,TJK,Tajikistan,2013,68,58,-0.5329613,-0.8115288,-0.751689,-0.5217746,-0.3289207,-0.2788865,Other
702,TJK,Tajikistan,2014,69,72,-0.862821,-1.183171,-1.107535,-0.8624821,-0.620355,-0.5644679,Other
702,TJK,Tajikistan,2015,70,70,-0.6475191,-0.9447333,-0.8783161,-0.646902,-0.4283249,-0.3712134,Other
702,TJK,Tajikistan,2016,71,77,-0.6067564,-0.8887803,-0.8342606,-0.601764,-0.3870228,-0.3229488,Other
702,TJK,Tajikistan,2017,72,85,-0.6780583,-0.9935994,-0.9178432,-0.6611122,-0.4407395,-0.3968846,Other
702,TJK,Tajikistan,2018,73,101,-0.5923002,-0.8418679,-0.794507,-0.5863952,-0.4018868,-0.3440312,Other
702,TJK,Tajikistan,2019,74,88,-0.6127873,-0.8886566,-0.8211792,-0.6076567,-0.4051553,-0.3555959,Other
702,TJK,Tajikistan,2020,75,88,-0.5237823,-0.7742424,-0.7170106,-0.5156487,-0.3355014,-0.2878564,Other
702,TJK,Tajikistan,2021,76,74,-0.5535162,-0.8058599,-0.740695,-0.5523679,-0.3644265,-0.3133816,Other
702,TJK,Tajikistan,2022,77,84,-0.7024317,-0.8868554,-0.8430769,-0.7014625,-0.564821,-0.5263889,Other
702,TJK,Tajikistan,2023,78,80,-0.6619603,-0.8677054,-0.823594,-0.658037,-0.5103041,-0.465096,Other
702,TJK,Tajikistan,2024,79,89,-0.7822712,-0.9893995,-0.9417448,-0.7826422,-0.6176557,-0.5775019,Other
510,TZA,Tanzania,1991,46,74,-0.8014709,-1.160305,-1.097445,-0.7944951,-0.5150095,-0.4359615,Sub-Saharan Africa
510,TZA,Tanzania,1992,47,75,-1.05928,-1.435778,-1.35807,-1.063329,-0.7786253,-0.7067971,Sub-Saharan Africa
510,TZA,Tanzania,1993,48,62,-1.047415,-1.396738,-1.319936,-1.037598,-0.7885644,-0.7173224,Sub-Saharan Africa
510,TZA,Tanzania,1994,49,67,-1.161722,-1.562594,-1.434397,-1.16311,-0.8882941,-0.824221,Sub-Saharan Africa
510,TZA,Tanzania,1995,50,60,-1.134927,-1.466575,-1.398375,-1.137002,-0.8689799,-0.812532,Sub-Saharan Africa
510,TZA,Tanzania,1996,51,73,-1.072728,-1.403983,-1.343437,-1.071116,-0.7978287,-0.7229742,Sub-Saharan Africa
510,TZA,Tanzania,1997,52,73,-1.138817,-1.463373,-1.39431,-1.136577,-0.8798976,-0.79693,Sub-Saharan Africa
510,TZA,Tanzania,1998,53,62,-0.9101482,-1.259843,-1.176567,-0.9066214,-0.6456792,-0.5357959,Sub-Saharan Africa
510,TZA,Tanzania,1999,54,68,-1.072315,-1.420972,-1.340946,-1.064783,-0.8123308,-0.750775,Sub-Saharan Africa
510,TZA,Tanzania,2000,55,68,-0.8971384,-1.284248,-1.185339,-0.8895378,-0.6101981,-0.5363839,Sub-Saharan Africa
510,TZA,Tanzania,2001,56,68,-0.8708982,-1.24021,-1.148505,-0.8649582,-0.6151037,-0.5435045,Sub-Saharan Africa
510,TZA,Tanzania,2002,57,75,-0.619714,-0.9145025,-0.8378863,-0.6197494,-0.4080579,-0.3555397,Sub-Saharan Africa
510,TZA,Tanzania,2003,58,78,-0.5872916,-0.8632982,-0.7956345,-0.5788734,-0.375203,-0.3275518,Sub-Saharan Africa
510,TZA,Tanzania,2004,59,71,-0.6675792,-0.9983777,-0.9272724,-0.6574646,-0.4188194,-0.3576895,Sub-Saharan Africa
510,TZA,Tanzania,2005,60,75,-0.431385,-0.6484326,-0.6000446,-0.424474,-0.2722092,-0.2217785,Sub-Saharan Africa
510,TZA,Tanzania,2006,61,77,-0.1745247,-0.3518044,-0.3089083,-0.1729572,-0.04452306,-0.01352782,Sub-Saharan Africa
510,TZA,Tanzania,2007,62,78,-0.3878742,-0.6080048,-0.5592252,-0.3784144,-0.2241927,-0.1869267,Sub-Saharan Africa
510,TZA,Tanzania,2008,63,67,-0.4295546,-0.6791748,-0.6158035,-0.4261906,-0.2546202,-0.2049214,Sub-Saharan Africa
510,TZA,Tanzania,2009,64,66,-0.3758371,-0.6086927,-0.5537216,-0.3684698,-0.218834,-0.1770916,Sub-Saharan Africa
510,TZA,Tanzania,2010,65,64,-0.3756156,-0.6092196,-0.5491485,-0.3702056,-0.2039853,-0.1546902,Sub-Saharan Africa
510,TZA,Tanzania,2011,66,55,-0.4657123,-0.7212791,-0.6631273,-0.4580271,-0.2721052,-0.228599,Sub-Saharan Africa
510,TZA,Tanzania,2012,67,73,-0.6715168,-0.938818,-0.8858932,-0.6675548,-0.4587157,-0.4066842,Sub-Saharan Africa
510,TZA,Tanzania,2013,68,63,-0.6660149,-0.96838,-0.9019247,-0.6655717,-0.4437428,-0.3875932,Sub-Saharan Africa
510,TZA,Tanzania,2014,69,76,-0.7591163,-1.053717,-0.9871051,-0.7520242,-0.5532729,-0.4749281,Sub-Saharan Africa
510,TZA,Tanzania,2015,70,78,-0.8722334,-1.204127,-1.123523,-0.8662987,-0.6259374,-0.5767853,Sub-Saharan Africa
510,TZA,Tanzania,2016,71,79,-0.7769367,-1.097167,-1.018897,-0.7696262,-0.5397491,-0.4871524,Sub-Saharan Africa
510,TZA,Tanzania,2017,72,89,-0.7681766,-1.070024,-1.011654,-0.7572643,-0.5358704,-0.477967,Sub-Saharan Africa
510,TZA,Tanzania,2018,73,102,-0.631488,-0.869046,-0.8065592,-0.6235655,-0.4558579,-0.4105882,Sub-Saharan Africa
510,TZA,Tanzania,2019,74,71,-0.6178832,-0.9319565,-0.8559666,-0.6104555,-0.3810305,-0.3469211,Sub-Saharan Africa
510,TZA,Tanzania,2020,75,82,-0.5464607,-0.8418537,-0.7717421,-0.5338809,-0.3440296,-0.290681,Sub-Saharan Africa
510,TZA,Tanzania,2021,76,72,-0.4382515,-0.7009544,-0.6251281,-0.4286062,-0.2584631,-0.2138804,Sub-Saharan Africa
510,TZA,Tanzania,2022,77,64,-0.5729797,-0.772692,-0.7263252,-0.571565,-0.4181628,-0.3731137,Sub-Saharan Africa
510,TZA,Tanzania,2023,78,81,-0.3858586,-0.5704314,-0.5325501,-0.3798028,-0.2488921,-0.2106987,Sub-Saharan Africa
510,TZA,Tanzania,2024,79,91,-0.5777776,-0.8019761,-0.7494446,-0.571234,-0.4010704,-0.3614184,Sub-Saharan Africa
800,THA,Thailand,1991,46,74,-0.5438256,-0.9053956,-0.8144197,-0.5342222,-0.2759091,-0.2171043,South & East Asia
800,THA,Thailand,1992,47,75,-0.4760764,-0.7776896,-0.703414,-0.4686253,-0.2622684,-0.1952292,South & East Asia
800,THA,Thailand,1993,48,64,-0.6218453,-0.9281527,-0.8638815,-0.6240758,-0.3915263,-0.3343407,South & East Asia
800,THA,Thailand,1994,49,67,-0.6693739,-1.005642,-0.9426081,-0.6638154,-0.4025809,-0.3259458,South & East Asia
800,THA,Thailand,1995,50,67,-0.721235,-1.047413,-0.9732107,-0.7249599,-0.470657,-0.3989856,South & East Asia
800,THA,Thailand,1996,51,72,-0.5060236,-0.8039576,-0.7373301,-0.5066824,-0.2735168,-0.2151726,South & East Asia
800,THA,Thailand,1997,52,73,-0.5641472,-0.8738708,-0.7914946,-0.5603806,-0.3308206,-0.2775367,South & East Asia
800,THA,Thailand,1998,53,63,-0.4122061,-0.6960346,-0.6153203,-0.4058306,-0.2076315,-0.1413126,South & East Asia
800,THA,Thailand,1999,54,70,-0.4026942,-0.6599451,-0.5874336,-0.3959975,-0.2204899,-0.1761711,South & East Asia
800,THA,Thailand,2000,55,68,-0.2783323,-0.4863411,-0.4474334,-0.2750243,-0.1157478,-0.07167014,South & East Asia
800,THA,Thailand,2001,56,69,-0.4089408,-0.6549974,-0.5986902,-0.4041193,-0.2260165,-0.1727634,South & East Asia
800,THA,Thailand,2002,57,76,-0.3531295,-0.5674302,-0.5194751,-0.3505511,-0.1916898,-0.1454778,South & East Asia
800,THA,Thailand,2003,58,78,-0.1799681,-0.3551549,-0.3149895,-0.1785547,-0.04241238,0.005884916,South & East Asia
800,THA,Thailand,2004,59,72,-0.1092294,-0.2744186,-0.2443411,-0.1080394,0.02377409,0.06033484,South & East Asia
800,THA,Thailand,2005,60,75,-0.2926953,-0.4794799,-0.4405036,-0.2916403,-0.1435259,-0.1039049,South & East Asia
800,THA,Thailand,2006,61,88,-0.2438734,-0.4131378,-0.3761595,-0.2429606,-0.1164787,-0.08004168,South & East Asia
800,THA,Thailand,2007,62,79,-0.2209806,-0.3970638,-0.3576679,-0.2226606,-0.08743543,-0.05197345,South & East Asia
800,THA,Thailand,2008,63,77,-0.1910693,-0.3623767,-0.3269825,-0.1865367,-0.05854021,-0.02763339,South & East Asia
800,THA,Thailand,2009,64,66,-0.4629043,-0.6982006,-0.636113,-0.4599394,-0.2868861,-0.2441294,South & East Asia
800,THA,Thailand,2010,65,72,-0.5195995,-0.764703,-0.7130245,-0.5149298,-0.3296102,-0.2846572,South & East Asia
800,THA,Thailand,2011,66,69,-0.4034654,-0.638787,-0.5845332,-0.3985814,-0.2331389,-0.188319,South & East Asia
800,THA,Thailand,2012,67,74,-0.3984719,-0.6453182,-0.5825981,-0.3909187,-0.2234345,-0.174772,South & East Asia
800,THA,Thailand,2013,68,63,-0.3911284,-0.6330544,-0.5744535,-0.3837577,-0.2186975,-0.1724882,South & East Asia
800,THA,Thailand,2014,69,77,-0.4093716,-0.6500911,-0.593739,-0.3976309,-0.2416542,-0.2008492,South & East Asia
800,THA,Thailand,2015,70,78,-0.4162462,-0.6463773,-0.5897396,-0.407224,-0.2518939,-0.2041699,South & East Asia
800,THA,Thailand,2016,71,80,-0.4342194,-0.6957473,-0.6328624,-0.4347063,-0.2458829,-0.1858306,South & East Asia
800,THA,Thailand,2017,72,93,-0.5755371,-0.853612,-0.7842205,-0.5705874,-0.3702074,-0.3164736,South & East Asia
800,THA,Thailand,2018,73,109,-0.335478,-0.508319,-0.4687634,-0.336298,-0.1984261,-0.1688121,South & East Asia
800,THA,Thailand,2019,74,100,-0.4835771,-0.7066119,-0.6628845,-0.477709,-0.3108378,-0.2676041,South & East Asia
800,THA,Thailand,2020,75,97,-0.3249131,-0.5417439,-0.4802805,-0.320821,-0.1825973,-0.1260031,South & East Asia
800,THA,Thailand,2021,76,86,-0.3209503,-0.5125767,-0.477783,-0.317455,-0.1770282,-0.1330175,South & East Asia
800,THA,Thailand,2022,77,88,-0.3517116,-0.5155472,-0.4860389,-0.3492407,-0.2243947,-0.1849662,South & East Asia
800,THA,Thailand,2023,78,88,-0.3323944,-0.5147668,-0.4702907,-0.3295545,-0.1989045,-0.1676964,South & East Asia
800,THA,Thailand,2024,79,108,-0.3768551,-0.5416261,-0.4942477,-0.3724754,-0.2641451,-0.2209734,South & East Asia
860,TLS,Timor-Leste,2002,57,25,-0.2237613,-0.5106014,-0.4470839,-0.2253413,-0.005439255,0.04618793,South & East Asia
860,TLS,Timor-Leste,2003,58,70,-0.1693499,-0.3896789,-0.33472,-0.1677579,-0.006375725,0.03950014,South & East Asia
860,TLS,Timor-Leste,2004,59,66,-0.2509452,-0.496025,-0.4409644,-0.2453214,-0.08445245,-0.04038733,South & East Asia
860,TLS,Timor-Leste,2005,60,65,-0.1759228,-0.3994876,-0.3440093,-0.1710937,-0.01931555,0.02304876,South & East Asia
860,TLS,Timor-Leste,2006,61,80,-0.3286663,-0.5623584,-0.5010553,-0.3237421,-0.1685842,-0.1153533,South & East Asia
860,TLS,Timor-Leste,2007,62,48,-0.1951745,-0.4370781,-0.3860598,-0.1904808,-0.01546277,0.0200823,South & East Asia
860,TLS,Timor-Leste,2008,63,73,-0.1024119,-0.2609593,-0.2251257,-0.1034869,0.02128167,0.0536764,South & East Asia
860,TLS,Timor-Leste,2009,64,35,0.09567668,-0.07293769,-0.03836548,0.09795622,0.2268263,0.2587111,South & East Asia
860,TLS,Timor-Leste,2010,65,67,-0.2411527,-0.4594623,-0.4064324,-0.2296997,-0.08285421,-0.05190924,South & East Asia
860,TLS,Timor-Leste,2011,66,62,-0.1902841,-0.3857051,-0.3448882,-0.1870223,-0.04287357,0.004146439,South & East Asia
860,TLS,Timor-Leste,2012,67,69,-0.1571413,-0.3469849,-0.3098188,-0.1524221,-0.01023017,0.01713727,South & East Asia
860,TLS,Timor-Leste,2013,68,57,-0.4117922,-0.6751831,-0.6095754,-0.3979841,-0.2182927,-0.170783,South & East Asia
860,TLS,Timor-Leste,2014,69,70,-0.3146879,-0.5530067,-0.4886171,-0.3043393,-0.1431084,-0.1043062,South & East Asia
860,TLS,Timor-Leste,2015,70,68,-0.3859722,-0.6253625,-0.5692017,-0.378472,-0.2108555,-0.1762044,South & East Asia
860,TLS,Timor-Leste,2016,71,65,-0.3136176,-0.5745678,-0.5167085,-0.3040067,-0.1259317,-0.08464002,South & East Asia
860,TLS,Timor-Leste,2017,72,78,-0.3940018,-0.6479649,-0.5930207,-0.3884022,-0.2111109,-0.1699294,South & East Asia
860,TLS,Timor-Leste,2018,73,92,-0.2897083,-0.4938885,-0.4474273,-0.2874556,-0.1426243,-0.101994,South & East Asia
860,TLS,Timor-Leste,2019,74,91,-0.306678,-0.5124425,-0.4720735,-0.2952408,-0.1625997,-0.1241286,South & East Asia
860,TLS,Timor-Leste,2020,75,90,-0.3467921,-0.5854865,-0.5118499,-0.336407,-0.1822,-0.1417544,South & East Asia
860,TLS,Timor-Leste,2021,76,83,-0.2862704,-0.4944778,-0.4347281,-0.2814242,-0.1339511,-0.09618865,South & East Asia
860,TLS,Timor-Leste,2022,77,59,-0.1239751,-0.293335,-0.2577762,-0.1209401,0.00707844,0.04292012,South & East Asia
860,TLS,Timor-Leste,2023,78,77,-0.1561057,-0.3247281,-0.280901,-0.1574114,-0.02460584,0.01070506,South & East Asia
860,TLS,Timor-Leste,2024,79,99,-0.2307296,-0.383641,-0.3449541,-0.2309386,-0.1163614,-0.08296004,South & East Asia
461,TGO,Togo,1991,46,74,-0.2634836,-0.5213227,-0.4619643,-0.2532066,-0.07460373,-0.02969843,Sub-Saharan Africa
461,TGO,Togo,1992,47,74,0.006608377,-0.1836807,-0.143123,0.0127874,0.1455692,0.1771774,Sub-Saharan Africa
461,TGO,Togo,1993,48,64,-0.4803952,-0.7745337,-0.6974555,-0.475905,-0.2584538,-0.1962468,Sub-Saharan Africa
461,TGO,Togo,1994,49,68,-0.490602,-0.8428969,-0.7594051,-0.4857534,-0.2525258,-0.1769697,Sub-Saharan Africa
461,TGO,Togo,1995,50,67,-0.8467408,-1.204606,-1.116489,-0.8475368,-0.5674826,-0.5041567,Sub-Saharan Africa
461,TGO,Togo,1996,51,72,-0.6380734,-0.9346116,-0.8539897,-0.6374157,-0.4165803,-0.3620987,Sub-Saharan Africa
461,TGO,Togo,1997,52,68,-0.8763998,-1.200504,-1.13293,-0.8652098,-0.625012,-0.5566576,Sub-Saharan Africa
461,TGO,Togo,1998,53,60,-0.5818041,-0.9164899,-0.8308534,-0.5689892,-0.334046,-0.2668471,Sub-Saharan Africa
461,TGO,Togo,1999,54,67,-0.5482203,-0.8390652,-0.7751286,-0.5424164,-0.3298043,-0.2845331,Sub-Saharan Africa
461,TGO,Togo,2000,55,67,-0.8313273,-1.189302,-1.107145,-0.8239756,-0.5525181,-0.4805231,Sub-Saharan Africa
461,TGO,Togo,2001,56,67,-0.7816009,-1.141262,-1.039308,-0.7779678,-0.5364186,-0.4644835,Sub-Saharan Africa
461,TGO,Togo,2002,57,76,-0.7828201,-1.112623,-1.034313,-0.7814722,-0.5495905,-0.4746578,Sub-Saharan Africa
461,TGO,Togo,2003,58,78,-0.8457171,-1.196125,-1.126094,-0.8385256,-0.593912,-0.5262736,Sub-Saharan Africa
461,TGO,Togo,2004,59,71,-0.6551402,-0.9829857,-0.9135891,-0.6423708,-0.4153201,-0.3601356,Sub-Saharan Africa
461,TGO,Togo,2005,60,73,-0.6524088,-0.9183406,-0.8527187,-0.6524554,-0.4438636,-0.4058373,Sub-Saharan Africa
461,TGO,Togo,2006,61,86,-0.6973807,-1.016098,-0.9403854,-0.6827036,-0.4727557,-0.4202156,Sub-Saharan Africa
461,TGO,Togo,2007,62,75,-0.6877332,-0.9936747,-0.9220297,-0.6827064,-0.4550047,-0.3985916,Sub-Saharan Africa
461,TGO,Togo,2008,63,77,-0.494409,-0.7408022,-0.6918765,-0.4844813,-0.3099244,-0.2719908,Sub-Saharan Africa
461,TGO,Togo,2009,64,65,-0.4519783,-0.7157961,-0.6502536,-0.4402713,-0.2701625,-0.2260933,Sub-Saharan Africa
461,TGO,Togo,2010,65,70,-0.4389586,-0.6983276,-0.6434841,-0.4338281,-0.2532489,-0.2071791,Sub-Saharan Africa
461,TGO,Togo,2011,66,63,-0.4514534,-0.7003687,-0.6495713,-0.4433031,-0.2732242,-0.2245507,Sub-Saharan Africa
461,TGO,Togo,2012,67,71,-0.1059946,-0.274402,-0.2420292,-0.1054847,0.02603024,0.06245749,Sub-Saharan Africa
461,TGO,Togo,2013,68,64,-0.1847489,-0.3596037,-0.3252085,-0.178022,-0.05514774,-0.02177497,Sub-Saharan Africa
461,TGO,Togo,2014,69,77,-0.2019918,-0.3867972,-0.341218,-0.2019705,-0.06086117,-0.03216666,Sub-Saharan Africa
461,TGO,Togo,2015,70,72,-0.1516297,-0.3168919,-0.2839937,-0.1511363,-0.01877237,0.01125776,Sub-Saharan Africa
461,TGO,Togo,2016,71,79,0.07889255,-0.07816817,-0.04388443,0.07946779,0.1965748,0.2263892,Sub-Saharan Africa
461,TGO,Togo,2017,72,91,0.01078813,-0.1419658,-0.09946456,0.01210226,0.1266286,0.1515431,Sub-Saharan Africa
461,TGO,Togo,2018,73,104,0.01223648,-0.1228455,-0.09509934,0.01283833,0.1186403,0.1473123,Sub-Saharan Africa
461,TGO,Togo,2019,74,99,-0.0495231,-0.1972663,-0.1600309,-0.05146596,0.06388283,0.09210447,Sub-Saharan Africa
461,TGO,Togo,2020,75,97,-0.05733479,-0.2121855,-0.1762009,-0.06139391,0.05786866,0.09170477,Sub-Saharan Africa
461,TGO,Togo,2021,76,78,-0.08463428,-0.2400781,-0.2014774,-0.08554995,0.03137811,0.06136801,Sub-Saharan Africa
461,TGO,Togo,2022,77,87,-0.3268455,-0.4982787,-0.4578169,-0.3226403,-0.1999396,-0.1698371,Sub-Saharan Africa
461,TGO,Togo,2023,78,86,-0.3196266,-0.4860353,-0.448592,-0.3184307,-0.1970084,-0.1737021,Sub-Saharan Africa
461,TGO,Togo,2024,79,99,-0.3402928,-0.4972284,-0.4573818,-0.3428373,-0.2171903,-0.1819257,Sub-Saharan Africa
955,TON,Tonga,2000,55,48,0.4432084,0.2197393,0.2830966,0.4452027,0.6018566,0.6520967,Other
955,TON,Tonga,2001,56,44,0.3011013,0.1070678,0.152744,0.301486,0.4478463,0.5001918,Other
955,TON,Tonga,2002,57,55,0.2655432,0.1074044,0.1391798,0.2688322,0.3790194,0.4166905,Other
955,TON,Tonga,2003,58,67,0.2638055,0.09838271,0.1479475,0.2648941,0.385791,0.4244967,Other
955,TON,Tonga,2004,59,55,0.3048969,0.1495997,0.1834961,0.3054824,0.4303489,0.4730517,Other
955,TON,Tonga,2005,60,49,0.2250051,0.04517221,0.08262815,0.2284248,0.3611251,0.3997432,Other
955,TON,Tonga,2006,61,64,0.3333848,0.1837082,0.2115832,0.3320892,0.4603228,0.4906862,Other
955,TON,Tonga,2007,62,64,0.2303162,0.08185919,0.1234038,0.2311406,0.3362788,0.3672584,Other
955,TON,Tonga,2008,63,54,0.2584412,0.1160737,0.1472822,0.2613641,0.3709148,0.3978901,Other
955,TON,Tonga,2009,64,57,0.2738827,0.1451108,0.1755081,0.2702984,0.3762454,0.4021155,Other
955,TON,Tonga,2010,65,65,0.2723175,0.1194963,0.1590352,0.2721537,0.3803969,0.4153242,Other
955,TON,Tonga,2011,66,60,0.2278278,0.08459344,0.1214432,0.2272591,0.3351224,0.3615405,Other
955,TON,Tonga,2012,67,65,0.2618479,0.1216496,0.1508249,0.2633154,0.3646928,0.3967755,Other
955,TON,Tonga,2013,68,54,0.2333923,0.08069476,0.1076958,0.2334601,0.3506653,0.3877479,Other
955,TON,Tonga,2014,69,64,0.1506154,0.004035831,0.03881825,0.149226,0.2694471,0.2972715,Other
955,TON,Tonga,2015,70,60,0.09843546,-0.04947859,-0.01734825,0.1000728,0.2115517,0.2423117,Other
955,TON,Tonga,2016,71,65,0.1284792,-0.01933793,0.01498416,0.1280278,0.2399171,0.2700457,Other
955,TON,Tonga,2017,72,65,0.04548416,-0.1045103,-0.06989267,0.04922306,0.1603966,0.1913657,Other
955,TON,Tonga,2018,73,70,0.1206501,-0.01933431,0.01405444,0.122927,0.2253034,0.2538647,Other
955,TON,Tonga,2019,74,59,0.08323429,-0.05703559,-0.03387224,0.08408035,0.1899134,0.2218198,Other
955,TON,Tonga,2020,75,76,0.09827654,-0.02680899,-0.001677578,0.0964939,0.2007819,0.2266556,Other
955,TON,Tonga,2021,76,66,0.1193221,-0.009292322,0.01731354,0.1189598,0.2253724,0.2508893,Other
955,TON,Tonga,2022,77,11,-0.1101304,-0.3698494,-0.3113146,-0.1170193,0.09172304,0.1476098,Other
955,TON,Tonga,2023,78,67,0.06135098,-0.08659789,-0.0518618,0.0648853,0.1684453,0.1883703,Other
955,TON,Tonga,2024,79,79,0.2185884,0.09783974,0.1243869,0.2193344,0.319627,0.3431436,Other
52,TTO,Trinidad & Tobago,1991,46,74,-0.6659215,-1.0173,-0.9299809,-0.6484105,-0.4151669,-0.3553718,Latin America & Caribbean
52,TTO,Trinidad & Tobago,1992,47,74,-0.4853207,-0.8193855,-0.7215822,-0.4800658,-0.2465015,-0.1899867,Latin America & Caribbean
52,TTO,Trinidad & Tobago,1993,48,61,-0.416743,-0.7329778,-0.6546334,-0.4089339,-0.1987105,-0.1349873,Latin America & Caribbean
52,TTO,Trinidad & Tobago,1994,49,67,-0.2764552,-0.5920329,-0.5167604,-0.266135,-0.051084,-0.0008352515,Latin America & Caribbean
52,TTO,Trinidad & Tobago,1995,50,63,-0.196605,-0.471259,-0.3949042,-0.1891186,-0.00175817,0.05363238,Latin America & Caribbean
52,TTO,Trinidad & Tobago,1996,51,71,-0.1500983,-0.389148,-0.3383802,-0.1467463,0.03598551,0.08175073,Latin America & Caribbean
52,TTO,Trinidad & Tobago,1997,52,71,-0.2241395,-0.469049,-0.4125955,-0.2236251,-0.04677224,0.01641042,Latin America & Caribbean
52,TTO,Trinidad & Tobago,1998,53,57,-0.2001382,-0.4311666,-0.3866224,-0.1964028,-0.02378198,0.03609284,Latin America & Caribbean
52,TTO,Trinidad & Tobago,1999,54,66,-0.3046152,-0.5527762,-0.4816783,-0.2967419,-0.130286,-0.08904878,Latin America & Caribbean
52,TTO,Trinidad & Tobago,2000,55,47,-0.2162642,-0.4684073,-0.4106233,-0.201935,-0.04126199,0.008388289,Latin America & Caribbean
52,TTO,Trinidad & Tobago,2001,56,61,-0.2351892,-0.4552618,-0.4086648,-0.2295254,-0.06682844,-0.0236266,Latin America & Caribbean
52,TTO,Trinidad & Tobago,2002,57,70,-0.3947702,-0.6400253,-0.5870088,-0.3881866,-0.2157551,-0.1698542,Latin America & Caribbean
52,TTO,Trinidad & Tobago,2003,58,75,-0.5120273,-0.7910167,-0.7389426,-0.4959347,-0.3131282,-0.2668327,Latin America & Caribbean
52,TTO,Trinidad & Tobago,2004,59,69,-0.512979,-0.8319674,-0.7367129,-0.4971508,-0.3138029,-0.2593861,Latin America & Caribbean
52,TTO,Trinidad & Tobago,2005,60,72,-0.5061422,-0.7437712,-0.6827759,-0.5011478,-0.3281198,-0.2828455,Latin America & Caribbean
52,TTO,Trinidad & Tobago,2006,61,87,-0.5399268,-0.783796,-0.7314688,-0.5354325,-0.3544108,-0.3188001,Latin America & Caribbean
52,TTO,Trinidad & Tobago,2007,62,77,-0.6020879,-0.9001958,-0.8342687,-0.5880575,-0.3874124,-0.3412309,Latin America & Caribbean
52,TTO,Trinidad & Tobago,2008,63,70,-0.4998371,-0.776917,-0.7112104,-0.4923493,-0.3074566,-0.2651567,Latin America & Caribbean
52,TTO,Trinidad & Tobago,2009,64,65,-0.4948952,-0.7464284,-0.6710776,-0.4910354,-0.3110872,-0.2670082,Latin America & Caribbean
52,TTO,Trinidad & Tobago,2010,65,71,-0.5242039,-0.7810717,-0.7284741,-0.5245375,-0.3292552,-0.287007,Latin America & Caribbean
52,TTO,Trinidad & Tobago,2011,66,61,-0.6088403,-0.890434,-0.8266514,-0.6039367,-0.4006736,-0.3504903,Latin America & Caribbean
52,TTO,Trinidad & Tobago,2012,67,74,-0.5062483,-0.7723961,-0.712227,-0.504019,-0.3089759,-0.2576823,Latin America & Caribbean
52,TTO,Trinidad & Tobago,2013,68,63,-0.455656,-0.709479,-0.6500812,-0.449668,-0.2697995,-0.2262967,Latin America & Caribbean
52,TTO,Trinidad & Tobago,2014,69,77,-0.4876129,-0.7350603,-0.6764317,-0.4833816,-0.2992803,-0.248256,Latin America & Caribbean
52,TTO,Trinidad & Tobago,2015,70,75,-0.5540665,-0.8246042,-0.7636262,-0.5489574,-0.3397705,-0.2991733,Latin America & Caribbean
52,TTO,Trinidad & Tobago,2016,71,79,-0.5266574,-0.8092779,-0.7443624,-0.5191207,-0.3251733,-0.2626334,Latin America & Caribbean
52,TTO,Trinidad & Tobago,2017,72,87,-0.6031285,-0.8914531,-0.8261706,-0.6039318,-0.383239,-0.322758,Latin America & Caribbean
52,TTO,Trinidad & Tobago,2018,73,101,-0.5132852,-0.7443491,-0.6887296,-0.5087325,-0.3324505,-0.2827646,Latin America & Caribbean
52,TTO,Trinidad & Tobago,2019,74,82,-0.3968135,-0.6255359,-0.5769118,-0.3934558,-0.2220577,-0.1874211,Latin America & Caribbean
52,TTO,Trinidad & Tobago,2020,75,95,-0.4308218,-0.6521104,-0.6036719,-0.4276206,-0.2573164,-0.2313549,Latin America & Caribbean
52,TTO,Trinidad & Tobago,2021,76,85,-0.3790128,-0.5781927,-0.5326013,-0.3759901,-0.2303397,-0.1986153,Latin America & Caribbean
52,TTO,Trinidad & Tobago,2022,77,87,-0.4157538,-0.5979042,-0.5617596,-0.4148926,-0.2750721,-0.2458861,Latin America & Caribbean
52,TTO,Trinidad & Tobago,2023,78,87,-0.4060516,-0.5732239,-0.5455063,-0.4068146,-0.2665434,-0.222013,Latin America & Caribbean
52,TTO,Trinidad & Tobago,2024,79,108,-0.3472636,-0.5092338,-0.4677834,-0.3435749,-0.227422,-0.1966723,Latin America & Caribbean
616,TUN,Tunisia,1991,46,72,-0.6753002,-1.100622,-0.9903748,-0.6549006,-0.3880936,-0.3110311,MENA
616,TUN,Tunisia,1992,47,72,-0.6367475,-1.030623,-0.9300459,-0.627932,-0.3751009,-0.303351,MENA
616,TUN,Tunisia,1993,48,65,-0.8143556,-1.151914,-1.078324,-0.8001995,-0.5614732,-0.483713,MENA
616,TUN,Tunisia,1994,49,67,-0.6826449,-1.022443,-0.9451831,-0.6819268,-0.4160577,-0.3474205,MENA
616,TUN,Tunisia,1995,50,67,-0.7236446,-1.069916,-0.9932652,-0.7204874,-0.4517929,-0.3803303,MENA
616,TUN,Tunisia,1996,51,73,-0.7393739,-1.075035,-0.9981134,-0.731244,-0.4934898,-0.4324111,MENA
616,TUN,Tunisia,1997,52,73,-0.6832642,-0.9944528,-0.9176677,-0.6768705,-0.4558763,-0.4053477,MENA
616,TUN,Tunisia,1998,53,62,-0.8042533,-1.211271,-1.115133,-0.8029394,-0.5046379,-0.4401966,MENA
616,TUN,Tunisia,1999,54,69,-0.7534979,-1.098344,-1.010622,-0.7430068,-0.5193099,-0.451094,MENA
616,TUN,Tunisia,2000,55,67,-1.009327,-1.373458,-1.292294,-1.005297,-0.7259877,-0.6395182,MENA
616,TUN,Tunisia,2001,56,67,-1.126376,-1.48904,-1.411446,-1.124182,-0.8487315,-0.7668764,MENA
616,TUN,Tunisia,2002,57,76,-1.098512,-1.50087,-1.408897,-1.096724,-0.7976742,-0.7318229,MENA
616,TUN,Tunisia,2003,58,77,-1.198642,-1.60235,-1.521579,-1.186039,-0.8782079,-0.8172468,MENA
616,TUN,Tunisia,2004,59,71,-1.010025,-1.435827,-1.334719,-1.005404,-0.694899,-0.6153812,MENA
616,TUN,Tunisia,2005,60,75,-0.7462277,-1.022266,-0.9617735,-0.7484438,-0.5257559,-0.480453,MENA
616,TUN,Tunisia,2006,61,84,-0.9769398,-1.433473,-1.334127,-0.9580009,-0.662923,-0.5980992,MENA
616,TUN,Tunisia,2007,62,75,-0.5077151,-0.7722837,-0.7042245,-0.5042615,-0.3126186,-0.2535131,MENA
616,TUN,Tunisia,2008,63,71,-0.8349231,-1.200474,-1.117498,-0.8169464,-0.5829083,-0.5059421,MENA
616,TUN,Tunisia,2009,64,63,-0.9944906,-1.348159,-1.267026,-0.9910618,-0.7281152,-0.6540969,MENA
616,TUN,Tunisia,2010,65,69,-0.8787732,-1.28601,-1.194691,-0.8760699,-0.5799813,-0.499165,MENA
616,TUN,Tunisia,2011,66,67,-0.5394032,-0.8213607,-0.7519774,-0.5302866,-0.3441699,-0.2957624,MENA
616,TUN,Tunisia,2012,67,74,-0.6175529,-0.8996527,-0.8374419,-0.6125496,-0.4039148,-0.3575691,MENA
616,TUN,Tunisia,2013,68,64,-0.6840856,-0.9836621,-0.9139988,-0.680911,-0.4596915,-0.4061293,MENA
616,TUN,Tunisia,2014,69,77,-0.5442216,-0.8237019,-0.7479467,-0.5387847,-0.344954,-0.2856054,MENA
616,TUN,Tunisia,2015,70,78,-0.602282,-0.8942554,-0.824779,-0.5954909,-0.3929943,-0.3451963,MENA
616,TUN,Tunisia,2016,71,78,-0.654928,-0.9596367,-0.8860977,-0.6508305,-0.4210154,-0.3711603,MENA
616,TUN,Tunisia,2017,72,91,-0.7222791,-1.042088,-0.9610986,-0.7068844,-0.4919989,-0.4316926,MENA
616,TUN,Tunisia,2018,73,105,-0.6404561,-0.8982487,-0.8361233,-0.6433832,-0.4476379,-0.4052811,MENA
616,TUN,Tunisia,2019,74,95,-0.6719622,-0.9163532,-0.8609805,-0.6707891,-0.4810598,-0.4232961,MENA
616,TUN,Tunisia,2020,75,95,-0.6758378,-0.9668991,-0.9019625,-0.6715554,-0.4678917,-0.4120491,MENA
616,TUN,Tunisia,2021,76,84,-0.5076749,-0.7329766,-0.6787701,-0.5054555,-0.3418171,-0.2935774,MENA
616,TUN,Tunisia,2022,77,86,-0.5445135,-0.7407034,-0.6908641,-0.543332,-0.396951,-0.3620273,MENA
616,TUN,Tunisia,2023,78,85,-0.5711895,-0.7618999,-0.7124322,-0.5720781,-0.4316086,-0.39603,MENA
616,TUN,Tunisia,2024,79,106,-0.7055962,-0.8807197,-0.8359865,-0.7014616,-0.5752404,-0.5281861,MENA
640,TUR,Turkey,1991,46,73,0.6965783,0.5640814,0.5917794,0.6932992,0.8124403,0.8400368,MENA
640,TUR,Turkey,1992,47,75,0.7373536,0.5902713,0.6218,0.7394884,0.8468033,0.8796049,MENA
640,TUR,Turkey,1993,48,64,0.8175687,0.6521367,0.6904606,0.8175229,0.9482549,0.986842,MENA
640,TUR,Turkey,1994,49,66,0.9088851,0.7302034,0.762767,0.9091141,1.05573,1.100893,MENA
640,TUR,Turkey,1995,50,66,0.8627796,0.6692481,0.7058764,0.8616965,1.024984,1.064534,MENA
640,TUR,Turkey,1996,51,73,0.8015018,0.6313521,0.6669791,0.8026587,0.9416497,0.9785884,MENA
640,TUR,Turkey,1997,52,70,0.6872654,0.5088948,0.5457763,0.6833313,0.825174,0.8636342,MENA
640,TUR,Turkey,1998,53,62,0.6062204,0.4397155,0.4748173,0.6019054,0.7402681,0.7720874,MENA
640,TUR,Turkey,1999,54,67,0.6068122,0.4492623,0.4811404,0.6065091,0.7345648,0.7783074,MENA
640,TUR,Turkey,2000,55,65,0.6519716,0.4838949,0.5219642,0.6507883,0.7916416,0.8245019,MENA
640,TUR,Turkey,2001,56,64,0.628858,0.4618965,0.4945685,0.6281044,0.7613018,0.8008614,MENA
640,TUR,Turkey,2002,57,74,0.670757,0.5218337,0.552911,0.6677927,0.7945616,0.8225379,MENA
640,TUR,Turkey,2003,58,76,0.5281815,0.3830049,0.4087411,0.5278483,0.6424613,0.6846006,MENA
640,TUR,Turkey,2004,59,70,0.5893485,0.4406773,0.4703876,0.5892355,0.7060391,0.7419401,MENA
640,TUR,Turkey,2005,60,72,0.58499,0.4242818,0.4691935,0.5821853,0.7100791,0.7422426,MENA
640,TUR,Turkey,2006,61,85,0.5405244,0.4029528,0.4316461,0.5371362,0.6497287,0.6798701,MENA
640,TUR,Turkey,2007,62,78,0.4999894,0.3617853,0.3956841,0.4994678,0.6063562,0.6431835,MENA
640,TUR,Turkey,2008,63,74,0.4358325,0.3010352,0.3323684,0.4361131,0.532847,0.5679819,MENA
640,TUR,Turkey,2009,64,64,0.4605768,0.3284468,0.3597159,0.4595814,0.5661142,0.5957102,MENA
640,TUR,Turkey,2010,65,71,0.4150307,0.2802178,0.3084183,0.410583,0.5239228,0.5474067,MENA
640,TUR,Turkey,2011,66,65,0.4708986,0.3196327,0.3532813,0.4721832,0.5843343,0.6171482,MENA
640,TUR,Turkey,2012,67,73,0.3846649,0.2552608,0.2832877,0.3810797,0.4898439,0.5212867,MENA
640,TUR,Turkey,2013,68,62,0.4346586,0.2840751,0.3180126,0.4289073,0.5469255,0.6015667,MENA
640,TUR,Turkey,2014,69,76,0.4454455,0.3149071,0.342452,0.442228,0.5497976,0.5836455,MENA
640,TUR,Turkey,2015,70,76,0.5423421,0.4124541,0.432988,0.5413785,0.6475511,0.6764005,MENA
640,TUR,Turkey,2016,71,79,0.5991438,0.4592558,0.4949486,0.5967142,0.7012963,0.7348435,MENA
640,TUR,Turkey,2017,72,92,0.5984262,0.4616144,0.5005599,0.5996665,0.6963682,0.7245119,MENA
640,TUR,Turkey,2018,73,108,0.5003382,0.3874179,0.411632,0.5006019,0.58735,0.6158842,MENA
640,TUR,Turkey,2019,74,99,0.5188007,0.4086795,0.437636,0.5152689,0.6013634,0.6290534,MENA
640,TUR,Turkey,2020,75,96,0.510979,0.4009926,0.4237076,0.5084848,0.5975033,0.6220066,MENA
640,TUR,Turkey,2021,76,85,0.6071746,0.4850458,0.5091168,0.6098254,0.7059702,0.726159,MENA
640,TUR,Turkey,2022,77,85,0.5186155,0.3988595,0.4262992,0.5145288,0.6169961,0.6510421,MENA
640,TUR,Turkey,2023,78,85,0.5661957,0.4571098,0.4799869,0.564105,0.6537534,0.6815176,MENA
640,TUR,Turkey,2024,79,102,0.4797632,0.367314,0.3920697,0.4784871,0.5676426,0.5942143,MENA
701,TKM,Turkmenistan,1992,47,15,0.05703072,-0.385904,-0.2767332,0.07447965,0.4034523,0.4782286,Other
701,TKM,Turkmenistan,1993,48,29,0.3829395,0.1079276,0.1649012,0.3808901,0.6132931,0.6697076,Other
701,TKM,Turkmenistan,1994,49,45,0.2833661,0.01967753,0.08304505,0.2857611,0.4780418,0.5332145,Other
701,TKM,Turkmenistan,1995,50,13,-0.1785468,-0.6759631,-0.5664418,-0.1763694,0.1916701,0.3017449,Other
701,TKM,Turkmenistan,1996,51,5,-1.148408,-1.773168,-1.638749,-1.168887,-0.6393546,-0.5172607,Other
701,TKM,Turkmenistan,1997,52,34,0.116277,-0.1055575,-0.05632006,0.1189035,0.291664,0.3463195,Other
701,TKM,Turkmenistan,1998,53,22,0.15927,-0.1309563,-0.06090085,0.1666034,0.3828567,0.4330256,Other
701,TKM,Turkmenistan,1999,54,29,0.007188959,-0.2404794,-0.1789379,0.008098139,0.1958309,0.2522252,Other
701,TKM,Turkmenistan,2000,55,22,0.08461779,-0.1870809,-0.1238806,0.08183214,0.2909769,0.3476947,Other
701,TKM,Turkmenistan,2001,56,24,0.0005418465,-0.2567281,-0.1798363,-0.001366506,0.1831638,0.2301289,Other
701,TKM,Turkmenistan,2002,57,24,0.1038964,-0.1346375,-0.0909546,0.1101653,0.2937903,0.3415648,Other
701,TKM,Turkmenistan,2003,58,69,-0.8708315,-1.288628,-1.190907,-0.8590144,-0.5741827,-0.5099579,Other
701,TKM,Turkmenistan,2004,59,56,-1.192419,-1.638278,-1.544742,-1.180304,-0.8478092,-0.7725541,Other
701,TKM,Turkmenistan,2005,60,55,-1.200944,-1.66922,-1.546161,-1.188976,-0.8750229,-0.7771056,Other
701,TKM,Turkmenistan,2006,61,62,-0.732044,-1.07318,-0.9878876,-0.7260379,-0.4854926,-0.4149837,Other
701,TKM,Turkmenistan,2007,62,53,-0.8489261,-1.267952,-1.151644,-0.8283252,-0.5552939,-0.4943099,Other
701,TKM,Turkmenistan,2008,63,51,-0.694108,-1.042594,-0.9514584,-0.6806549,-0.4477144,-0.3908814,Other
701,TKM,Turkmenistan,2009,64,51,-0.8014793,-1.186578,-1.090554,-0.7930112,-0.524711,-0.4469076,Other
701,TKM,Turkmenistan,2010,65,59,-0.7436821,-1.070162,-0.9920061,-0.7385438,-0.4955137,-0.4415412,Other
701,TKM,Turkmenistan,2011,66,58,-0.8260016,-1.168599,-1.081556,-0.8184332,-0.5746852,-0.5066934,Other
701,TKM,Turkmenistan,2012,67,62,-0.5964875,-0.887115,-0.8295997,-0.5922808,-0.3701371,-0.3177629,Other
701,TKM,Turkmenistan,2013,68,55,-0.8072754,-1.179035,-1.098189,-0.7876579,-0.5519232,-0.5010566,Other
701,TKM,Turkmenistan,2014,69,61,-0.7647642,-1.096933,-1.00816,-0.7586735,-0.50748,-0.4588363,Other
701,TKM,Turkmenistan,2015,70,61,-0.8846794,-1.262578,-1.183521,-0.8818598,-0.5907809,-0.5277872,Other
701,TKM,Turkmenistan,2016,71,59,-0.7734849,-1.156692,-1.066056,-0.7585282,-0.4969836,-0.425439,Other
701,TKM,Turkmenistan,2017,72,65,-0.8654926,-1.277616,-1.170864,-0.8542083,-0.5765742,-0.4949708,Other
701,TKM,Turkmenistan,2018,73,71,-0.8117557,-1.215826,-1.146526,-0.7870746,-0.4960612,-0.4303613,Other
701,TKM,Turkmenistan,2019,74,72,-0.7396722,-1.085546,-0.9859934,-0.7339502,-0.5003263,-0.4264816,Other
701,TKM,Turkmenistan,2020,75,70,-0.7808734,-1.181884,-1.094985,-0.7826977,-0.4862282,-0.407146,Other
701,TKM,Turkmenistan,2021,76,62,-0.8286567,-1.257354,-1.13273,-0.8184396,-0.5239867,-0.4486277,Other
701,TKM,Turkmenistan,2022,77,61,-0.7172819,-1.0789,-0.9879765,-0.709441,-0.4683637,-0.3967244,Other
701,TKM,Turkmenistan,2023,78,62,-0.7678948,-1.125792,-1.035874,-0.7614267,-0.5081742,-0.4347471,Other
701,TKM,Turkmenistan,2024,79,61,-0.8231848,-1.25997,-1.151723,-0.8130873,-0.5100501,-0.4488582,Other
947,TUV,Tuvalu,2000,55,1,1.972029,1.626957,1.702231,1.96567,2.256475,2.32962,Other
947,TUV,Tuvalu,2001,56,22,1.941503,1.658928,1.714502,1.930869,2.183825,2.260473,Other
947,TUV,Tuvalu,2002,57,25,0.3688826,0.1387793,0.1964687,0.3717257,0.5386202,0.5859415,Other
947,TUV,Tuvalu,2003,58,42,0.2335269,0.006454906,0.06058421,0.2364609,0.3967437,0.4506523,Other
947,TUV,Tuvalu,2004,59,58,0.1482249,-0.01053983,0.01566426,0.1542561,0.2638095,0.2952318,Other
947,TUV,Tuvalu,2005,60,55,0.2322497,0.06046084,0.09787099,0.2344359,0.3622455,0.397679,Other
947,TUV,Tuvalu,2006,61,38,0.4853164,0.2934421,0.3490882,0.4850286,0.6278091,0.6664866,Other
947,TUV,Tuvalu,2007,62,32,-0.2066419,-0.4635217,-0.3987946,-0.2018936,-0.01468169,0.04754214,Other
947,TUV,Tuvalu,2008,63,58,-0.1757875,-0.3754666,-0.3303562,-0.1733754,-0.0270231,0.0147148,Other
947,TUV,Tuvalu,2009,64,20,-0.2077631,-0.4613233,-0.4053313,-0.2032539,-0.01454345,0.0309461,Other
947,TUV,Tuvalu,2010,65,69,-0.2629237,-0.4729852,-0.4245467,-0.2580821,-0.1117655,-0.06700212,Other
947,TUV,Tuvalu,2011,66,50,-0.1747913,-0.4014249,-0.355661,-0.16661,-0.01021503,0.03314572,Other
947,TUV,Tuvalu,2012,67,65,-0.4861169,-0.7710078,-0.7060581,-0.4820428,-0.2735933,-0.2256391,Other
947,TUV,Tuvalu,2013,68,55,-0.2186273,-0.4306751,-0.3834825,-0.214885,-0.06326226,-0.0190214,Other
947,TUV,Tuvalu,2014,69,66,-0.2876768,-0.5017001,-0.4435559,-0.2848318,-0.1315086,-0.09744224,Other
947,TUV,Tuvalu,2015,70,54,-0.3132737,-0.5914019,-0.5222257,-0.3047775,-0.1116016,-0.06496256,Other
947,TUV,Tuvalu,2016,71,63,-0.325449,-0.5914547,-0.5312533,-0.3251551,-0.1228504,-0.07615815,Other
947,TUV,Tuvalu,2017,72,65,0.05178613,-0.0999845,-0.06428251,0.05403788,0.1608819,0.1911205,Other
947,TUV,Tuvalu,2018,73,82,0.09932055,-0.04170612,-0.01147706,0.1019684,0.1964897,0.2286518,Other
947,TUV,Tuvalu,2019,74,58,-0.0537355,-0.2289309,-0.1900597,-0.04965563,0.07722527,0.1085866,Other
947,TUV,Tuvalu,2020,75,59,0.09942383,-0.1086482,-0.0614577,0.1013338,0.2583704,0.3057272,Other
947,TUV,Tuvalu,2021,76,30,-0.07960484,-0.334089,-0.2842911,-0.08525609,0.136554,0.1993355,Other
947,TUV,Tuvalu,2022,77,58,-0.01523096,-0.1873245,-0.1562799,-0.008316642,0.1111669,0.146714,Other
947,TUV,Tuvalu,2023,78,58,0.02160905,-0.1535409,-0.1090095,0.02048204,0.1627674,0.1964966,Other
947,TUV,Tuvalu,2024,79,67,-0.06165881,-0.2313414,-0.1898855,-0.06329222,0.07362342,0.1056139,Other
500,UGA,Uganda,1991,46,72,-0.9814165,-1.38402,-1.296869,-0.975983,-0.6873526,-0.5936875,Sub-Saharan Africa
500,UGA,Uganda,1992,47,56,-1.022168,-1.382888,-1.300972,-1.025297,-0.7257457,-0.6577434,Sub-Saharan Africa
500,UGA,Uganda,1993,48,57,-1.175737,-1.568951,-1.473669,-1.16814,-0.8944137,-0.8119856,Sub-Saharan Africa
500,UGA,Uganda,1994,49,67,-1.045979,-1.408511,-1.332371,-1.0445,-0.7720567,-0.7030714,Sub-Saharan Africa
500,UGA,Uganda,1995,50,64,-0.7647562,-1.119117,-1.042427,-0.7588924,-0.5053537,-0.4367029,Sub-Saharan Africa
500,UGA,Uganda,1996,51,73,-0.9458499,-1.28836,-1.20915,-0.9388742,-0.6866504,-0.6220086,Sub-Saharan Africa
500,UGA,Uganda,1997,52,67,-0.8610158,-1.178213,-1.095869,-0.8529859,-0.6292592,-0.5634882,Sub-Saharan Africa
500,UGA,Uganda,1998,53,31,-0.7251784,-1.201806,-1.086538,-0.7140699,-0.3796346,-0.3061717,Sub-Saharan Africa
500,UGA,Uganda,1999,54,37,-0.6910238,-1.091931,-0.9951865,-0.6811018,-0.4068314,-0.3360795,Sub-Saharan Africa
500,UGA,Uganda,2000,55,66,-0.5997583,-0.9057625,-0.836487,-0.5943481,-0.3696358,-0.3013605,Sub-Saharan Africa
500,UGA,Uganda,2001,56,45,-0.6820908,-0.9835506,-0.9171434,-0.6753545,-0.4558652,-0.4022944,Sub-Saharan Africa
500,UGA,Uganda,2002,57,71,-0.6869976,-0.9944343,-0.9213339,-0.6755765,-0.4601936,-0.3965653,Sub-Saharan Africa
500,UGA,Uganda,2003,58,73,-0.1477263,-0.3417407,-0.2910017,-0.1396267,-0.009092727,0.02248926,Sub-Saharan Africa
500,UGA,Uganda,2004,59,67,-0.2302588,-0.4437648,-0.3954187,-0.2225882,-0.08331972,-0.03966217,Sub-Saharan Africa
500,UGA,Uganda,2005,60,69,-0.03563414,-0.1993938,-0.1652811,-0.03330193,0.08909851,0.1274033,Sub-Saharan Africa
500,UGA,Uganda,2006,61,64,0.1146596,-0.02800103,0.003139856,0.1158711,0.2275688,0.2564572,Sub-Saharan Africa
500,UGA,Uganda,2007,62,51,-0.5117542,-0.8052886,-0.7355117,-0.5092087,-0.2998898,-0.2583614,Sub-Saharan Africa
500,UGA,Uganda,2008,63,71,-0.6304786,-0.9334812,-0.8565229,-0.6233643,-0.4159143,-0.3735356,Sub-Saharan Africa
500,UGA,Uganda,2009,64,52,-0.2050307,-0.3977045,-0.3542825,-0.2037649,-0.05901425,-0.01960427,Sub-Saharan Africa
500,UGA,Uganda,2010,65,46,-0.6891805,-1.010299,-0.9433505,-0.6741952,-0.4555041,-0.3953028,Sub-Saharan Africa
500,UGA,Uganda,2011,66,61,-0.6521112,-0.9526696,-0.8935745,-0.6452348,-0.4367573,-0.3682176,Sub-Saharan Africa
500,UGA,Uganda,2012,67,74,-0.70936,-1.024237,-0.9382741,-0.6944583,-0.4991725,-0.4390342,Sub-Saharan Africa
500,UGA,Uganda,2013,68,63,-0.9816793,-1.295611,-1.223374,-0.9835071,-0.7345805,-0.6486003,Sub-Saharan Africa
500,UGA,Uganda,2014,69,70,-0.8764281,-1.188609,-1.109351,-0.873805,-0.6479007,-0.575963,Sub-Saharan Africa
500,UGA,Uganda,2015,70,68,-0.9418826,-1.32897,-1.221601,-0.9360468,-0.6708827,-0.6032928,Sub-Saharan Africa
500,UGA,Uganda,2016,71,58,-1.056612,-1.403735,-1.330174,-1.04876,-0.7848414,-0.7112611,Sub-Saharan Africa
500,UGA,Uganda,2017,72,91,-1.04115,-1.403812,-1.330936,-1.038762,-0.7558554,-0.6801113,Sub-Saharan Africa
500,UGA,Uganda,2018,73,85,-0.72826,-0.9847278,-0.9166436,-0.7219506,-0.542465,-0.4924815,Sub-Saharan Africa
500,UGA,Uganda,2019,74,93,-0.7983069,-1.079713,-1.012554,-0.7962357,-0.5877723,-0.5214147,Sub-Saharan Africa
500,UGA,Uganda,2020,75,79,-0.6932216,-0.9655958,-0.9053194,-0.6874668,-0.4810041,-0.423697,Sub-Saharan Africa
500,UGA,Uganda,2021,76,80,-0.7196042,-1.009087,-0.9340844,-0.7148005,-0.4925773,-0.4290443,Sub-Saharan Africa
500,UGA,Uganda,2022,77,87,-0.7282126,-0.9176284,-0.8818407,-0.7228739,-0.576678,-0.5371235,Sub-Saharan Africa
500,UGA,Uganda,2023,78,83,-0.6238564,-0.8207267,-0.775005,-0.6190517,-0.4725593,-0.4275525,Sub-Saharan Africa
500,UGA,Uganda,2024,79,98,-0.6226195,-0.8200186,-0.7739048,-0.622065,-0.4765414,-0.4240743,Sub-Saharan Africa
369,UKR,Ukraine,1991,46,74,0.381106,0.2345993,0.2686629,0.3857312,0.4902607,0.5187673,Other
369,UKR,Ukraine,1992,47,74,0.4689961,0.3256434,0.3559003,0.4702229,0.5818859,0.6104323,Other
369,UKR,Ukraine,1993,48,64,0.3317146,0.1687755,0.1977667,0.3297899,0.4653527,0.5076638,Other
369,UKR,Ukraine,1994,49,67,0.7585291,0.5695404,0.6147861,0.7547125,0.9024169,0.9482206,Other
369,UKR,Ukraine,1995,50,67,0.5703506,0.3904382,0.4306203,0.5669797,0.70754,0.7563519,Other
369,UKR,Ukraine,1996,51,73,0.6487851,0.4755666,0.5048714,0.6470422,0.7942665,0.8277729,Other
369,UKR,Ukraine,1997,52,73,0.5778898,0.3957865,0.4357836,0.5793254,0.7201651,0.7509426,Other
369,UKR,Ukraine,1998,53,63,0.4143939,0.2350208,0.2750711,0.4162173,0.5550744,0.5909251,Other
369,UKR,Ukraine,1999,54,69,0.4144601,0.25856,0.2953874,0.4127648,0.5392229,0.5776347,Other
369,UKR,Ukraine,2000,55,68,0.4143773,0.2501949,0.2802932,0.416395,0.5407232,0.5782225,Other
369,UKR,Ukraine,2001,56,69,0.4334774,0.284653,0.3150488,0.432779,0.5528646,0.5902154,Other
369,UKR,Ukraine,2002,57,76,0.3953829,0.2648667,0.2955823,0.3939196,0.501819,0.5304765,Other
369,UKR,Ukraine,2003,58,78,0.3914278,0.2497058,0.2829631,0.3886687,0.5006764,0.5268617,Other
369,UKR,Ukraine,2004,59,72,0.4181582,0.27854,0.306564,0.4193238,0.5261856,0.5546036,Other
369,UKR,Ukraine,2005,60,73,0.5846505,0.4229692,0.4639267,0.5828454,0.704214,0.7355062,Other
369,UKR,Ukraine,2006,61,88,0.8570592,0.6901011,0.7242244,0.8533851,0.9926718,1.030455,Other
369,UKR,Ukraine,2007,62,77,0.9325922,0.7534668,0.789715,0.9270569,1.079839,1.128425,Other
369,UKR,Ukraine,2008,63,76,0.8140688,0.6336624,0.6740096,0.8099897,0.9606014,1.005231,Other
369,UKR,Ukraine,2009,64,66,0.9073912,0.7213529,0.7651693,0.9068698,1.057003,1.099073,Other
369,UKR,Ukraine,2010,65,71,0.8104749,0.6275134,0.6702438,0.8127383,0.9537636,0.9923109,Other
369,UKR,Ukraine,2011,66,68,0.7021095,0.5383146,0.5785211,0.6963568,0.8390296,0.8728807,Other
369,UKR,Ukraine,2012,67,72,0.7072009,0.5645288,0.5948344,0.7003555,0.8320978,0.8703732,Other
369,UKR,Ukraine,2013,68,63,0.7314039,0.5687953,0.598887,0.7288384,0.8699481,0.9156155,Other
369,UKR,Ukraine,2014,69,69,1.005198,0.8215613,0.867782,1.002264,1.135143,1.182589,Other
369,UKR,Ukraine,2015,70,76,0.9263235,0.7613699,0.7973182,0.9241288,1.05525,1.087603,Other
369,UKR,Ukraine,2016,71,77,1.024175,0.8535656,0.8847696,1.022423,1.152915,1.210189,Other
369,UKR,Ukraine,2017,72,91,1.104474,0.9454295,0.9805,1.106853,1.232811,1.278449,Other
369,UKR,Ukraine,2018,73,103,1.006996,0.8585049,0.8861901,1.005819,1.125141,1.163164,Other
369,UKR,Ukraine,2019,74,97,1.105762,0.9622288,0.9981,1.105353,1.212082,1.250405,Other
369,UKR,Ukraine,2020,75,96,0.9755812,0.8391893,0.8612978,0.970733,1.092209,1.124324,Other
369,UKR,Ukraine,2021,76,84,1.101353,0.9390179,0.9749039,1.097542,1.229042,1.26997,Other
369,UKR,Ukraine,2022,77,82,1.132178,0.9532863,0.9884377,1.126039,1.28531,1.330869,Other
369,UKR,Ukraine,2023,78,87,1.248376,1.069152,1.107611,1.246601,1.390035,1.437953,Other
369,UKR,Ukraine,2024,79,106,1.162628,0.9883449,1.03454,1.161165,1.298202,1.331969,Other
696,ARE,United Arab Emirates,1991,46,74,-0.7225301,-1.11791,-1.015872,-0.715811,-0.4299537,-0.3610847,MENA
696,ARE,United Arab Emirates,1992,47,71,-0.5233239,-0.8774897,-0.7889012,-0.5106099,-0.260621,-0.1866453,MENA
696,ARE,United Arab Emirates,1993,48,61,-0.5473451,-0.9089629,-0.8236438,-0.5354239,-0.279222,-0.2119695,MENA
696,ARE,United Arab Emirates,1994,49,63,-0.6179688,-1.015416,-0.9216449,-0.6057523,-0.3267784,-0.2513446,MENA
696,ARE,United Arab Emirates,1995,50,62,-0.7775032,-1.131915,-1.059009,-0.7713337,-0.5063388,-0.4448718,MENA
696,ARE,United Arab Emirates,1996,51,70,-0.5310552,-0.8438849,-0.7713149,-0.5182633,-0.2919365,-0.2419831,MENA
696,ARE,United Arab Emirates,1997,52,72,-0.6457557,-0.9534179,-0.8804761,-0.6413611,-0.4227994,-0.3480049,MENA
696,ARE,United Arab Emirates,1998,53,62,-0.7232048,-1.109012,-1.017273,-0.7082944,-0.4582677,-0.3897605,MENA
696,ARE,United Arab Emirates,1999,54,68,-0.593157,-0.8810253,-0.8183382,-0.5908155,-0.3611167,-0.302256,MENA
696,ARE,United Arab Emirates,2000,55,64,-0.583389,-0.8948148,-0.8230072,-0.576075,-0.370416,-0.3226613,MENA
696,ARE,United Arab Emirates,2001,56,63,-0.7030299,-1.053371,-0.9637711,-0.6923886,-0.4578252,-0.4038089,MENA
696,ARE,United Arab Emirates,2002,57,74,-1.104611,-1.514151,-1.429395,-1.091771,-0.7946521,-0.721632,MENA
696,ARE,United Arab Emirates,2003,58,77,-1.050096,-1.441685,-1.347884,-1.048018,-0.7650636,-0.6886897,MENA
696,ARE,United Arab Emirates,2004,59,72,-0.9881995,-1.360797,-1.297068,-0.9778164,-0.7022918,-0.6294947,MENA
696,ARE,United Arab Emirates,2005,60,74,-0.8833476,-1.204489,-1.137722,-0.8735006,-0.6473107,-0.5816179,MENA
696,ARE,United Arab Emirates,2006,61,88,-0.7196429,-1.009042,-0.9441615,-0.716088,-0.5072486,-0.4540823,MENA
696,ARE,United Arab Emirates,2007,62,79,-0.6840541,-0.962228,-0.9041664,-0.6782597,-0.4817854,-0.4242376,MENA
696,ARE,United Arab Emirates,2008,63,77,-0.9179279,-1.193394,-1.13472,-0.91373,-0.700834,-0.6322776,MENA
696,ARE,United Arab Emirates,2009,64,65,-0.9288924,-1.237228,-1.162199,-0.9232434,-0.7036095,-0.6404147,MENA
696,ARE,United Arab Emirates,2010,65,72,-0.8047584,-1.111188,-1.03469,-0.8074413,-0.558179,-0.5080734,MENA
696,ARE,United Arab Emirates,2011,66,69,-0.642959,-0.9060397,-0.8523863,-0.6448424,-0.4271314,-0.3779905,MENA
696,ARE,United Arab Emirates,2012,67,74,-0.8096459,-1.106492,-1.03397,-0.8114691,-0.5785622,-0.5216883,MENA
696,ARE,United Arab Emirates,2013,68,64,-0.6932168,-0.9667631,-0.9172599,-0.6897794,-0.4807801,-0.4223023,MENA
696,ARE,United Arab Emirates,2014,69,76,-0.7593378,-1.056212,-0.9814111,-0.7581222,-0.5414422,-0.4825896,MENA
696,ARE,United Arab Emirates,2015,70,78,-0.74908,-1.042628,-0.9832495,-0.7408449,-0.5282146,-0.4707742,MENA
696,ARE,United Arab Emirates,2016,71,79,-0.773115,-1.08147,-1.008558,-0.7652922,-0.5491676,-0.4769653,MENA
696,ARE,United Arab Emirates,2017,72,93,-0.5718063,-0.8490436,-0.7830317,-0.5694366,-0.3675094,-0.3163003,MENA
696,ARE,United Arab Emirates,2018,73,109,-0.5876578,-0.8193251,-0.7590005,-0.5824009,-0.4211553,-0.3752052,MENA
696,ARE,United Arab Emirates,2019,74,100,-0.5984625,-0.8357233,-0.7877452,-0.5930512,-0.41733,-0.3706678,MENA
696,ARE,United Arab Emirates,2020,75,96,-0.5509749,-0.7978682,-0.7416522,-0.5462426,-0.3744584,-0.3186425,MENA
696,ARE,United Arab Emirates,2021,76,86,-0.532796,-0.7629082,-0.7203903,-0.5277725,-0.3583106,-0.3141332,MENA
696,ARE,United Arab Emirates,2022,77,88,-0.6142875,-0.8013802,-0.7643068,-0.6175113,-0.4617536,-0.4280336,MENA
696,ARE,United Arab Emirates,2023,78,88,-0.5435733,-0.7262701,-0.6949989,-0.5464208,-0.3967021,-0.3636089,MENA
696,ARE,United Arab Emirates,2024,79,107,-0.6143539,-0.7826006,-0.7499057,-0.613593,-0.4809459,-0.4493965,MENA
200,GBR,United Kingdom,1991,46,72,2.136381,1.952533,1.986977,2.135685,2.283291,2.329997,Western Europe & North America
200,GBR,United Kingdom,1992,47,74,2.045726,1.858877,1.904607,2.046436,2.189671,2.234347,Western Europe & North America
200,GBR,United Kingdom,1993,48,64,2.152482,1.933012,1.981623,2.154307,2.325229,2.378026,Western Europe & North America
200,GBR,United Kingdom,1994,49,68,2.303177,2.075063,2.120107,2.29976,2.490774,2.55831,Western Europe & North America
200,GBR,United Kingdom,1995,50,67,2.202839,1.942625,1.999667,2.197642,2.407517,2.467105,Western Europe & North America
200,GBR,United Kingdom,1996,51,74,2.10272,1.839148,1.895036,2.09949,2.30411,2.356147,Western Europe & North America
200,GBR,United Kingdom,1997,52,73,1.95875,1.717724,1.773567,1.953395,2.157732,2.206304,Western Europe & North America
200,GBR,United Kingdom,1998,53,63,1.658841,1.455329,1.495807,1.659699,1.818143,1.861159,Western Europe & North America
200,GBR,United Kingdom,1999,54,70,1.662526,1.468511,1.51705,1.66424,1.81111,1.855492,Western Europe & North America
200,GBR,United Kingdom,2000,55,68,1.662178,1.453728,1.499802,1.667155,1.814927,1.86798,Western Europe & North America
200,GBR,United Kingdom,2001,56,69,1.637758,1.45011,1.486282,1.639942,1.79505,1.835105,Western Europe & North America
200,GBR,United Kingdom,2002,57,76,1.655373,1.46951,1.511083,1.657299,1.8005,1.845227,Western Europe & North America
200,GBR,United Kingdom,2003,58,78,1.587597,1.409876,1.445586,1.584265,1.733295,1.775238,Western Europe & North America
200,GBR,United Kingdom,2004,59,72,1.490219,1.298981,1.346216,1.492366,1.640416,1.67507,Western Europe & North America
200,GBR,United Kingdom,2005,60,75,1.575033,1.388692,1.429973,1.579016,1.712484,1.750963,Western Europe & North America
200,GBR,United Kingdom,2006,61,88,1.450587,1.295293,1.32707,1.452604,1.574626,1.603926,Western Europe & North America
200,GBR,United Kingdom,2007,62,79,1.556485,1.39382,1.432866,1.55845,1.679723,1.708895,Western Europe & North America
200,GBR,United Kingdom,2008,63,77,1.489977,1.333327,1.36433,1.486358,1.618698,1.650081,Western Europe & North America
200,GBR,United Kingdom,2009,64,66,1.427804,1.258061,1.288788,1.427415,1.563086,1.600749,Western Europe & North America
200,GBR,United Kingdom,2010,65,72,1.607617,1.435145,1.474428,1.606091,1.742465,1.780307,Western Europe & North America
200,GBR,United Kingdom,2011,66,69,1.473149,1.281381,1.325428,1.473443,1.621045,1.654916,Western Europe & North America
200,GBR,United Kingdom,2012,67,69,1.515667,1.347348,1.379087,1.514531,1.656925,1.695907,Western Europe & North America
200,GBR,United Kingdom,2013,68,64,1.547899,1.369217,1.400582,1.54449,1.699597,1.740177,Western Europe & North America
200,GBR,United Kingdom,2014,69,77,1.571841,1.390862,1.441202,1.568622,1.707768,1.746142,Western Europe & North America
200,GBR,United Kingdom,2015,70,78,1.585165,1.408033,1.443679,1.58355,1.724878,1.767001,Western Europe & North America
200,GBR,United Kingdom,2016,71,80,1.585927,1.393328,1.433259,1.585817,1.736715,1.782208,Western Europe & North America
200,GBR,United Kingdom,2017,72,93,1.555274,1.384215,1.421925,1.556886,1.684171,1.730445,Western Europe & North America
200,GBR,United Kingdom,2018,73,109,1.531436,1.362834,1.401629,1.530362,1.669227,1.701449,Western Europe & North America
200,GBR,United Kingdom,2019,74,100,1.53267,1.376648,1.406623,1.533955,1.658347,1.69067,Western Europe & North America
200,GBR,United Kingdom,2020,75,97,1.565256,1.391491,1.4271,1.564743,1.705934,1.738602,Western Europe & North America
200,GBR,United Kingdom,2021,76,86,1.75479,1.551637,1.600269,1.754904,1.904243,1.944747,Western Europe & North America
200,GBR,United Kingdom,2022,77,88,1.646478,1.438466,1.487142,1.646578,1.814225,1.864525,Western Europe & North America
200,GBR,United Kingdom,2023,78,88,1.767729,1.561095,1.612491,1.767605,1.918843,1.968551,Western Europe & North America
200,GBR,United Kingdom,2024,79,108,1.636233,1.466654,1.501606,1.637063,1.773472,1.815205,Western Europe & North America
2,USA,United States,1991,46,72,2.864149,2.683294,2.718299,2.863792,3.004346,3.045739,Western Europe & North America
2,USA,United States,1992,47,74,2.900141,2.719124,2.76058,2.895264,3.042058,3.085189,Western Europe & North America
2,USA,United States,1993,48,64,2.953785,2.72322,2.77099,2.953919,3.12966,3.172814,Western Europe & North America
2,USA,United States,1994,49,68,3.086562,2.82757,2.879205,3.091631,3.298703,3.346573,Western Europe & North America
2,USA,United States,1995,50,67,3.079569,2.808015,2.866229,3.074514,3.293406,3.347001,Western Europe & North America
2,USA,United States,1996,51,74,3.036669,2.780157,2.848911,3.030181,3.231049,3.277208,Western Europe & North America
2,USA,United States,1997,52,73,3.046871,2.821335,2.869538,3.042023,3.2301,3.279737,Western Europe & North America
2,USA,United States,1998,53,63,2.819014,2.616385,2.658514,2.81843,2.98511,3.030721,Western Europe & North America
2,USA,United States,1999,54,70,2.626275,2.445039,2.481926,2.625032,2.774505,2.815537,Western Europe & North America
2,USA,United States,2000,55,68,2.601408,2.420799,2.459338,2.600034,2.747184,2.783885,Western Europe & North America
2,USA,United States,2001,56,69,2.590917,2.419923,2.451602,2.589318,2.736076,2.772952,Western Europe & North America
2,USA,United States,2002,57,76,2.674595,2.511633,2.543287,2.673351,2.806849,2.853613,Western Europe & North America
2,USA,United States,2003,58,78,2.791102,2.608876,2.650591,2.796017,2.926559,2.959811,Western Europe & North America
2,USA,United States,2004,59,72,2.719261,2.532395,2.581264,2.718731,2.859432,2.900892,Western Europe & North America
2,USA,United States,2005,60,75,2.763763,2.583211,2.629974,2.762351,2.901945,2.941709,Western Europe & North America
2,USA,United States,2006,61,88,2.715118,2.546967,2.582723,2.718659,2.840956,2.881387,Western Europe & North America
2,USA,United States,2007,62,79,2.69523,2.519043,2.559898,2.694012,2.829875,2.870872,Western Europe & North America
2,USA,United States,2008,63,77,2.630437,2.451404,2.494574,2.629882,2.767121,2.798939,Western Europe & North America
2,USA,United States,2009,64,66,2.421013,2.230325,2.279324,2.419981,2.56443,2.608467,Western Europe & North America
2,USA,United States,2010,65,72,2.404842,2.217549,2.255332,2.405683,2.545973,2.579791,Western Europe & North America
2,USA,United States,2011,66,69,2.429157,2.241925,2.281338,2.432805,2.570185,2.605715,Western Europe & North America
2,USA,United States,2012,67,74,2.416477,2.240381,2.280533,2.418272,2.548568,2.594473,Western Europe & North America
2,USA,United States,2013,68,64,2.493273,2.292952,2.341503,2.492818,2.650332,2.703309,Western Europe & North America
2,USA,United States,2014,69,77,2.46857,2.274057,2.318058,2.468974,2.622271,2.662438,Western Europe & North America
2,USA,United States,2015,70,78,2.437287,2.243886,2.286909,2.434716,2.590344,2.638322,Western Europe & North America
2,USA,United States,2016,71,80,2.395386,2.187995,2.228426,2.398675,2.55721,2.60133,Western Europe & North America
2,USA,United States,2017,72,93,2.497839,2.321356,2.362118,2.495265,2.641724,2.675701,Western Europe & North America
2,USA,United States,2018,73,109,2.553448,2.387626,2.420269,2.55259,2.680026,2.715868,Western Europe & North America
2,USA,United States,2019,74,100,2.443899,2.290822,2.326223,2.441754,2.565311,2.605009,Western Europe & North America
2,USA,United States,2020,75,97,2.418705,2.252847,2.295023,2.421679,2.539577,2.574111,Western Europe & North America
2,USA,United States,2021,76,85,2.409848,2.23683,2.270355,2.413015,2.545285,2.585587,Western Europe & North America
2,USA,United States,2022,77,88,2.243963,2.055081,2.095276,2.248123,2.400882,2.444723,Western Europe & North America
2,USA,United States,2023,78,88,2.288972,2.1016,2.144788,2.29084,2.433954,2.468388,Western Europe & North America
2,USA,United States,2024,79,107,2.163636,1.991041,2.026691,2.163929,2.30294,2.347555,Western Europe & North America
165,URY,Uruguay,1991,46,69,0.427648,0.2762805,0.3144038,0.4306316,0.539663,0.5748215,Latin America & Caribbean
165,URY,Uruguay,1992,47,71,0.3806265,0.2317766,0.2665497,0.3784517,0.4973559,0.5312397,Latin America & Caribbean
165,URY,Uruguay,1993,48,62,0.2843169,0.1094869,0.1512658,0.2829473,0.4269795,0.4638546,Latin America & Caribbean
165,URY,Uruguay,1994,49,68,0.1324759,-0.09527002,-0.04221764,0.142992,0.2954602,0.3357875,Latin America & Caribbean
165,URY,Uruguay,1995,50,67,-0.09227458,-0.3403898,-0.2820276,-0.08288944,0.09114982,0.1410701,Latin America & Caribbean
165,URY,Uruguay,1996,51,73,0.1121928,-0.0941388,-0.04747743,0.1157488,0.2686729,0.2960368,Latin America & Caribbean
165,URY,Uruguay,1997,52,70,0.05706387,-0.1405541,-0.09952456,0.0624345,0.2065515,0.2493177,Latin America & Caribbean
165,URY,Uruguay,1998,53,61,-0.05273958,-0.2814291,-0.2172924,-0.05069653,0.1000432,0.1383468,Latin America & Caribbean
165,URY,Uruguay,1999,54,68,0.05484301,-0.1193972,-0.07961717,0.05158326,0.1892851,0.2292068,Latin America & Caribbean
165,URY,Uruguay,2000,55,68,0.06456982,-0.1083746,-0.06799137,0.06753997,0.1937048,0.2280481,Latin America & Caribbean
165,URY,Uruguay,2001,56,69,0.05356717,-0.1170809,-0.08128755,0.0529915,0.178969,0.2141368,Latin America & Caribbean
165,URY,Uruguay,2002,57,76,0.05549441,-0.09071307,-0.06252957,0.05786267,0.169405,0.2005841,Latin America & Caribbean
165,URY,Uruguay,2003,58,76,0.06923443,-0.08810589,-0.05041269,0.06416913,0.1943118,0.2303262,Latin America & Caribbean
165,URY,Uruguay,2004,59,70,0.04357192,-0.1149369,-0.08332133,0.04193913,0.1674775,0.2033231,Latin America & Caribbean
165,URY,Uruguay,2005,60,73,0.02597726,-0.1339811,-0.09585416,0.03005581,0.1466378,0.1759482,Latin America & Caribbean
165,URY,Uruguay,2006,61,87,-0.1092594,-0.2629473,-0.2303941,-0.1092814,0.01422534,0.04497647,Latin America & Caribbean
165,URY,Uruguay,2007,62,79,-0.1529944,-0.3407517,-0.2979229,-0.144442,-0.01746085,0.007604123,Latin America & Caribbean
165,URY,Uruguay,2008,63,76,-0.1471493,-0.3089119,-0.2781859,-0.1458508,-0.0203838,0.01718584,Latin America & Caribbean
165,URY,Uruguay,2009,64,66,-0.1505593,-0.3308434,-0.2925092,-0.1438155,-0.01870813,0.01510771,Latin America & Caribbean
165,URY,Uruguay,2010,65,70,-0.1349745,-0.3125077,-0.2655081,-0.1322435,-0.005117202,0.03476015,Latin America & Caribbean
165,URY,Uruguay,2011,66,68,-0.3617167,-0.6021002,-0.5393143,-0.3526338,-0.1933483,-0.1480178,Latin America & Caribbean
165,URY,Uruguay,2012,67,74,-0.3859782,-0.6192456,-0.5600977,-0.3807065,-0.2195003,-0.1776982,Latin America & Caribbean
165,URY,Uruguay,2013,68,64,-0.3978406,-0.6406222,-0.5893205,-0.3932429,-0.2242161,-0.1662738,Latin America & Caribbean
165,URY,Uruguay,2014,69,77,-0.4293094,-0.6974242,-0.6137916,-0.4170857,-0.2476095,-0.2034536,Latin America & Caribbean
165,URY,Uruguay,2015,70,78,-0.4579202,-0.7118263,-0.6494633,-0.4506943,-0.2802243,-0.239242,Latin America & Caribbean
165,URY,Uruguay,2016,71,79,-0.4112047,-0.6648201,-0.6133904,-0.4078433,-0.2224748,-0.183984,Latin America & Caribbean
165,URY,Uruguay,2017,72,91,-0.4513285,-0.6981902,-0.6272521,-0.4463083,-0.2762468,-0.2226889,Latin America & Caribbean
165,URY,Uruguay,2018,73,108,-0.2807767,-0.4672273,-0.4285809,-0.2704149,-0.1480844,-0.1105891,Latin America & Caribbean
165,URY,Uruguay,2019,74,100,-0.3586171,-0.5602252,-0.5123627,-0.3534477,-0.2125917,-0.1827774,Latin America & Caribbean
165,URY,Uruguay,2020,75,97,-0.04454048,-0.1912957,-0.1578501,-0.04256454,0.06279618,0.09476444,Latin America & Caribbean
165,URY,Uruguay,2021,76,86,-0.07846522,-0.222954,-0.1899213,-0.07899357,0.03554486,0.05896373,Latin America & Caribbean
165,URY,Uruguay,2022,77,88,0.05878721,-0.07270813,-0.04300897,0.05572916,0.1705047,0.1990436,Latin America & Caribbean
165,URY,Uruguay,2023,78,88,0.02570614,-0.1116322,-0.07648198,0.0281727,0.1257475,0.1506655,Latin America & Caribbean
165,URY,Uruguay,2024,79,108,0.01719555,-0.09982172,-0.07762907,0.01765692,0.1127034,0.1351107,Latin America & Caribbean
704,UZB,Uzbekistan,1994,49,54,0.4083764,0.2095426,0.2556658,0.411215,0.5476346,0.599868,Other
704,UZB,Uzbekistan,1995,50,22,1.003483,0.7067129,0.7677179,1.005217,1.247683,1.310296,Other
704,UZB,Uzbekistan,1996,51,54,0.8033558,0.616258,0.6517714,0.8035137,0.9481216,1.000816,Other
704,UZB,Uzbekistan,1997,52,38,0.5964539,0.3836762,0.4343761,0.5938894,0.7637209,0.8161159,Other
704,UZB,Uzbekistan,1998,53,41,0.7510889,0.5709066,0.6087098,0.7528461,0.9022108,0.9363461,Other
704,UZB,Uzbekistan,1999,54,49,0.7355684,0.5573386,0.6064977,0.7366945,0.8695689,0.9021825,Other
704,UZB,Uzbekistan,2000,55,29,0.4811353,0.2735457,0.3138968,0.4830378,0.6542684,0.7019813,Other
704,UZB,Uzbekistan,2002,57,40,0.4953438,0.3343165,0.36962,0.4959657,0.6231958,0.6657782,Other
704,UZB,Uzbekistan,2003,58,43,0.4324006,0.2650326,0.3038169,0.4335113,0.5654599,0.5952396,Other
704,UZB,Uzbekistan,2004,59,57,0.1674024,0.02279574,0.0576709,0.1694667,0.2768264,0.3075731,Other
704,UZB,Uzbekistan,2005,60,65,-0.3095031,-0.4973909,-0.4561628,-0.3079385,-0.1674385,-0.1338252,Other
704,UZB,Uzbekistan,2006,61,76,-0.3325597,-0.5039813,-0.4677506,-0.3299201,-0.2034165,-0.1633051,Other
704,UZB,Uzbekistan,2007,62,61,-0.3581882,-0.5587592,-0.5065075,-0.3543769,-0.2107961,-0.1704576,Other
704,UZB,Uzbekistan,2008,63,70,-0.3390061,-0.5401527,-0.4857464,-0.3395084,-0.1910411,-0.1513004,Other
704,UZB,Uzbekistan,2009,64,60,-0.2212478,-0.4034968,-0.3597728,-0.2189166,-0.08492055,-0.05052647,Other
704,UZB,Uzbekistan,2010,65,63,-0.3874724,-0.6150782,-0.566247,-0.3778646,-0.2199037,-0.1748266,Other
704,UZB,Uzbekistan,2011,66,61,-0.3992307,-0.6090715,-0.5649761,-0.3973933,-0.2381013,-0.2022759,Other
704,UZB,Uzbekistan,2012,67,66,-0.2686683,-0.4498625,-0.41464,-0.2713944,-0.124722,-0.08189439,Other
704,UZB,Uzbekistan,2013,68,59,-0.3215927,-0.5165304,-0.4791463,-0.3154812,-0.1697261,-0.1250143,Other
704,UZB,Uzbekistan,2014,69,70,-0.3965258,-0.6070424,-0.5550679,-0.393079,-0.2480371,-0.2116355,Other
704,UZB,Uzbekistan,2015,70,74,-0.3633386,-0.5555686,-0.5075462,-0.3591025,-0.2264407,-0.1771982,Other
704,UZB,Uzbekistan,2016,71,74,-0.2600248,-0.448463,-0.4066352,-0.257279,-0.1176278,-0.07669143,Other
704,UZB,Uzbekistan,2017,72,86,-0.2707194,-0.4431957,-0.4037769,-0.2683532,-0.137773,-0.1072214,Other
704,UZB,Uzbekistan,2018,73,88,-0.5404543,-0.7319763,-0.6893589,-0.5403122,-0.3860379,-0.3459423,Other
704,UZB,Uzbekistan,2019,74,89,-0.3402901,-0.5222107,-0.4807606,-0.3385408,-0.1993122,-0.1590713,Other
704,UZB,Uzbekistan,2020,75,90,-0.6711372,-0.9365936,-0.8731536,-0.6642762,-0.4699314,-0.4124935,Other
704,UZB,Uzbekistan,2021,76,75,-0.6688507,-0.9469948,-0.8804067,-0.6597667,-0.4744779,-0.4286035,Other
704,UZB,Uzbekistan,2022,77,82,-0.7567634,-0.9496169,-0.901168,-0.7571589,-0.6056847,-0.5572714,Other
704,UZB,Uzbekistan,2023,78,80,-0.7565598,-0.949944,-0.9091253,-0.7554514,-0.6036402,-0.5640657,Other
704,UZB,Uzbekistan,2024,79,86,-0.6917373,-0.8932565,-0.8497416,-0.6981851,-0.5359893,-0.4842988,Other
935,VUT,Vanuatu,1991,46,68,-0.6327406,-1.020198,-0.9384633,-0.6207983,-0.3466329,-0.2719101,Other
935,VUT,Vanuatu,1992,47,72,-0.4506295,-0.7504621,-0.6632872,-0.4470631,-0.2308011,-0.1775572,Other
935,VUT,Vanuatu,1993,48,2,-0.4527527,-0.7945872,-0.7219826,-0.4483716,-0.2029159,-0.1232898,Other
935,VUT,Vanuatu,1994,49,45,0.2257573,-0.05957081,0.001282502,0.2288814,0.4394545,0.5000062,Other
935,VUT,Vanuatu,1995,50,51,-0.2100573,-0.4847089,-0.4198137,-0.2101316,0.001815682,0.06647377,Other
935,VUT,Vanuatu,1996,51,68,0.01235988,-0.2058404,-0.1571952,0.01412847,0.1782856,0.2261017,Other
935,VUT,Vanuatu,1997,52,63,-0.03134752,-0.2473602,-0.1945986,-0.02581831,0.1271983,0.1748351,Other
935,VUT,Vanuatu,1998,53,59,0.004144359,-0.1936536,-0.1506322,0.005964501,0.1573037,0.1969469,Other
935,VUT,Vanuatu,2000,55,52,-0.01408357,-0.2249327,-0.1812724,-0.01382542,0.1465644,0.1844011,Other
935,VUT,Vanuatu,2001,56,23,0.2625178,0.06938313,0.1056981,0.2619555,0.4195254,0.4623766,Other
935,VUT,Vanuatu,2002,57,32,0.3543057,0.1681036,0.209951,0.3503732,0.4987673,0.5457053,Other
935,VUT,Vanuatu,2003,58,23,-0.03836281,-0.3132776,-0.2360518,-0.03828841,0.1629307,0.2182355,Other
935,VUT,Vanuatu,2004,59,55,0.3448595,0.1861697,0.2197306,0.3431337,0.4711608,0.5080444,Other
935,VUT,Vanuatu,2005,60,59,0.2939139,0.1467678,0.1795668,0.2939734,0.4142262,0.4468171,Other
935,VUT,Vanuatu,2006,61,77,0.3936034,0.2551811,0.2913861,0.3923584,0.4974604,0.5271741,Other
935,VUT,Vanuatu,2007,62,43,0.3213401,0.1481097,0.1873572,0.3243884,0.453632,0.4834332,Other
935,VUT,Vanuatu,2008,63,51,0.1178299,-0.0483259,-0.01557718,0.1208155,0.2501431,0.2858181,Other
935,VUT,Vanuatu,2009,64,27,0.4482294,0.2693658,0.3084982,0.4484426,0.5948895,0.63435,Other
935,VUT,Vanuatu,2010,65,43,-0.2054617,-0.4356425,-0.3827734,-0.2008476,-0.03845964,-0.0002515942,Other
935,VUT,Vanuatu,2011,66,55,0.08564037,-0.08650412,-0.04680999,0.0875432,0.2153479,0.2578508,Other
935,VUT,Vanuatu,2012,67,69,0.1185969,-0.02276383,0.003480589,0.1172749,0.2375706,0.2707883,Other
935,VUT,Vanuatu,2013,68,30,0.170904,-0.0295133,0.01444883,0.1736439,0.3251981,0.3644577,Other
935,VUT,Vanuatu,2014,69,70,0.1141213,-0.03906441,-0.001576705,0.11442,0.2279684,0.2607633,Other
935,VUT,Vanuatu,2015,70,64,-0.1337159,-0.3106887,-0.272443,-0.1301733,0.0006229994,0.03449558,Other
935,VUT,Vanuatu,2016,71,76,0.01984533,-0.1428834,-0.1056766,0.02028784,0.1424185,0.1787003,Other
935,VUT,Vanuatu,2017,72,75,-0.1097362,-0.3058967,-0.260303,-0.105505,0.02937301,0.06731113,Other
935,VUT,Vanuatu,2018,73,100,0.105589,-0.02688689,0.004400831,0.1029387,0.2118771,0.2429336,Other
935,VUT,Vanuatu,2019,74,92,0.002170331,-0.1396979,-0.1049901,0.003542916,0.1154147,0.1412262,Other
935,VUT,Vanuatu,2020,75,77,-0.1180406,-0.326433,-0.2687839,-0.115773,0.0291799,0.06619535,Other
935,VUT,Vanuatu,2021,76,72,-0.09798085,-0.2604649,-0.2290834,-0.09795871,0.03518392,0.07190596,Other
935,VUT,Vanuatu,2022,77,79,-0.1626803,-0.3263524,-0.2929652,-0.1595047,-0.03814372,-0.009646698,Other
935,VUT,Vanuatu,2023,78,79,-0.04011204,-0.1905365,-0.1581592,-0.03790941,0.07608382,0.1032981,Other
935,VUT,Vanuatu,2024,79,90,-0.128002,-0.2791988,-0.2462246,-0.12896,-0.0118758,0.02055824,Other
101,VEN,Venezuela,1991,46,74,-0.3626591,-0.6476848,-0.5891977,-0.3587956,-0.1512858,-0.09145698,Latin America & Caribbean
101,VEN,Venezuela,1992,47,73,-0.1837162,-0.424789,-0.3722258,-0.1769263,-0.004866482,0.03880701,Latin America & Caribbean
101,VEN,Venezuela,1993,48,64,-0.2376588,-0.5073594,-0.4402123,-0.2238615,-0.04738179,-0.005558314,Latin America & Caribbean
101,VEN,Venezuela,1994,49,68,-0.5628904,-0.9205042,-0.8408621,-0.5554198,-0.2997454,-0.216114,Latin America & Caribbean
101,VEN,Venezuela,1995,50,66,-0.2971721,-0.5799665,-0.5123211,-0.2917317,-0.08733485,-0.02883017,Latin America & Caribbean
101,VEN,Venezuela,1996,51,74,-0.2215217,-0.4760933,-0.4269281,-0.2172595,-0.02517848,0.02541924,Latin America & Caribbean
101,VEN,Venezuela,1997,52,72,-0.2437611,-0.493992,-0.431313,-0.2387456,-0.05712435,-0.01148154,Latin America & Caribbean
101,VEN,Venezuela,1998,53,63,-0.4144735,-0.7247864,-0.6444712,-0.4050752,-0.1868213,-0.1314436,Latin America & Caribbean
101,VEN,Venezuela,1999,54,69,-0.4771499,-0.7459632,-0.6738319,-0.4696146,-0.2890113,-0.2290593,Latin America & Caribbean
101,VEN,Venezuela,2000,55,68,-0.4862093,-0.7865414,-0.7224003,-0.4816608,-0.2536212,-0.1952538,Latin America & Caribbean
101,VEN,Venezuela,2001,56,69,-0.5181249,-0.8019236,-0.7376755,-0.5102598,-0.3140017,-0.2581383,Latin America & Caribbean
101,VEN,Venezuela,2002,57,75,-0.5044474,-0.7885668,-0.715949,-0.4899415,-0.2982328,-0.2564689,Latin America & Caribbean
101,VEN,Venezuela,2003,58,78,-0.4269861,-0.687932,-0.6273269,-0.4214506,-0.2378671,-0.1930171,Latin America & Caribbean
101,VEN,Venezuela,2004,59,72,-0.9291767,-1.318796,-1.231396,-0.9226575,-0.6359559,-0.5456952,Latin America & Caribbean
101,VEN,Venezuela,2005,60,74,-1.111951,-1.485773,-1.395018,-1.099163,-0.8376603,-0.7858625,Latin America & Caribbean
101,VEN,Venezuela,2006,61,88,-1.071579,-1.476599,-1.377992,-1.056861,-0.7926427,-0.732871,Latin America & Caribbean
101,VEN,Venezuela,2007,62,79,-1.040492,-1.440467,-1.316701,-1.037415,-0.757156,-0.6985067,Latin America & Caribbean
101,VEN,Venezuela,2008,63,76,-1.19776,-1.530215,-1.472435,-1.203303,-0.9161783,-0.8567977,Latin America & Caribbean
101,VEN,Venezuela,2009,64,66,-1.219209,-1.554271,-1.476098,-1.224133,-0.9426016,-0.8953443,Latin America & Caribbean
101,VEN,Venezuela,2010,65,72,-1.255221,-1.638902,-1.533145,-1.256881,-0.967752,-0.9002188,Latin America & Caribbean
101,VEN,Venezuela,2011,66,68,-1.798913,-2.138101,-2.064878,-1.792751,-1.55084,-1.487883,Latin America & Caribbean
101,VEN,Venezuela,2012,67,74,-1.47655,-1.826691,-1.746899,-1.472073,-1.212523,-1.135896,Latin America & Caribbean
101,VEN,Venezuela,2013,68,62,-1.459462,-1.832985,-1.757354,-1.455453,-1.176533,-1.07626,Latin America & Caribbean
101,VEN,Venezuela,2014,69,76,-1.391674,-1.730046,-1.655465,-1.389672,-1.131449,-1.069395,Latin America & Caribbean
101,VEN,Venezuela,2015,70,78,-1.545191,-1.942679,-1.854043,-1.545473,-1.244949,-1.152436,Latin America & Caribbean
101,VEN,Venezuela,2016,71,79,-1.40897,-1.779515,-1.691902,-1.398309,-1.136936,-1.070005,Latin America & Caribbean
101,VEN,Venezuela,2017,72,92,-1.435157,-1.850876,-1.769348,-1.43596,-1.106198,-1.014915,Latin America & Caribbean
101,VEN,Venezuela,2018,73,108,-1.413434,-1.716666,-1.659354,-1.408643,-1.180283,-1.11325,Latin America & Caribbean
101,VEN,Venezuela,2019,74,99,-1.574578,-1.895774,-1.837508,-1.57195,-1.325361,-1.254065,Latin America & Caribbean
101,VEN,Venezuela,2020,75,91,-1.503232,-1.87426,-1.790652,-1.505479,-1.222146,-1.150087,Latin America & Caribbean
101,VEN,Venezuela,2021,76,86,-1.630861,-1.953101,-1.884891,-1.627795,-1.385769,-1.322568,Latin America & Caribbean
816,VNM,Vietnam,1991,46,72,-1.068283,-1.503759,-1.400629,-1.068618,-0.7178352,-0.6406381,South & East Asia
816,VNM,Vietnam,1992,47,75,-1.247215,-1.632751,-1.552601,-1.245156,-0.9626563,-0.8965808,South & East Asia
816,VNM,Vietnam,1993,48,63,-1.551308,-1.96947,-1.874592,-1.537024,-1.236264,-1.162037,South & East Asia
816,VNM,Vietnam,1994,49,61,-1.661611,-2.047639,-1.957276,-1.658015,-1.366689,-1.286716,South & East Asia
816,VNM,Vietnam,1995,50,61,-1.618169,-2.001074,-1.926609,-1.614073,-1.305373,-1.217592,South & East Asia
816,VNM,Vietnam,1996,51,65,-1.39176,-1.786302,-1.695332,-1.386062,-1.091519,-1.012454,South & East Asia
816,VNM,Vietnam,1997,52,66,-1.406578,-1.745602,-1.669755,-1.400264,-1.142203,-1.091398,South & East Asia
816,VNM,Vietnam,1998,53,55,-1.206884,-1.668229,-1.546419,-1.209066,-0.8583088,-0.7473201,South & East Asia
816,VNM,Vietnam,1999,54,62,-1.351152,-1.771884,-1.674395,-1.353368,-1.020271,-0.9330586,South & East Asia
816,VNM,Vietnam,2000,55,63,-1.204392,-1.680598,-1.580772,-1.201998,-0.8582724,-0.7627567,South & East Asia
816,VNM,Vietnam,2001,56,63,-1.304773,-1.775627,-1.681048,-1.296342,-0.9667561,-0.8723227,South & East Asia
816,VNM,Vietnam,2002,57,69,-1.33641,-1.839653,-1.730543,-1.327911,-0.9690493,-0.8694273,South & East Asia
816,VNM,Vietnam,2003,58,73,-1.411694,-1.940727,-1.815308,-1.409167,-1.021038,-0.9115378,South & East Asia
816,VNM,Vietnam,2004,59,69,-1.352427,-1.848864,-1.75234,-1.337765,-0.9741733,-0.8859228,South & East Asia
816,VNM,Vietnam,2005,60,66,-1.286746,-1.758225,-1.643093,-1.278166,-0.9434159,-0.8513499,South & East Asia
816,VNM,Vietnam,2006,61,85,-1.323856,-1.786758,-1.700943,-1.311225,-0.977028,-0.893099,South & East Asia
816,VNM,Vietnam,2007,62,78,-1.110463,-1.459272,-1.386454,-1.111449,-0.8204601,-0.7475525,South & East Asia
816,VNM,Vietnam,2008,63,70,-1.115366,-1.541291,-1.434614,-1.106019,-0.8144044,-0.7377399,South & East Asia
816,VNM,Vietnam,2009,64,63,-1.119508,-1.481497,-1.411486,-1.107053,-0.8561009,-0.768396,South & East Asia
816,VNM,Vietnam,2010,65,70,-1.250545,-1.63505,-1.547065,-1.242213,-0.9789921,-0.8862734,South & East Asia
816,VNM,Vietnam,2011,66,68,-1.066577,-1.362891,-1.303603,-1.071745,-0.8288502,-0.7622585,South & East Asia
816,VNM,Vietnam,2012,67,73,-1.144987,-1.457938,-1.400461,-1.146238,-0.8909724,-0.8328462,South & East Asia
816,VNM,Vietnam,2013,68,60,-1.053856,-1.408567,-1.341107,-1.043379,-0.7961784,-0.7234743,South & East Asia
816,VNM,Vietnam,2014,69,75,-1.030273,-1.350992,-1.28818,-1.02125,-0.777943,-0.7154913,South & East Asia
816,VNM,Vietnam,2015,70,77,-1.083245,-1.463076,-1.361344,-1.084666,-0.8022569,-0.7533372,South & East Asia
816,VNM,Vietnam,2016,71,76,-1.015242,-1.385557,-1.307217,-1.008976,-0.7512143,-0.6805934,South & East Asia
816,VNM,Vietnam,2017,72,92,-1.023432,-1.391051,-1.310105,-1.015116,-0.7493932,-0.6729592,South & East Asia
816,VNM,Vietnam,2018,73,108,-0.8929087,-1.170586,-1.107101,-0.8877926,-0.69845,-0.6407264,South & East Asia
816,VNM,Vietnam,2019,74,98,-0.7815061,-1.066264,-1.000194,-0.7813322,-0.5562358,-0.4938433,South & East Asia
816,VNM,Vietnam,2020,75,96,-0.7834241,-1.063475,-0.9911965,-0.7833318,-0.5724472,-0.504533,South & East Asia
816,VNM,Vietnam,2021,76,85,-0.6941803,-0.9433341,-0.8832528,-0.6938828,-0.5088806,-0.4678411,South & East Asia
816,VNM,Vietnam,2022,77,84,-0.8601554,-1.076698,-1.016892,-0.859103,-0.7083786,-0.6619988,South & East Asia
816,VNM,Vietnam,2023,78,86,-0.6193965,-0.8126017,-0.7722052,-0.6149398,-0.4656242,-0.4254674,South & East Asia
816,VNM,Vietnam,2024,79,99,-0.6803149,-0.8814964,-0.8376275,-0.6809104,-0.5232973,-0.4897435,South & East Asia
679,YEM,Yemen,1991,46,72,-1.073757,-1.484243,-1.410661,-1.06832,-0.7484477,-0.6618331,MENA
679,YEM,Yemen,1992,47,70,-1.194162,-1.695053,-1.565054,-1.192545,-0.8303758,-0.715971,MENA
679,YEM,Yemen,1993,48,59,-0.9589222,-1.428815,-1.326351,-0.9573487,-0.5973299,-0.5148098,MENA
679,YEM,Yemen,1994,49,62,-0.9925726,-1.417063,-1.335358,-0.996052,-0.6633491,-0.5760665,MENA
679,YEM,Yemen,1995,50,55,-0.7956535,-1.253754,-1.150943,-0.7904226,-0.465382,-0.3783869,MENA
679,YEM,Yemen,1996,51,62,-0.7982792,-1.257849,-1.166743,-0.7770189,-0.478189,-0.3825783,MENA
679,YEM,Yemen,1997,52,64,-0.7493539,-1.195305,-1.096964,-0.7345531,-0.4095506,-0.3410478,MENA
679,YEM,Yemen,1998,53,57,-0.7910348,-1.251867,-1.142302,-0.7693158,-0.4630683,-0.3944044,MENA
679,YEM,Yemen,1999,54,62,-0.7180676,-1.161491,-1.052636,-0.7053771,-0.4000466,-0.3348131,MENA
679,YEM,Yemen,2000,55,60,-0.7118214,-1.113215,-1.033619,-0.7020332,-0.3940886,-0.3210768,MENA
679,YEM,Yemen,2001,56,62,-0.9842109,-1.427346,-1.312737,-0.974941,-0.6580932,-0.5491609,MENA
679,YEM,Yemen,2002,57,70,-1.149401,-1.607249,-1.530434,-1.134188,-0.7881593,-0.7095961,MENA
679,YEM,Yemen,2003,58,78,-1.204695,-1.666711,-1.533542,-1.183052,-0.885239,-0.8232422,MENA
679,YEM,Yemen,2004,59,72,-1.052239,-1.465079,-1.375962,-1.046971,-0.7314927,-0.6568845,MENA
679,YEM,Yemen,2005,60,75,-1.037971,-1.406985,-1.295728,-1.025289,-0.7849572,-0.7277133,MENA
679,YEM,Yemen,2006,61,88,-0.8453666,-1.158882,-1.095572,-0.8390786,-0.6115531,-0.5625,MENA
679,YEM,Yemen,2007,62,79,-0.8291908,-1.152433,-1.063464,-0.8191207,-0.5983332,-0.5457244,MENA
679,YEM,Yemen,2008,63,77,-1.076175,-1.386448,-1.326916,-1.075757,-0.8218171,-0.7714556,MENA
679,YEM,Yemen,2009,64,65,-1.003018,-1.320815,-1.25356,-0.9996361,-0.756766,-0.6826031,MENA
679,YEM,Yemen,2010,65,69,-0.7959655,-1.109643,-1.05876,-0.7883712,-0.5403576,-0.4646778,MENA
679,YEM,Yemen,2011,66,68,-0.9719496,-1.287361,-1.218011,-0.9691813,-0.7371042,-0.6799773,MENA
679,YEM,Yemen,2012,67,68,-1.022867,-1.362682,-1.288998,-1.019802,-0.7674513,-0.7048828,MENA
679,YEM,Yemen,2013,68,64,-0.9317296,-1.250036,-1.182027,-0.9282135,-0.6819201,-0.6175167,MENA
679,YEM,Yemen,2014,69,74,-0.9845802,-1.28235,-1.218899,-0.9849249,-0.7364784,-0.6796289,MENA
679,YEM,Yemen,2015,70,72,-0.8651211,-1.204145,-1.125139,-0.8607884,-0.603661,-0.5353033,MENA
679,YEM,Yemen,2016,71,78,-0.7189316,-1.059419,-0.9685081,-0.7081014,-0.4754954,-0.4103267,MENA
679,YEM,Yemen,2017,72,90,-0.5761496,-0.847238,-0.7872505,-0.5702472,-0.3612511,-0.318006,MENA
679,YEM,Yemen,2018,73,106,-0.5828654,-0.8291114,-0.7663715,-0.575392,-0.412138,-0.3794693,MENA
679,YEM,Yemen,2019,74,97,-0.6067005,-0.8658521,-0.8081479,-0.5996128,-0.42383,-0.3801745,MENA
679,YEM,Yemen,2020,75,95,-0.4890082,-0.7305464,-0.6700127,-0.4834122,-0.3140398,-0.2730079,MENA
679,YEM,Yemen,2021,76,86,-0.4812099,-0.7087069,-0.6566537,-0.4769804,-0.3106514,-0.2598135,MENA
679,YEM,Yemen,2022,77,88,-0.4778569,-0.6625258,-0.6257585,-0.4782446,-0.3358601,-0.2968618,MENA
679,YEM,Yemen,2023,78,87,-0.5997335,-0.7942991,-0.751546,-0.5965235,-0.4518828,-0.4170451,MENA
679,YEM,Yemen,2024,79,108,-0.6386111,-0.8124869,-0.7702474,-0.6372973,-0.4958529,-0.4685702,MENA
345,YUG,Yugoslavia,1991,46,74,-0.5942265,-0.9549152,-0.8835753,-0.5829714,-0.3254494,-0.2590831,Other
551,ZMB,Zambia,1991,46,69,-0.6132728,-1.025531,-0.9197512,-0.5921818,-0.3404445,-0.2598115,Sub-Saharan Africa
551,ZMB,Zambia,1992,47,70,-0.7751599,-1.134035,-1.047663,-0.7670676,-0.486925,-0.4112873,Sub-Saharan Africa
551,ZMB,Zambia,1993,48,61,-0.3238238,-0.5909341,-0.5308412,-0.3152647,-0.1240864,-0.06990777,Sub-Saharan Africa
551,ZMB,Zambia,1994,49,66,-0.5757814,-0.9169864,-0.8419813,-0.5735677,-0.3105513,-0.2350573,Sub-Saharan Africa
551,ZMB,Zambia,1995,50,64,-0.299205,-0.5778356,-0.5091564,-0.2954505,-0.104444,-0.04858752,Sub-Saharan Africa
551,ZMB,Zambia,1996,51,71,-0.4008581,-0.6791533,-0.6135159,-0.3910805,-0.1882078,-0.1320976,Sub-Saharan Africa
551,ZMB,Zambia,1997,52,63,-0.2285224,-0.4783032,-0.4190454,-0.2296402,-0.04475014,0.01006608,Sub-Saharan Africa
551,ZMB,Zambia,1998,53,54,0.1280792,-0.06954224,-0.02527806,0.130034,0.2807051,0.3129502,Sub-Saharan Africa
551,ZMB,Zambia,1999,54,65,-0.3666904,-0.6000083,-0.5516893,-0.3660552,-0.186903,-0.1380776,Sub-Saharan Africa
551,ZMB,Zambia,2000,55,64,-0.6006651,-1.000531,-0.9059825,-0.5848176,-0.3211841,-0.2625509,Sub-Saharan Africa
551,ZMB,Zambia,2001,56,69,-0.5129821,-0.7898713,-0.7228347,-0.5068664,-0.3040863,-0.2601272,Sub-Saharan Africa
551,ZMB,Zambia,2002,57,73,-0.647868,-0.9464804,-0.8743125,-0.6392814,-0.4321591,-0.3810526,Sub-Saharan Africa
551,ZMB,Zambia,2003,58,77,-0.6306698,-0.930595,-0.861035,-0.6198935,-0.4073346,-0.3603119,Sub-Saharan Africa
551,ZMB,Zambia,2004,59,71,-0.5688775,-0.8952261,-0.8128883,-0.5544292,-0.3419532,-0.2887897,Sub-Saharan Africa
551,ZMB,Zambia,2005,60,74,-0.4336466,-0.6438388,-0.5949382,-0.436324,-0.2618175,-0.2221863,Sub-Saharan Africa
551,ZMB,Zambia,2006,61,88,-0.5702928,-0.8440092,-0.7632515,-0.5619432,-0.3889277,-0.3454896,Sub-Saharan Africa
551,ZMB,Zambia,2007,62,79,-0.6698642,-0.9577759,-0.883696,-0.6543833,-0.4679634,-0.4156978,Sub-Saharan Africa
551,ZMB,Zambia,2008,63,77,-0.5134205,-0.7801854,-0.7007572,-0.5064801,-0.3300513,-0.2941593,Sub-Saharan Africa
551,ZMB,Zambia,2009,64,65,-0.474013,-0.7084841,-0.6683752,-0.4695943,-0.2949643,-0.2519096,Sub-Saharan Africa
551,ZMB,Zambia,2010,65,71,-0.4619623,-0.7152314,-0.652853,-0.4590035,-0.2744076,-0.2260752,Sub-Saharan Africa
551,ZMB,Zambia,2011,66,66,-0.737268,-1.027372,-0.9576601,-0.7351346,-0.5187733,-0.4637949,Sub-Saharan Africa
551,ZMB,Zambia,2012,67,73,-0.3218481,-0.5340099,-0.4830148,-0.3137229,-0.1746069,-0.1345656,Sub-Saharan Africa
551,ZMB,Zambia,2013,68,61,-0.6219962,-0.9067922,-0.8388704,-0.6090684,-0.4211281,-0.3612632,Sub-Saharan Africa
551,ZMB,Zambia,2014,69,71,-0.6402169,-0.9187816,-0.8558399,-0.6382359,-0.4216458,-0.3690714,Sub-Saharan Africa
551,ZMB,Zambia,2015,70,73,-0.5339171,-0.7937639,-0.7354592,-0.5269544,-0.3446304,-0.2952069,Sub-Saharan Africa
551,ZMB,Zambia,2016,71,76,-0.5920547,-0.8835387,-0.823184,-0.5902987,-0.3783291,-0.3205448,Sub-Saharan Africa
551,ZMB,Zambia,2017,72,82,-0.7028248,-1.031658,-0.958075,-0.6900997,-0.4685986,-0.3962019,Sub-Saharan Africa
551,ZMB,Zambia,2018,73,100,-0.7081627,-0.9738597,-0.9048159,-0.7063683,-0.5074991,-0.4519566,Sub-Saharan Africa
551,ZMB,Zambia,2019,74,93,-0.5584193,-0.8140435,-0.7675039,-0.5446065,-0.3764569,-0.3295939,Sub-Saharan Africa
551,ZMB,Zambia,2020,75,83,-0.5521396,-0.8308001,-0.7678484,-0.5504248,-0.3354784,-0.2827524,Sub-Saharan Africa
551,ZMB,Zambia,2021,76,76,-0.2537,-0.4424531,-0.4033136,-0.2488634,-0.1141007,-0.07620438,Sub-Saharan Africa
551,ZMB,Zambia,2022,77,78,-0.3523192,-0.5674969,-0.5194963,-0.3418169,-0.2064474,-0.1632648,Sub-Saharan Africa
551,ZMB,Zambia,2023,78,72,-0.3212705,-0.5073638,-0.4632795,-0.3221054,-0.1738583,-0.1397687,Sub-Saharan Africa
551,ZMB,Zambia,2024,79,74,-0.4099436,-0.6326628,-0.5809276,-0.4035287,-0.2418588,-0.2060757,Sub-Saharan Africa
552,ZWE,Zimbabwe,1991,46,73,-0.9600635,-1.359357,-1.268339,-0.9458576,-0.6673239,-0.5950533,Sub-Saharan Africa
552,ZWE,Zimbabwe,1992,47,74,-1.038634,-1.404302,-1.334385,-1.034614,-0.7528959,-0.6904722,Sub-Saharan Africa
552,ZWE,Zimbabwe,1993,48,64,-1.041929,-1.416935,-1.33555,-1.036083,-0.7668134,-0.6931967,Sub-Saharan Africa
552,ZWE,Zimbabwe,1994,49,68,-1.072809,-1.437585,-1.364002,-1.066157,-0.8064447,-0.7077525,Sub-Saharan Africa
552,ZWE,Zimbabwe,1995,50,64,-0.8174032,-1.137653,-1.060264,-0.8263002,-0.5618649,-0.4844415,Sub-Saharan Africa
552,ZWE,Zimbabwe,1996,51,73,-0.6939628,-1.015497,-0.9465263,-0.6998339,-0.4454345,-0.3720324,Sub-Saharan Africa
552,ZWE,Zimbabwe,1997,52,69,-0.8102406,-1.152949,-1.07674,-0.801551,-0.5538766,-0.5035652,Sub-Saharan Africa
552,ZWE,Zimbabwe,1998,53,60,-1.080805,-1.527662,-1.424556,-1.069458,-0.7506611,-0.6709842,Sub-Saharan Africa
552,ZWE,Zimbabwe,1999,54,64,-0.7287829,-1.052189,-0.9598992,-0.7284707,-0.4918242,-0.4395025,Sub-Saharan Africa
552,ZWE,Zimbabwe,2000,55,62,-0.6745007,-1.053604,-0.9640935,-0.6595446,-0.4164627,-0.3429126,Sub-Saharan Africa
552,ZWE,Zimbabwe,2001,56,35,-0.6416173,-1.174115,-1.035259,-0.6315273,-0.2571017,-0.1745756,Sub-Saharan Africa
552,ZWE,Zimbabwe,2002,57,48,-0.8940292,-1.37424,-1.274541,-0.8806059,-0.5373874,-0.4387853,Sub-Saharan Africa
552,ZWE,Zimbabwe,2003,58,76,-0.829833,-1.198961,-1.098872,-0.8203937,-0.5515075,-0.4924141,Sub-Saharan Africa
552,ZWE,Zimbabwe,2004,59,69,-1.129268,-1.563094,-1.458063,-1.130252,-0.807751,-0.7243671,Sub-Saharan Africa
552,ZWE,Zimbabwe,2005,60,72,-1.009264,-1.37876,-1.289411,-0.9950372,-0.7438951,-0.6841287,Sub-Saharan Africa
552,ZWE,Zimbabwe,2006,61,81,-1.11373,-1.529731,-1.428417,-1.101655,-0.8301918,-0.7595534,Sub-Saharan Africa
552,ZWE,Zimbabwe,2007,62,79,-1.30524,-1.734959,-1.644383,-1.296563,-0.9754123,-0.8920919,Sub-Saharan Africa
552,ZWE,Zimbabwe,2008,63,73,-1.228335,-1.632,-1.527888,-1.226452,-0.9334477,-0.8527096,Sub-Saharan Africa
552,ZWE,Zimbabwe,2009,64,65,-1.171093,-1.513009,-1.441119,-1.166435,-0.9039659,-0.8430928,Sub-Saharan Africa
552,ZWE,Zimbabwe,2010,65,69,-1.239471,-1.624849,-1.537557,-1.235997,-0.951623,-0.8536572,Sub-Saharan Africa
552,ZWE,Zimbabwe,2011,66,64,-1.184549,-1.563403,-1.451427,-1.184036,-0.9197325,-0.8403254,Sub-Saharan Africa
552,ZWE,Zimbabwe,2012,67,69,-1.416518,-1.81457,-1.716482,-1.410375,-1.114339,-1.038434,Sub-Saharan Africa
552,ZWE,Zimbabwe,2013,68,60,-1.677432,-2.095923,-2.009961,-1.678449,-1.359847,-1.276038,Sub-Saharan Africa
552,ZWE,Zimbabwe,2014,69,76,-1.623991,-1.995888,-1.915193,-1.617627,-1.352842,-1.261863,Sub-Saharan Africa
552,ZWE,Zimbabwe,2015,70,78,-1.568442,-1.979461,-1.887517,-1.558837,-1.272192,-1.187737,Sub-Saharan Africa
552,ZWE,Zimbabwe,2016,71,78,-1.646843,-2.028376,-1.946688,-1.652095,-1.345304,-1.25989,Sub-Saharan Africa
552,ZWE,Zimbabwe,2017,72,87,-1.812241,-2.208681,-2.128926,-1.811378,-1.486949,-1.391249,Sub-Saharan Africa
552,ZWE,Zimbabwe,2018,73,107,-1.395945,-1.704096,-1.635396,-1.396971,-1.151301,-1.085594,Sub-Saharan Africa
552,ZWE,Zimbabwe,2019,74,95,-0.492652,-0.6742948,-0.6307347,-0.4945852,-0.354721,-0.3178269,Sub-Saharan Africa
552,ZWE,Zimbabwe,2020,75,94,-0.4992162,-0.6825069,-0.6424878,-0.4983995,-0.3575825,-0.3161739,Sub-Saharan Africa
552,ZWE,Zimbabwe,2021,76,84,-0.8379889,-1.067293,-1.019427,-0.8340176,-0.6553443,-0.6130464,Sub-Saharan Africa
552,ZWE,Zimbabwe,2022,77,78,-1.109304,-1.315657,-1.269264,-1.109537,-0.9451547,-0.9005074,Sub-Saharan Africa
552,ZWE,Zimbabwe,2023,78,85,-0.8529286,-1.050149,-1.002187,-0.8471118,-0.7046741,-0.6635956,Sub-Saharan Africa
552,ZWE,Zimbabwe,2024,79,100,-0.9387908,-1.125395,-1.082508,-0.9398035,-0.7923626,-0.745838,Sub-Saharan Africa
